{
	"format_version": "1.12.0",
	"minecraft:geometry": [
		{
			"description": {
				"identifier": "geometry.unknown",
				"texture_width": 128,
				"texture_height": 128,
				"visible_bounds_width": 4,
				"visible_bounds_height": 3.5,
				"visible_bounds_offset": [0, 1.25, 0]
			},
			"bones": [
				{
					"name": "cresselia",
					"pivot": [0, 0, 0]
				},
				{
					"name": "body",
					"parent": "cresselia",
					"pivot": [0, 20.48076, -4.12672],
					"cubes": [
						{"origin": [-4, 0, -6], "size": [8, 10, 13], "uv": [45, 40]},
						{"origin": [4.1, 2.6, -8], "size": [2, 2, 5], "pivot": [4, 5.5, -4.5], "rotation": [-54.62335, 69.06916, 5.56384], "uv": [27, 69]},
						{"origin": [4.1, 3.1, -8], "size": [2, 1, 2], "inflate": 0.001, "pivot": [4, 5.5, -4.5], "rotation": [-54.62335, 69.06916, 5.56384], "uv": [37, 86]},
						{"origin": [-6.1, 2.6, -8], "size": [2, 2, 5], "pivot": [-4, 5.5, -4.5], "rotation": [-54.62335, -69.06916, -5.56384], "uv": [68, 24]},
						{"origin": [-6.1, 3.1, -8], "size": [2, 1, 2], "inflate": 0.001, "pivot": [-4, 5.5, -4.5], "rotation": [-54.62335, -69.06916, -5.56384], "uv": [37, 86], "mirror": true}
					]
				},
				{
					"name": "locator_seat_1",
					"parent": "body",
					"pivot": [-0.4, 12.1, 1.6],
					"locators": {
						"seat_1": [-0.4, 8.85, 1.6]
					}
				},
				{
					"name": "neck",
					"parent": "body",
					"pivot": [0, 9.66667, -4],
					"cubes": [
						{"origin": [-2.5, 10, -6], "size": [5, 4, 4], "uv": [0, 20]}
					]
				},
				{
					"name": "neck2",
					"parent": "neck",
					"pivot": [0, 14, -4],
					"cubes": [
						{"origin": [-2, 14, -6], "size": [4, 4, 4], "uv": [56, 20]}
					]
				},
				{
					"name": "neck3",
					"parent": "neck2",
					"pivot": [0, 18, -4],
					"cubes": [
						{"origin": [-1.5, 18, -5.5], "size": [3, 8, 3], "uv": [45, 40]}
					]
				},
				{
					"name": "head",
					"parent": "neck3",
					"pivot": [0, 25.95193, -4.24496],
					"cubes": [
						{"origin": [-2, 25, -9], "size": [4, 2, 6], "inflate": 0.001, "uv": [56, 0]},
						{"origin": [-1, 24.6, -12], "size": [2, 1, 3], "inflate": 0.002, "uv": [72, 17]},
						{"origin": [-2, 26.45193, -8.74496], "size": [4, 3, 5], "inflate": 0.002, "pivot": [0, 27.95193, -6.24496], "rotation": [50, 0, 0], "uv": [0, 9]},
						{"origin": [-1, 25.28077, -11.92923], "size": [2, 1, 4], "inflate": 0.001, "pivot": [0, 25.78077, -10.42923], "rotation": [25, 0, 0], "uv": [71, 0]},
						{"origin": [-1, 25.5, -10], "size": [2, 1, 1], "uv": [50, 64]},
						{"origin": [2.3328, 22.49779, -9.04392], "size": [2, 4, 5], "pivot": [3.02489, 24.96169, -6.9487], "rotation": [41.1273, 10.24581, -13.79698], "uv": [0, 65]},
						{"origin": [2.76009, 23.61879, -11.75153], "size": [1, 2, 3], "pivot": [3.02489, 24.96169, -6.9487], "rotation": [29.16037, 14.62409, -11.3236], "uv": [12, 73]},
						{"origin": [2.61605, 20.58395, -6.39225], "size": [3, 5, 4], "pivot": [3.02489, 24.96169, -6.9487], "rotation": [74.56668, -15.08381, -23.7325], "uv": [55, 64]},
						{"origin": [-2.5, 27, -6], "size": [5, 4, 4], "uv": [0, 0]},
						{"origin": [-2, 30.30602, -6.50885], "size": [4, 4, 4], "pivot": [0, 32.30602, -4.50885], "rotation": [17.5, 0, 0], "uv": [56, 9]},
						{"origin": [-1.5, 33.48843, -7.31038], "size": [3, 3, 3], "pivot": [-0.5, 35.48843, -5.61038], "rotation": [37.5, 0, 0], "uv": [71, 32]},
						{"origin": [-0.5, 36.48843, -6.81038], "size": [1, 3, 2], "pivot": [0.5, 35.48843, -5.61038], "rotation": [37.5, 0, 0], "uv": [42, 74]},
						{"origin": [-3.76009, 23.61879, -11.75153], "size": [1, 2, 3], "pivot": [-3.02489, 24.96169, -6.9487], "rotation": [29.16037, -14.62409, 11.3236], "uv": [73, 9]},
						{"origin": [-4.3328, 22.49779, -9.04392], "size": [2, 4, 5], "pivot": [-3.02489, 24.96169, -6.9487], "rotation": [41.1273, -10.24581, 13.79698], "uv": [40, 64]},
						{"origin": [-5.61605, 20.58395, -6.39225], "size": [3, 5, 4], "pivot": [-3.02489, 24.96169, -6.9487], "rotation": [74.56668, 15.08381, 23.7325], "uv": [56, 29]},
						{"origin": [-1.5, 27.45218, -7.24215], "size": [3, 3, 4], "pivot": [-0.5, 27.95218, -6.24215], "rotation": [50, 0, 0], "uv": [70, 64]},
						{"origin": [-2, 28.35193, -7.74496], "size": [0, 1, 2], "inflate": 0.003, "pivot": [0, 27.95193, -6.24496], "rotation": [50, 0, 0], "uv": [14, 9]},
						{"origin": [2, 28.45193, -7.54496], "size": [0, 1, 1], "inflate": 0.004, "pivot": [0, 27.95193, -6.24496], "rotation": [50, 0, 0], "uv": [15, 0]},
						{"origin": [-2, 28.45193, -7.54496], "size": [0, 1, 1], "inflate": 0.004, "pivot": [0, 27.95193, -6.24496], "rotation": [50, 0, 0], "uv": [0, 0]},
						{"origin": [2, 28.35193, -7.74496], "size": [0, 1, 2], "inflate": 0.003, "pivot": [0, 27.95193, -6.24496], "rotation": [50, 0, 0], "uv": [0, 9]}
					]
				},
				{
					"name": "tail",
					"parent": "body",
					"pivot": [0, 8, 6.33333],
					"cubes": [
						{"origin": [-2, 6, 7], "size": [4, 4, 3], "uv": [67, 72]}
					]
				},
				{
					"name": "tail2",
					"parent": "tail",
					"pivot": [0, 8, 10.25],
					"cubes": [
						{"origin": [-2, 6.5, 10], "size": [4, 3, 4], "uv": [15, 65]}
					]
				},
				{
					"name": "tail3",
					"parent": "tail2",
					"pivot": [0, 8, 13.9],
					"cubes": [
						{"origin": [-2, 7, 14], "size": [4, 2, 5], "uv": [0, 29]}
					]
				},
				{
					"name": "wingLeft",
					"parent": "body",
					"pivot": [2.35355, 8.26277, -3.10331],
					"cubes": [
						{"origin": [2, 7.9, -13.1], "size": [18, 0, 19], "pivot": [10, 7.9, -4.1], "rotation": [27.23631, -41.64114, -18.88172], "uv": [0, 20]}
					]
				},
				{
					"name": "wingRight",
					"parent": "body",
					"pivot": [-2.35355, 8.26277, -3.10331],
					"cubes": [
						{"origin": [-20, 7.9, -13.1], "size": [18, 0, 19], "pivot": [-10, 7.9, -4.1], "rotation": [27.23631, 41.64114, 18.88172], "uv": [0, 20], "mirror": true}
					]
				},
				{
					"name": "backcrescent",
					"parent": "body",
					"pivot": [0, 9.64849, 1.18354],
					"cubes": [
						{"origin": [-11, 9.6, 1.4], "size": [22, 24, 0], "pivot": [0, 9.1, 1.4], "rotation": [-22.5, 0, 0], "uv": [0, 40]}
					]
				}
			]
		}
	]
}