{
	"format_version": "1.12.0",
	"minecraft:geometry": [
		{
			"description": {
				"identifier": "geometry.unknown",
				"texture_width": 128,
				"texture_height": 128,
				"visible_bounds_width": 8,
				"visible_bounds_height": 3.5,
				"visible_bounds_offset": [0, 1.25, 0]
			},
			"bones": [
				{
					"name": "raikou",
					"pivot": [0, 0, 0]
				},
				{
					"name": "body",
					"parent": "raikou",
					"pivot": [0, 20, 0]
				},
				{
					"name": "body2",
					"parent": "body",
					"pivot": [0, 20, 0]
				},
				{
					"name": "left_leg",
					"parent": "body2",
					"pivot": [5.5, 18.9, -9],
					"cubes": [
						{"origin": [2.5, 9.5, -10], "size": [5, 11, 5], "pivot": [7.5, 8.75, -7.5], "rotation": [10, 0, 0], "uv": [43, 80]}
					]
				},
				{
					"name": "left_knee",
					"parent": "left_leg",
					"pivot": [5, 10.15, -5.25],
					"cubes": [
						{"origin": [3, 2, -11.25], "size": [4, 9, 4], "pivot": [6.86698, 4.04947, -9], "rotation": [-17.5, 0, 0], "uv": [45, 97]}
					]
				},
				{
					"name": "left_foot",
					"parent": "left_knee",
					"pivot": [5, 3, -8.25],
					"cubes": [
						{"origin": [2, 0, -12.25], "size": [6, 3, 5], "inflate": 0.01, "uv": [42, 111]},
						{"origin": [3, 0, -14.25], "size": [4, 2, 4], "pivot": [4.86698, 3.04947, -12.25], "rotation": [0, -45, 0], "uv": [45, 120], "mirror": true}
					]
				},
				{
					"name": "right_leg",
					"parent": "body2",
					"pivot": [-5.5, 18.9, -9],
					"cubes": [
						{"origin": [-7.5, 9.5, -10], "size": [5, 11, 5], "pivot": [-7.5, 8.75, -7.5], "rotation": [10, 0, 0], "uv": [43, 80], "mirror": true}
					]
				},
				{
					"name": "right_knee",
					"parent": "right_leg",
					"pivot": [-5, 10.15, -5.25],
					"cubes": [
						{"origin": [-7, 2, -11.25], "size": [4, 9, 4], "pivot": [-6.86698, 4.04947, -9], "rotation": [-17.5, 0, 0], "uv": [45, 97], "mirror": true}
					]
				},
				{
					"name": "right_foot",
					"parent": "right_knee",
					"pivot": [-5, 3, -8.25],
					"cubes": [
						{"origin": [-8, 0, -12.25], "size": [6, 3, 5], "inflate": 0.01, "uv": [42, 111], "mirror": true},
						{"origin": [-7, 0, -14.25], "size": [4, 2, 4], "pivot": [-4.86698, 3.04947, -12.25], "rotation": [0, 45, 0], "uv": [45, 120]}
					]
				},
				{
					"name": "back_left_leg",
					"parent": "body2",
					"pivot": [5, 20.25, 7.75],
					"cubes": [
						{"origin": [3, 11, 5], "size": [5, 10, 6], "pivot": [7.5, 15.5, 6.5], "rotation": [7.5, 0, 0], "uv": [65, 79]}
					]
				},
				{
					"name": "back_left_knee",
					"parent": "back_left_leg",
					"pivot": [5.5, 11, 6],
					"cubes": [
						{"origin": [3.5, 6.5, 6], "size": [4, 5, 5], "inflate": 0.02, "pivot": [7.5, 11, 7], "rotation": [27.5, 0, 0], "uv": [67, 96]}
					]
				},
				{
					"name": "back_left_hock",
					"parent": "back_left_knee",
					"pivot": [5.25, 8.75, 12.4],
					"cubes": [
						{"origin": [3.5, 1, 8.35], "size": [4, 8, 4], "pivot": [7.5, 8, 12.35], "rotation": [-5, 0, 0], "uv": [68, 107]}
					]
				},
				{
					"name": "back_left_foot",
					"parent": "back_left_hock",
					"pivot": [5, 3, 11],
					"cubes": [
						{"origin": [3.5, 0, 5.25], "size": [4, 2, 4], "pivot": [5.5, 3, 7.25], "rotation": [0, -45, 0], "uv": [45, 120], "mirror": true},
						{"origin": [2.5, 0, 7.25], "size": [6, 3, 5], "inflate": 0.01, "uv": [65, 120]}
					]
				},
				{
					"name": "back_right_leg",
					"parent": "body2",
					"pivot": [-5, 20.25, 7.75],
					"cubes": [
						{"origin": [-8, 11, 5], "size": [5, 10, 6], "pivot": [-7.5, 15.5, 6.5], "rotation": [7.5, 0, 0], "uv": [65, 79], "mirror": true}
					]
				},
				{
					"name": "back_right_knee",
					"parent": "back_right_leg",
					"pivot": [-5.5, 11, 6],
					"cubes": [
						{"origin": [-7.5, 6.5, 6], "size": [4, 5, 5], "inflate": 0.02, "pivot": [-7.5, 11, 7], "rotation": [27.5, 0, 0], "uv": [67, 96], "mirror": true}
					]
				},
				{
					"name": "back_right_hock",
					"parent": "back_right_knee",
					"pivot": [-5.25, 8.75, 12.4],
					"cubes": [
						{"origin": [-7.5, 1, 8.35], "size": [4, 8, 4], "pivot": [-7.5, 8, 12.35], "rotation": [-5, 0, 0], "uv": [68, 107], "mirror": true}
					]
				},
				{
					"name": "back_right_foot",
					"parent": "back_right_hock",
					"pivot": [-5, 3, 11],
					"cubes": [
						{"origin": [-7.5, 0, 5.25], "size": [4, 2, 4], "pivot": [-5.5, 3, 7.25], "rotation": [0, 45, 0], "uv": [45, 120]},
						{"origin": [-8.5, 0, 7.25], "size": [6, 3, 5], "inflate": 0.01, "uv": [65, 120], "mirror": true}
					]
				},
				{
					"name": "torso",
					"parent": "body2",
					"pivot": [0, 20, -8]
				},
				{
					"name": "waist",
					"parent": "torso",
					"pivot": [0, 13.05, -3.4],
					"cubes": [
						{"origin": [-4.5, 12.91836, -3.33169], "size": [9, 8, 7], "pivot": [4.36698, 12.91836, -3.33169], "rotation": [10, 0, 0], "uv": [5, 94]}
					]
				},
				{
					"name": "locator_seat_1",
					"parent": "waist",
					"pivot": [0, 21.5, -0.9],
					"locators": {
						"seat_1": [0, 21.5, -0.9]
					}
				},
				{
					"name": "hip",
					"parent": "waist",
					"pivot": [0, 13.9, 1.8],
					"cubes": [
						{"origin": [-5.5, 13, 2], "size": [11, 9, 9], "pivot": [4.86698, 12.84109, 2.99051], "rotation": [12.5, 0, 0], "uv": [1, 110]},
						{"origin": [-0.03302, 17.84109, 7.04051], "size": [4, 6, 3], "inflate": 0.01, "pivot": [-0.03302, 17.84109, 10.04051], "rotation": [-16.47027, 24.09293, 3.1183], "uv": [32, 74]},
						{"origin": [-4.23302, 17.84109, 7.04051], "size": [4, 6, 3], "inflate": 0.01, "pivot": [-0.23302, 17.84109, 10.04051], "rotation": [-16.47027, -24.09293, -3.1183], "uv": [32, 74], "mirror": true}
					]
				},
				{
					"name": "left_tuff",
					"parent": "hip",
					"pivot": [6.4, 13.09109, 3.24051],
					"cubes": [
						{"origin": [5.4, 9.79109, 2.24051], "size": [0, 4, 7], "pivot": [6.4, 11.09109, 3.24051], "rotation": [5, 0, 0], "uv": [0, 54]}
					]
				},
				{
					"name": "right_tuff",
					"parent": "hip",
					"pivot": [-6.4, 13.09109, 3.24051],
					"cubes": [
						{"origin": [-5.4, 9.79109, 2.24051], "size": [0, 4, 7], "pivot": [-6.4, 11.09109, 3.24051], "rotation": [5, 0, 0], "uv": [0, 54], "mirror": true}
					]
				},
				{
					"name": "tail_base",
					"parent": "hip",
					"pivot": [0, 22, 10],
					"cubes": [
						{"origin": [0, 21.04947, 9], "size": [0, 2, 4], "uv": [61, 57]}
					]
				},
				{
					"name": "tail_1",
					"parent": "tail_base",
					"pivot": [-0.13302, 23.04947, 13],
					"cubes": [
						{"origin": [0, 21.04947, 13], "size": [0, 2, 9], "inflate": 0.01, "uv": [56, 55]}
					]
				},
				{
					"name": "tail_2",
					"parent": "tail_1",
					"pivot": [-0.13302, 21.04947, 22],
					"cubes": [
						{"origin": [0, 19.04947, 22], "size": [0, 2, 16], "uv": [49, 51]}
					]
				},
				{
					"name": "tail_end",
					"parent": "tail_2",
					"pivot": [-0.13302, 19.04947, 38],
					"cubes": [
						{"origin": [0, 14.04947, 38], "size": [0, 8, 17], "inflate": 0.01, "uv": [48, 53]}
					]
				},
				{
					"name": "chest",
					"parent": "torso",
					"pivot": [0, 12.94947, -3.4],
					"cubes": [
						{"origin": [-5, 14.75, -14], "size": [10, 9, 11], "pivot": [4.46698, 14.79947, -8.5], "rotation": [-20, 0, 0], "uv": [0, 73]}
					]
				},
				{
					"name": "neck",
					"parent": "chest",
					"pivot": [0, 23.3657, -8.13984],
					"cubes": [
						{"origin": [-3, 19.9, -19.3], "size": [6, 6, 7], "pivot": [3, 19.9, -13.1], "rotation": [-47.5, 0, 0], "uv": [8, 59]}
					]
				},
				{
					"name": "head",
					"parent": "neck",
					"pivot": [0, 25, -14.5]
				},
				{
					"name": "fur",
					"parent": "head",
					"pivot": [0, 30.04947, -11.25]
				},
				{
					"name": "middle_fur",
					"parent": "fur",
					"pivot": [0, 30.04947, -11.75],
					"cubes": [
						{"origin": [-1.5, 27.04947, -12.25], "size": [3, 3, 7], "uv": [63, 48]}
					]
				},
				{
					"name": "middle_fur1",
					"parent": "middle_fur",
					"pivot": [0, 30.04947, -6.25],
					"cubes": [
						{"origin": [-2, 26.79947, -6.25], "size": [4, 5, 11], "uv": [58, 31]}
					]
				},
				{
					"name": "middle_fur2",
					"parent": "middle_fur1",
					"pivot": [0, 26.79947, 4.75],
					"rotation": [37.5, 0, 0],
					"cubes": [
						{"origin": [-1.5, 26.79947, 4.75], "size": [3, 5, 7], "uv": [63, 18]}
					]
				},
				{
					"name": "middle_fur_end",
					"parent": "middle_fur2",
					"pivot": [0, 26.7108, 11.80347],
					"rotation": [40, 0, 0],
					"cubes": [
						{"origin": [-3.5, 26.7108, 11.80347], "size": [7, 7, 6], "uv": [60, 4]}
					]
				},
				{
					"name": "left_fur",
					"parent": "fur",
					"pivot": [1.61698, 29.54947, -11.75],
					"cubes": [
						{"origin": [0.61698, 27.54947, -12.25], "size": [2, 2, 9], "uv": [31, 47]}
					]
				},
				{
					"name": "left_fur1",
					"parent": "left_fur",
					"pivot": [1.61698, 29.04947, -4.25],
					"cubes": [
						{"origin": [0.11698, 27.29947, -4.25], "size": [3, 4, 12], "uv": [27, 30]}
					]
				},
				{
					"name": "left_fur2",
					"parent": "left_fur1",
					"pivot": [1.61698, 27.29947, 7.75],
					"cubes": [
						{"origin": [0.61698, 27.29947, 7.75], "size": [2, 3, 4], "pivot": [1.61698, 27.29947, 7.75], "rotation": [37.5, 0, 0], "uv": [36, 22]}
					]
				},
				{
					"name": "left_fur_end",
					"parent": "left_fur2",
					"pivot": [1.61698, 29.73451, 10.92341],
					"cubes": [
						{"origin": [0.11698, 29.73451, 10.92341], "size": [3, 4, 4], "inflate": 0.01, "pivot": [1.61698, 29.73451, 10.92341], "rotation": [45, 0, 0], "uv": [35, 13]}
					]
				},
				{
					"name": "outer_left_fur",
					"parent": "fur",
					"pivot": [2.61698, 27.99947, -12.5],
					"cubes": [
						{"origin": [0.61698, 26.04947, -12.5], "size": [3, 2, 10], "uv": [0, 46]}
					]
				},
				{
					"name": "outer_left_fur1",
					"parent": "outer_left_fur",
					"pivot": [2.61698, 27.79947, -3.5],
					"cubes": [
						{"origin": [1.11698, 25.79947, -3.5], "size": [3, 3, 10], "uv": [0, 32]}
					]
				},
				{
					"name": "outer_left_fur2",
					"parent": "outer_left_fur1",
					"pivot": [2.61698, 25.79947, 6.5],
					"cubes": [
						{"origin": [1.61698, 25.79947, 6.5], "size": [2, 3, 3], "pivot": [2.61698, 25.79947, 6.5], "rotation": [37.5, 0, 0], "uv": [8, 25]}
					]
				},
				{
					"name": "outer_left_fur_end",
					"parent": "outer_left_fur2",
					"pivot": [2.61698, 27.62575, 8.88006],
					"cubes": [
						{"origin": [1.11698, 27.62575, 8.88006], "size": [3, 4, 4], "inflate": 0.01, "pivot": [2.61698, 27.62575, 8.88006], "rotation": [80, 0, 0], "uv": [6, 16]}
					]
				},
				{
					"name": "right_fur",
					"parent": "fur",
					"pivot": [-1.61698, 29.54947, -12],
					"cubes": [
						{"origin": [-2.61698, 27.54947, -12.5], "size": [2, 2, 9], "uv": [31, 47], "mirror": true}
					]
				},
				{
					"name": "right_fur1",
					"parent": "right_fur",
					"pivot": [-1.61698, 29.04947, -4.5],
					"cubes": [
						{"origin": [-3.11698, 27.29947, -4.5], "size": [3, 4, 12], "uv": [27, 30], "mirror": true}
					]
				},
				{
					"name": "right_fur2",
					"parent": "right_fur1",
					"pivot": [-1.61698, 27.29947, 7.5],
					"cubes": [
						{"origin": [-2.61698, 27.29947, 7.5], "size": [2, 3, 4], "pivot": [-1.61698, 27.29947, 7.5], "rotation": [37.5, 0, 0], "uv": [36, 22], "mirror": true}
					]
				},
				{
					"name": "right_fur_end",
					"parent": "right_fur2",
					"pivot": [-1.61698, 29.73451, 10.67341],
					"cubes": [
						{"origin": [-3.11698, 29.73451, 10.67341], "size": [3, 4, 4], "inflate": 0.01, "pivot": [-1.61698, 29.73451, 10.67341], "rotation": [45, 0, 0], "uv": [35, 13], "mirror": true}
					]
				},
				{
					"name": "outer_right_fur",
					"parent": "fur",
					"pivot": [-2.61698, 27.99947, -12.5],
					"cubes": [
						{"origin": [-3.61698, 26.04947, -12.5], "size": [3, 2, 10], "uv": [0, 46], "mirror": true}
					]
				},
				{
					"name": "outer_right_fur1",
					"parent": "outer_right_fur",
					"pivot": [-2.61698, 27.79947, -3.5],
					"cubes": [
						{"origin": [-4.11698, 25.79947, -3.5], "size": [3, 3, 10], "uv": [0, 32], "mirror": true}
					]
				},
				{
					"name": "outer_right_fur2",
					"parent": "outer_right_fur1",
					"pivot": [-2.61698, 25.79947, 6.5],
					"cubes": [
						{"origin": [-3.61698, 25.79947, 6.5], "size": [2, 3, 3], "pivot": [-2.61698, 25.79947, 6.5], "rotation": [37.5, 0, 0], "uv": [8, 25], "mirror": true}
					]
				},
				{
					"name": "outer_right_fur_end",
					"parent": "outer_right_fur2",
					"pivot": [-2.61698, 27.62575, 8.88006],
					"cubes": [
						{"origin": [-4.11698, 27.62575, 8.88006], "size": [3, 4, 4], "inflate": 0.01, "pivot": [-2.61698, 27.62575, 8.88006], "rotation": [80, 0, 0], "uv": [6, 16], "mirror": true}
					]
				},
				{
					"name": "face",
					"parent": "head",
					"pivot": [0, 25, -14.5],
					"cubes": [
						{"origin": [-0.38302, 26.54947, -20], "size": [6, 3, 6], "pivot": [-0.13302, 26.04947, -17], "rotation": [52.06028, -30.56744, -0.29413], "uv": [90, 107]},
						{"origin": [-5.61698, 26.54947, -20], "size": [6, 3, 6], "pivot": [0.13302, 26.04947, -17], "rotation": [52.06028, 30.56744, 0.29413], "uv": [90, 107], "mirror": true},
						{"origin": [-3, 25.1, -20.5], "size": [6, 5, 6], "pivot": [0, 0.14947, -17.5], "rotation": [0, -45, 0], "uv": [90, 95]},
						{"origin": [-0.13302, 25.04947, -21.85], "size": [5, 2, 0], "pivot": [-0.13302, 25.04947, -21.75], "rotation": [-7.5, -17.5, 17.5], "uv": [116, 105]},
						{"origin": [-4.86698, 25.04947, -21.85], "size": [5, 2, 0], "pivot": [0.13302, 25.04947, -21.75], "rotation": [-7.5, 17.5, -17.5], "uv": [116, 105], "mirror": true},
						{"origin": [4.8842, 28.74163, -17.47237], "size": [4, 2, 3], "pivot": [4.91698, 28.69947, -17.45], "rotation": [33.4743, -32.81106, -43.22967], "uv": [95, 69]},
						{"origin": [-8.8842, 28.74163, -17.47237], "size": [4, 2, 3], "pivot": [-4.91698, 28.69947, -17.45], "rotation": [33.4743, 32.81106, 43.22967], "uv": [95, 69], "mirror": true},
						{"origin": [-4, 30.79947, -19.8552], "size": [2, 1, 2], "pivot": [0, 27.79947, -15.85], "rotation": [10.54684, -44.5119, -7.43656], "uv": [98, 65]},
						{"origin": [-1.51089, 30.80303, -17.07786], "size": [2, 1, 2], "pivot": [0.1, 31.29947, -15.6], "rotation": [3.53329, -44.94549, -2.49762], "uv": [98, 65]},
						{"origin": [-4, 24.54947, -17.0552], "size": [8, 5, 6], "inflate": 0.01, "pivot": [3, 28.79947, -14.65], "rotation": [12.5, 0, 0], "uv": [88, 117]},
						{"origin": [1.36698, 19.29947, -20], "size": [1, 6, 1], "pivot": [1.86698, 22.29947, -19.5], "rotation": [0, -45, 0], "uv": [120, 114]},
						{"origin": [-2.36698, 19.29947, -20], "size": [1, 6, 1], "pivot": [-1.86698, 22.29947, -19.5], "rotation": [0, 45, 0], "uv": [120, 114], "mirror": true},
						{"origin": [-6.1, 28.29947, -19.6552], "size": [7, 3, 7], "inflate": 0.01, "pivot": [0.2, 28.29947, -13.65], "rotation": [10.54684, -44.5119, -7.43656], "uv": [88, 75]}
					]
				},
				{
					"name": "right_eye",
					"parent": "face",
					"pivot": [-1.8, 28.8, -20.05],
					"cubes": [
						{"origin": [-0.11698, 28.29947, -20.67], "size": [1, 1, 0], "pivot": [0.13302, 0.04947, -17.65], "rotation": [0, 45, 0], "uv": [112, 118], "mirror": true},
						{"origin": [-0.61698, 27.79947, -20.66], "size": [2, 2, 0], "pivot": [0.13302, 0.04947, -17.65], "rotation": [0, 45, 0], "uv": [111, 120], "mirror": true}
					]
				},
				{
					"name": "left_eye",
					"parent": "face",
					"pivot": [1.8, 28.75, -20.05],
					"cubes": [
						{"origin": [-0.88302, 28.29947, -20.67], "size": [1, 1, 0], "pivot": [-0.13302, 0.04947, -17.65], "rotation": [0, -45, 0], "uv": [112, 118]},
						{"origin": [-1.38302, 27.79947, -20.66], "size": [2, 2, 0], "pivot": [-0.13302, 0.04947, -17.65], "rotation": [0, -45, 0], "uv": [111, 120]}
					]
				},
				{
					"name": "jaw",
					"parent": "face",
					"pivot": [0, 24.6, -15.75],
					"cubes": [
						{"origin": [-2.25, 23.54947, -19.25], "size": [6, 2, 6], "pivot": [0.61698, 1.04947, -17.25], "rotation": [0, -45, 0], "uv": [90, 86]},
						{"origin": [-0.00251, 24.84947, -18.51673], "size": [1, 1, 0], "pivot": [0.96446, 24.84947, -18.51673], "rotation": [-35.26439, -30, 54.73561], "uv": [121, 112]},
						{"origin": [-0.99749, 24.84947, -18.51673], "size": [1, 1, 0], "pivot": [-0.96446, 24.84947, -18.51673], "rotation": [-35.26439, 30, -54.73561], "uv": [121, 112], "mirror": true}
					]
				},
				{
					"name": "right_eyelid",
					"parent": "face",
					"pivot": [-1, 29, -19.5],
					"cubes": [
						{"origin": [-1, 28.1, -20.52], "size": [4, 2, 1], "inflate": 0.01, "pivot": [1, 0.14947, -17.5], "rotation": [0, 45, 0], "uv": [116, 101], "mirror": true}
					]
				},
				{
					"name": "left_eyelid",
					"parent": "face",
					"pivot": [1, 29, -19.5],
					"cubes": [
						{"origin": [-3, 28.1, -20.52], "size": [4, 2, 1], "inflate": 0.01, "pivot": [-1, 0.14947, -17.5], "rotation": [0, -45, 0], "uv": [116, 101]}
					]
				},
				{
					"name": "left_whiskers",
					"parent": "face",
					"pivot": [0.36698, 26.79947, -21.65],
					"cubes": [
						{"origin": [-0.23302, 25.29947, -21.95], "size": [7, 3, 0], "pivot": [-0.13302, 28.29947, -21.65], "rotation": [0.29593, -16.49987, -10.27394], "uv": [114, 108]}
					]
				},
				{
					"name": "right_whiskers",
					"parent": "face",
					"pivot": [-0.36698, 26.79947, -21.65],
					"cubes": [
						{"origin": [-6.76698, 25.29947, -21.95], "size": [7, 3, 0], "pivot": [0.13302, 28.29947, -21.65], "rotation": [0.29593, 16.49987, 10.27394], "uv": [114, 108], "mirror": true}
					]
				},
				{
					"name": "left_ear",
					"parent": "face",
					"pivot": [-0.03302, 30.29947, -12.85],
					"cubes": [
						{"origin": [-0.03823, 30.10412, -12.91863], "size": [2, 3, 3], "pivot": [-0.03302, 30.29947, -12.85], "rotation": [3.67283, 18.74724, 7.09597], "uv": [117, 122]}
					]
				},
				{
					"name": "right_ear",
					"parent": "face",
					"pivot": [0.03302, 30.29947, -12.85],
					"cubes": [
						{"origin": [-1.96177, 30.10412, -12.91863], "size": [2, 3, 3], "pivot": [0.03302, 30.29947, -12.85], "rotation": [3.67283, -18.74724, -7.09597], "uv": [117, 122], "mirror": true}
					]
				}
			]
		}
	]
}