{
  "type": "minecraft:crafting_shaped",
  "pattern": [
    "  X",
    "ZY ",
    "ZZ "
  ],
  "key": {
    "X": { "item": "minecraft:bundle" },
    "Y": { "item": "cobblemon:iron_ball" },
    "Z": { "item": "minecraft:iron_nugget" }
  },
  "result": {
    "id": "lumymon:secret_medicine",
    "count": 1,
    "components": {
      "lumymon:structure_name": "cobbleverse:jasmine",
      "lumymon:dimension_id": "any",
      "lumymon:map_decoration": "lumymon:steel_gym"
    }
  }
}