{
  "type": "minecraft:crafting_shaped",
  "pattern": [
    " X ",
    "Z Z",
    " Y "
  ],
  "key": {
    "X": { "item": "minecraft:netherite_ingot" },
    "Y": { "item": "cobblemon:dragon_scale" },
    "Z": { "item": "minecraft:chain" }
  },
  "result": {
    "id": "lumymon:pearl_choker",
    "count": 1,
    "components": {
      "lumymon:structure_name": "cobbleverse:sandra",
      "lumymon:dimension_id": "minecraft:the_nether",
      "lumymon:map_decoration": "lumymon:red_x"
    }
  }
}