{
  "type": "minecraft:crafting_shaped",
  "pattern": [
    " XZ",
    "XYX",
    "ZX "
  ],
  "key": {
    "X": { "item": "minecraft:black_wool" },
    "Y": { "item": "cobblemon:power_bracer" },
    "Z": { "item": "minecraft:feather" }
  },
  "result": {
    "id": "lumymon:raptor_bracer",
    "count": 1,
    "components": {
      "lumymon:structure_name": "cobbleverse:valerio",
      "lumymon:dimension_id": "any",
      "lumymon:map_decoration": "lumymon:flying_gym"
    }
  }
}