{
  "type": "minecraft:crafting_shaped",
  "pattern": [
    "XX ",
    "XY ",
    "  Z"
  ],
  "key": {
    "X": { "item": "minecraft:stripped_spruce_wood" },
    "Y": { "item": "cobblemon:ice_stone_block" },
    "Z": { "item": "minecraft:blue_ice" }
  },
  "result": {
    "id": "lumymon:winter_staff",
    "count": 1,
    "components": {
      "lumymon:structure_name": "cobbleverse:alfredo",
      "lumymon:dimension_id": "any",
      "lumymon:map_decoration": "lumymon:ice_gym"
    }
  }
}