{
	"format_version": "1.12.0",
	"minecraft:geometry": [
		{
			"description": {
				"identifier": "geometry.typhlosion",
				"texture_width": 128,
				"texture_height": 128,
				"visible_bounds_width": 5,
				"visible_bounds_height": 4.5,
				"visible_bounds_offset": [0, 1.75, 0]
			},
			"bones": [
				{
					"name": "typhlosion",
					"pivot": [0, 0, 0]
				},
				{
					"name": "body",
					"parent": "typhlosion",
					"pivot": [0, 24, 0]
				},
				{
					"name": "torso",
					"parent": "body",
					"pivot": [0, 10.75, 9.5],
					"cubes": [
						{"origin": [-9.5, 2.5, -2.5], "size": [19, 15, 16], "inflate": 0.01, "uv": [52, 0]}
					]
				},
				{
					"name": "torso_ruff",
					"parent": "torso",
					"pivot": [0, 17.5, 10],
					"rotation": [20, 0, 0],
					"cubes": [
						{"origin": [-9.5, 17.5, 10], "size": [19, 0, 6], "uv": [42, 32]},
						{"origin": [-9.5, 13.5, 10], "size": [0, 4, 6], "pivot": [-9.5, 17.5, 13], "rotation": [0, 0, 22.5], "uv": [0, 36]},
						{"origin": [9.5, 13.5, 10], "size": [0, 4, 6], "pivot": [9.5, 17.5, 13], "rotation": [0, 0, -22.5], "uv": [49, 32]}
					]
				},
				{
					"name": "torso2",
					"parent": "torso",
					"pivot": [0, 17, -2.5],
					"cubes": [
						{"origin": [-8.5, 3, -15.5], "size": [17, 14, 13], "uv": [1, 33]}
					]
				},
				{
					"name": "torso3",
					"parent": "torso2",
					"pivot": [0, 16.5, -15.5],
					"cubes": [
						{"origin": [-7, 3.5, -25.5], "size": [14, 13, 10], "uv": [52, 50]}
					]
				},
				{
					"name": "locator_middle",
					"parent": "torso3",
					"pivot": [0, 16, -24],
					"locators": {
						"middle": [0, 16, -24]
					}
				},
				{
					"name": "neck",
					"parent": "torso3",
					"pivot": [0.5, 16.5, -25.5],
					"cubes": [
						{"origin": [-6, 5.5, -34.5], "size": [12, 11, 9], "inflate": 0.01, "uv": [0, 60]}
					]
				},
				{
					"name": "locator_seat_1",
					"parent": "neck",
					"pivot": [0, 15, -29],
					"locators": {
						"seat_1": [0, 15, -29]
					}
				},
				{
					"name": "head",
					"parent": "neck",
					"pivot": [0.5, 16.5, -33.5],
					"cubes": [
						{"origin": [-5, 6.5, -39.5], "size": [10, 10, 5], "inflate": 0.03, "uv": [4, 16]}
					]
				},
				{
					"name": "locator_mouth",
					"parent": "head",
					"pivot": [0, 7, -39.5],
					"locators": {
						"mouth": [0, 7, -39.5],
						"special": [0, 7, -39.5]
					}
				},
				{
					"name": "head2",
					"parent": "head",
					"pivot": [0, 16.5, -39.5],
					"rotation": [12.5, 0, 0],
					"cubes": [
						{"origin": [-5, 7.5, -45.5], "size": [10, 9, 6], "uv": [16, 0]}
					]
				},
				{
					"name": "eyes",
					"parent": "head2",
					"pivot": [0.5, 11.25, -42.5]
				},
				{
					"name": "eye_right",
					"parent": "eyes",
					"pivot": [-5, 11.25, -42.85],
					"rotation": [10, 0, 0],
					"cubes": [
						{"origin": [-5, 10.25, -45.35], "size": [0, 2, 5], "inflate": 0.01, "uv": [48, 7], "mirror": true}
					]
				},
				{
					"name": "eyelid_right",
					"parent": "eye_right",
					"pivot": [-4.4, 11.25, -42.85],
					"cubes": [
						{"origin": [-4.9, 10.25, -45.35], "size": [1, 2, 5], "inflate": 0.02, "uv": [36, 22], "mirror": true}
					]
				},
				{
					"name": "eye_left",
					"parent": "eyes",
					"pivot": [5, 11.25, -42.85],
					"rotation": [10, 0, 0],
					"cubes": [
						{"origin": [5, 10.25, -45.35], "size": [0, 2, 5], "inflate": 0.01, "uv": [48, 5]}
					]
				},
				{
					"name": "eyelid_left",
					"parent": "eye_left",
					"pivot": [4.4, 11.25, -42.85],
					"cubes": [
						{"origin": [3.9, 10.25, -45.35], "size": [1, 2, 5], "inflate": 0.02, "uv": [36, 15]}
					]
				},
				{
					"name": "head3",
					"parent": "head2",
					"pivot": [0, 16.5, -45.5],
					"rotation": [10, 0, 0],
					"cubes": [
						{"origin": [-4, 7.5, -49.5], "size": [8, 6, 4], "uv": [0, 80]},
						{"origin": [1, 7, -48.65], "size": [1, 1, 0], "pivot": [1.5, 7.5, -48.65], "rotation": [-18.2489, -17.38772, 47.81374], "uv": [10, 7]},
						{"origin": [-2, 7, -48.65], "size": [1, 1, 0], "pivot": [-1.5, 7.5, -48.65], "rotation": [-18.2489, 17.38772, -47.81374], "uv": [9, 6]}
					]
				},
				{
					"name": "jaw",
					"parent": "head",
					"pivot": [0, 7.25, -39.5],
					"rotation": [15, 0, 0],
					"cubes": [
						{"origin": [-4, 6.5, -42.5], "size": [8, 1, 3], "uv": [77, 38]}
					]
				},
				{
					"name": "jaw2",
					"parent": "jaw",
					"pivot": [0, 7.5, -42.5],
					"rotation": [2.5, 0, 0],
					"cubes": [
						{"origin": [-3, 6.5, -45.5], "size": [6, 1, 3], "uv": [40, 81]},
						{"origin": [-1.85, 7, -44.6], "size": [1, 1, 0], "pivot": [-1.35, 7.5, -44.6], "rotation": [-24.25045, 22.32924, -49.856], "uv": [0, 3]},
						{"origin": [0.85, 7, -44.6], "size": [1, 1, 0], "pivot": [1.35, 7.5, -44.6], "rotation": [-24.25045, -22.32924, 49.856], "uv": [2, 3]}
					]
				},
				{
					"name": "ear_right",
					"parent": "head",
					"pivot": [-4.75, 16.5, -38],
					"rotation": [40, -7.5, -25],
					"cubes": [
						{"origin": [-4.75, 12.5, -38], "size": [0, 4, 8], "uv": [0, 0]}
					]
				},
				{
					"name": "ear_left",
					"parent": "head",
					"pivot": [4.75, 16.5, -38],
					"rotation": [40, 7.5, 25],
					"cubes": [
						{"origin": [4.75, 12.5, -38], "size": [0, 4, 8], "uv": [0, 4]}
					]
				},
				{
					"name": "fire",
					"parent": "torso3",
					"pivot": [0, 13.5, -21.75],
					"rotation": [7.5, 0, 0],
					"cubes": [
						{"origin": [-21, 9.5, -21.75], "size": [42, 24, 0], "uv": [0, 104]}
					]
				},
				{
					"name": "fire2",
					"parent": "torso3",
					"pivot": [0, 13.5, -21.25],
					"rotation": [-7.5, 0, 0],
					"cubes": [
						{"origin": [-21, 9.5, -21.25], "size": [42, 24, 0], "uv": [0, 104]}
					]
				},
				{
					"name": "arm_right",
					"parent": "torso3",
					"pivot": [-5.75, 3.5, -17.75],
					"cubes": [
						{"origin": [-7.25, -1, -19.75], "size": [3, 6, 4], "inflate": 0.01, "uv": [48, 0]}
					]
				},
				{
					"name": "arm_right2",
					"parent": "arm_right",
					"pivot": [-7.25, -1, -15.75],
					"cubes": [
						{"origin": [-7.25, -6, -19.75], "size": [3, 5, 4], "uv": [109, 43]}
					]
				},
				{
					"name": "finger_right_thumb",
					"parent": "arm_right2",
					"pivot": [-5.25, -5.75, -19.5],
					"cubes": [
						{"origin": [-5.75, -7.5, -20], "size": [1, 2, 1], "uv": [0, 19]}
					]
				},
				{
					"name": "finger_right_index",
					"parent": "arm_right2",
					"pivot": [-7.25, -6, -19.25],
					"cubes": [
						{"origin": [-7.25, -8, -19.75], "size": [1, 2, 1], "uv": [0, 25]}
					]
				},
				{
					"name": "finger_right_middle",
					"parent": "arm_right2",
					"pivot": [-7.25, -6, -18.25],
					"cubes": [
						{"origin": [-7.25, -8, -18.75], "size": [1, 2, 1], "uv": [4, 60]}
					]
				},
				{
					"name": "finger_right_ring",
					"parent": "arm_right2",
					"pivot": [-7.25, -6, -17.25],
					"cubes": [
						{"origin": [-7.25, -8, -17.75], "size": [1, 2, 1], "uv": [0, 60]}
					]
				},
				{
					"name": "finger_right_pinky",
					"parent": "arm_right2",
					"pivot": [-7.25, -6, -16.25],
					"cubes": [
						{"origin": [-7.25, -8, -16.75], "size": [1, 2, 1], "uv": [0, 22]}
					]
				},
				{
					"name": "arm_left",
					"parent": "torso3",
					"pivot": [5.75, 3.5, -17.75],
					"cubes": [
						{"origin": [4.25, -1, -19.75], "size": [3, 6, 4], "inflate": 0.01, "uv": [0, 32]}
					]
				},
				{
					"name": "arm_left2",
					"parent": "arm_left",
					"pivot": [7.25, -1, -15.75],
					"cubes": [
						{"origin": [4.25, -6, -19.75], "size": [3, 5, 4], "uv": [33, 60]}
					]
				},
				{
					"name": "finger_left_thumb",
					"parent": "arm_left2",
					"pivot": [5.25, -5.75, -19.5],
					"cubes": [
						{"origin": [4.75, -7.5, -20], "size": [1, 2, 1], "uv": [0, 16]}
					]
				},
				{
					"name": "finger_left_index",
					"parent": "arm_left2",
					"pivot": [7.25, -6, -19.25],
					"cubes": [
						{"origin": [6.25, -8, -19.75], "size": [1, 2, 1], "uv": [10, 32]}
					]
				},
				{
					"name": "finger_left_middle",
					"parent": "arm_left2",
					"pivot": [7.25, -6, -18.25],
					"cubes": [
						{"origin": [6.25, -8, -18.75], "size": [1, 2, 1], "uv": [0, 32]}
					]
				},
				{
					"name": "finger_left_ring",
					"parent": "arm_left2",
					"pivot": [7.25, -6, -17.25],
					"cubes": [
						{"origin": [6.25, -8, -17.75], "size": [1, 2, 1], "uv": [0, 28]}
					]
				},
				{
					"name": "finger_left_pinky",
					"parent": "arm_left2",
					"pivot": [7.25, -6, -16.25],
					"cubes": [
						{"origin": [6.25, -8, -16.75], "size": [1, 2, 1], "uv": [0, 0]}
					]
				},
				{
					"name": "leg_left",
					"parent": "body",
					"pivot": [8, 8.75, 5.5],
					"cubes": [
						{"origin": [5.5, 2.5, 0.5], "size": [5, 3, 9], "uv": [99, 31]}
					]
				},
				{
					"name": "leg_left_rotation",
					"parent": "leg_left",
					"pivot": [8, 10.5, 5],
					"cubes": [
						{"origin": [4.5, 5, -1], "size": [7, 11, 12], "uv": [46, 73]}
					]
				},
				{
					"name": "foot_left",
					"parent": "leg_left",
					"pivot": [8, 2.25, 5.5],
					"cubes": [
						{"origin": [6, 0.5, 2], "size": [4, 2, 7], "inflate": 0.01, "uv": [62, 38]}
					]
				},
				{
					"name": "foot_left2",
					"parent": "foot_left",
					"pivot": [8, 0.5, 2],
					"cubes": [
						{"origin": [6, 0.5, -2], "size": [4, 2, 4], "uv": [0, 0]},
						{"origin": [6.5, 0.5, -2], "size": [3, 2, 2], "inflate": 0.01, "uv": [58, 0]}
					]
				},
				{
					"name": "leg_right",
					"parent": "body",
					"pivot": [-8, 8.75, 5.5],
					"cubes": [
						{"origin": [-10.5, 2.5, 0.5], "size": [5, 3, 9], "uv": [90, 48], "mirror": true}
					]
				},
				{
					"name": "leg_right_rotation",
					"parent": "leg_right",
					"pivot": [-8, 10.5, 5],
					"cubes": [
						{"origin": [-11.5, 5, -1], "size": [7, 11, 12], "uv": [84, 73], "mirror": true}
					]
				},
				{
					"name": "foot_right",
					"parent": "leg_right",
					"pivot": [-8, 2.25, 5.5],
					"cubes": [
						{"origin": [-10, 0.5, 2], "size": [4, 2, 7], "inflate": 0.01, "uv": [24, 80], "mirror": true}
					]
				},
				{
					"name": "foot_right2",
					"parent": "foot_right",
					"pivot": [-8, 0.5, 2],
					"cubes": [
						{"origin": [-10, 0.5, -2], "size": [4, 2, 4], "uv": [80, 43], "mirror": true},
						{"origin": [-9.5, 0.5, -2], "size": [3, 2, 2], "inflate": 0.01, "uv": [58, 12], "mirror": true}
					]
				}
			]
		}
	]
}