{
  "parent": "cobbleverse:pokemon/catch_regirock_shiny",
  "display": {
    "title": {
      "translate": "advancements.cobbleverse.catch_regice"
    },
    "description": {
      "translate": "advancements.cobbleverse.catch_regice.description"
    },
    "icon": {
      "id": "lumymon:cryo_relic"
    },
    "announce_to_chat": true,
    "show_toast": true,
    "hidden": false,
    "frame": "goal"
  },
  "criteria": {
    "caught_regice": {
      "trigger": "cobblemon:aspects_collected",
      "conditions": {
        "species": "cobblemon:regice",
        "aspects": ["legendary"]
      }
    }
  },
  "requirements": [
    [
      "caught_regice"
    ]
  ]
}