{
  "parent": "cobbleverse:pokemon/catch_regice_shiny",
  "display": {
    "title": {
      "translate": "advancements.cobbleverse.catch_registeel"
    },
    "description": {
      "translate": "advancements.cobbleverse.catch_registeel.description"
    },
    "icon": {
      "id": "lumymon:metal_relic"
    },
    "announce_to_chat": true,
    "show_toast": true,
    "hidden": false,
    "frame": "goal"
  },
  "criteria": {
    "caught_registeel": {
      "trigger": "cobblemon:aspects_collected",
      "conditions": {
        "species": "cobblemon:registeel",
        "aspects": ["legendary"]
      }
    }
  },
  "requirements": [
    [
      "caught_registeel"
    ]
  ]
}