{
  "parent": "cobbleverse:pokemon/catch_kyogre_shiny",
  "display": {
    "title": {
      "translate": "advancements.cobbleverse.catch_groudon"
    },
    "description": {
      "translate": "advancements.cobbleverse.catch_groudon.description"
    },
    "icon": {
      "id": "lumymon:earth_core"
    },
    "announce_to_chat": true,
    "show_toast": true,
    "hidden": false,
    "frame": "goal"
  },
  "criteria": {
    "caught_groudon": {
      "trigger": "cobblemon:aspects_collected",
      "conditions": {
        "species": "cobblemon:groudon",
        "aspects": ["legendary"]
      }
    }
  },
  "requirements": [
    [
      "caught_groudon"
    ]
  ]
}