{
  "parent": "cobbleverse:pokemon/catch_latios",
  "display": {
    "title": {
      "translate": "advancements.cobbleverse.catch_latios_shiny"
    },
    "description": {
      "translate": "advancements.cobbleverse.catch_latios_shiny.description"
    },
    "icon": {
      "id": "mega_showdown:latiosite"
    },
    "announce_to_chat": true,
    "show_toast": true,
    "hidden": true,
    "frame": "challenge"
  },
  "criteria": {
    "caught_latios_shiny": {
      "trigger": "cobblemon:aspects_collected",
      "conditions": {
        "species": "cobblemon:latios",
        "aspects": ["shiny"]
      }
    }
  },
  "requirements": [
    [
      "caught_latios_shiny"
    ]
  ]
}