{
	"format_version": "1.8.0",
	"animations": {
		"animation.dustox.ground_idle": {
			"loop": true,
			"animation_length": 2,
			"bones": {
				"head": {
					"rotation": ["10+5*math.sin(query.anim_time*180)", 0, 0],
					"position": [0, "2+1*math.sin(query.anim_time*180)", 0]
				},
				"left_arm": {
					"rotation": [0, "-5*math.sin(query.anim_time*180+45)", 0]
				},
				"right_arm": {
					"rotation": [0, "5*math.sin(query.anim_time*180+45)", 0]
				},
				"left_leg": {
					"rotation": [0, "-5*math.sin(query.anim_time*180+90)", 0]
				},
				"right_leg": {
					"rotation": [0, "5*math.sin(query.anim_time*180+90)", 0]
				},
				"right_wing": {
					"rotation": [0, "20+20*math.sin(query.anim_time*1440)", 0]
				},
				"left_wing": {
					"rotation": [0, "-20-20*math.sin(query.anim_time*1440)", 0]
				}
			}
		},
		"animation.dustox.air_idle": {
			"loop": true,
			"animation_length": 2,
			"bones": {
				"head": {
					"rotation": ["10+5*math.sin(query.anim_time*180)", 0, 0],
					"position": [0, "2+1*math.sin(query.anim_time*180)", 0]
				},
				"left_arm": {
					"rotation": [0, "-5*math.sin(query.anim_time*180+45)", 0]
				},
				"right_arm": {
					"rotation": [0, "5*math.sin(query.anim_time*180+45)", 0]
				},
				"left_leg": {
					"rotation": [0, "-5*math.sin(query.anim_time*180+90)", 0]
				},
				"right_leg": {
					"rotation": [0, "5*math.sin(query.anim_time*180+90)", 0]
				},
				"right_wing": {
					"rotation": [0, "20+20*math.sin(query.anim_time*1440)", 0]
				},
				"left_wing": {
					"rotation": [0, "-20-20*math.sin(query.anim_time*1440)", 0]
				}
			}
		},
		"animation.dustox.battle_idle": {
			"loop": true,
			"animation_length": 2,
			"bones": {
				"head": {
					"rotation": ["10+5*math.sin(query.anim_time*180)", 0, 0],
					"position": [0, "2+1*math.sin(query.anim_time*180)", 0]
				},
				"left_arm": {
					"rotation": [0, "-5*math.sin(query.anim_time*180+45)", 0]
				},
				"right_arm": {
					"rotation": [0, "5*math.sin(query.anim_time*180+45)", 0]
				},
				"left_leg": {
					"rotation": [0, "-5*math.sin(query.anim_time*180+90)", 0]
				},
				"right_leg": {
					"rotation": [0, "5*math.sin(query.anim_time*180+90)", 0]
				},
				"right_wing": {
					"rotation": [0, "20+20*math.sin(query.anim_time*1440)", 0]
				},
				"left_wing": {
					"rotation": [0, "-20-20*math.sin(query.anim_time*1440)", 0]
				}
			}
		},
		"animation.dustox.air_fly": {
			"loop": true,
			"animation_length": 2,
			"bones": {
				"head": {
					"rotation": ["20+5*math.sin(query.anim_time*180)", 0, 0],
					"position": [0, "2+1*math.sin(query.anim_time*180)", 0]
				},
				"left_arm": {
					"rotation": [0, "-10*math.sin(query.anim_time*360+90)", 0]
				},
				"right_arm": {
					"rotation": [0, "10*math.sin(query.anim_time*360+90)", 0]
				},
				"left_leg": {
					"rotation": [0, "-10*math.sin(query.anim_time*360+180)", 0]
				},
				"right_leg": {
					"rotation": [0, "10*math.sin(query.anim_time*360+180)", 0]
				},
				"right_wing": {
					"rotation": [0, "20+20*math.sin(query.anim_time*1440)", 0]
				},
				"left_wing": {
					"rotation": [0, "-20-20*math.sin(query.anim_time*1440)", 0]
				}
			}
		},
		"animation.dustox.physical": {
			"loop": true,
			"animation_length": 1.5,
			"bones": {
				"head": {
					"rotation": {
						"0.0": {
							"post": [20, 0, 0],
							"lerp_mode": "catmullrom"
						},
						"0.4583": {
							"post": [-25, 0, 0],
							"lerp_mode": "catmullrom"
						},
						"0.8333": {
							"post": [20, 0, 0],
							"lerp_mode": "catmullrom"
						},
						"1.25": {
							"post": [30, 0, 0],
							"lerp_mode": "catmullrom"
						},
						"1.5": {
							"post": [20, 0, 0],
							"lerp_mode": "catmullrom"
						}
					},
					"position": {
						"0.0": {
							"post": [0, 4, 0],
							"lerp_mode": "catmullrom"
						},
						"0.4583": {
							"post": [0, 9, 9],
							"lerp_mode": "catmullrom"
						},
						"0.7083": {
							"post": [0, 8, 9],
							"lerp_mode": "catmullrom"
						},
						"0.9583": {
							"post": [0, 8, -5],
							"lerp_mode": "catmullrom"
						},
						"1.5": {
							"post": [0, 4, 0],
							"lerp_mode": "catmullrom"
						}
					}
				},
				"left_arm": {
					"rotation": {
						"0.0": [0, "-10*math.sin(query.anim_time*360+180)", 0],
						"0.75": [0, "-10*math.sin(query.anim_time*360+180)", 0],
						"1.0": [0, "-60-10*math.sin(query.anim_time*360+180)", 0],
						"1.5": [0, "-10*math.sin(query.anim_time*360+180)", 0]
					}
				},
				"right_arm": {
					"rotation": {
						"0.0": [0, "10*math.sin(query.anim_time*360+180)", 0],
						"0.75": [0, "10*math.sin(query.anim_time*360+180)", 0],
						"1.0": [0, "60+10*math.sin(query.anim_time*360+180)", 0],
						"1.5": [0, "10*math.sin(query.anim_time*360+180)", 0]
					}
				},
				"left_leg": {
					"rotation": {
						"0.0": [0, "-10*math.sin(query.anim_time*360+180)", 0],
						"0.75": [0, "-10*math.sin(query.anim_time*360+180)", 0],
						"1.0": [0, "-40-10*math.sin(query.anim_time*360+180)", 0],
						"1.5": [0, "-10*math.sin(query.anim_time*360+180)", 0]
					}
				},
				"right_leg": {
					"rotation": {
						"0.0": [0, "10*math.sin(query.anim_time*360+180)", 0],
						"0.75": [0, "10*math.sin(query.anim_time*360+180)", 0],
						"1.0": [0, "40+10*math.sin(query.anim_time*360+180)", 0],
						"1.5": [0, "10*math.sin(query.anim_time*360+180)", 0]
					}
				},
				"right_wing": {
					"rotation": [0, "20*math.sin(query.anim_time*1440)", 0]
				},
				"left_wing": {
					"rotation": [0, "-20*math.sin(query.anim_time*1440)", 0]
				}
			}
		},
		"animation.dustox.cry": {
			"loop": false,
			"animation_length": 1.5,
			"bones": {
				"head": {
					"rotation": {
						"0.0": {
							"post": [20, 0, 0],
							"lerp_mode": "catmullrom"
						},
						"0.4583": {
							"post": [-25, 0, 0],
							"lerp_mode": "catmullrom"
						},
						"0.8333": {
							"post": [20, 0, 0],
							"lerp_mode": "catmullrom"
						},
						"1.25": {
							"post": [30, 0, 0],
							"lerp_mode": "catmullrom"
						},
						"1.5": {
							"post": [20, 0, 0],
							"lerp_mode": "catmullrom"
						}
					},
					"position": {
						"0.0": {
							"post": [0, 4, 0],
							"lerp_mode": "catmullrom"
						},
						"0.4583": {
							"post": [0, 9, 9],
							"lerp_mode": "catmullrom"
						},
						"0.7083": {
							"post": [0, 8, 9],
							"lerp_mode": "catmullrom"
						},
						"0.9583": {
							"post": [0, 8, -5],
							"lerp_mode": "catmullrom"
						},
						"1.5": {
							"post": [0, 4, 0],
							"lerp_mode": "catmullrom"
						}
					}
				},
				"left_arm": {
					"rotation": {
						"0.0": [0, "-10*math.sin(query.anim_time*360+180)", 0],
						"0.75": [0, "-10*math.sin(query.anim_time*360+180)", 0],
						"1.0": [0, "-60-10*math.sin(query.anim_time*360+180)", 0],
						"1.5": [0, "-10*math.sin(query.anim_time*360+180)", 0]
					}
				},
				"right_arm": {
					"rotation": {
						"0.0": [0, "10*math.sin(query.anim_time*360+180)", 0],
						"0.75": [0, "10*math.sin(query.anim_time*360+180)", 0],
						"1.0": [0, "60+10*math.sin(query.anim_time*360+180)", 0],
						"1.5": [0, "10*math.sin(query.anim_time*360+180)", 0]
					}
				},
				"left_leg": {
					"rotation": {
						"0.0": [0, "-10*math.sin(query.anim_time*360+180)", 0],
						"0.75": [0, "-10*math.sin(query.anim_time*360+180)", 0],
						"1.0": [0, "-40-10*math.sin(query.anim_time*360+180)", 0],
						"1.5": [0, "-10*math.sin(query.anim_time*360+180)", 0]
					}
				},
				"right_leg": {
					"rotation": {
						"0.0": [0, "10*math.sin(query.anim_time*360+180)", 0],
						"0.75": [0, "10*math.sin(query.anim_time*360+180)", 0],
						"1.0": [0, "40+10*math.sin(query.anim_time*360+180)", 0],
						"1.5": [0, "10*math.sin(query.anim_time*360+180)", 0]
					}
				},
				"right_wing": {
					"rotation": [0, "20*math.sin(query.anim_time*1440)", 0]
				},
				"left_wing": {
					"rotation": [0, "-20*math.sin(query.anim_time*1440)", 0]
				}
			},
			"sound_effects": {
        		"0.1": {
          			"effect": "pokemon.dustox.cry"
        		}
      		}
		}
	}
}