{
	"format_version": "1.8.0",
	"animations": {
		"animation.shaymin.ground_walk": {
			"loop": true,
			"bones": {
				"head": {
					"rotation": ["-math.cos(q.anim_time*45*6*2-60)*2", 0, 0]
				},
				"back_fur": {
					"rotation": ["-math.cos(q.anim_time*90*6*2-60)*1-2", 0, 0]
				},
				"right_flower": {
					"rotation": ["-math.cos(q.anim_time*90*6*2-30)*2", 0, 0]
				},
				"leg_front_right": {
					"rotation": ["0-math.sin(q.anim_time*90*6)*9", 0, 0],
					"position": [0, "0+math.clamp(math.cos(q.anim_time*90*6+50)*0.7,0,1)", "0.75-math.sin(q.anim_time*90*6+50)*0.5"]
				},
				"leg_back_right": {
					"rotation": ["0-math.sin(q.anim_time*90*6+180)*9", 0, 0],
					"position": [0, "0+math.clamp(math.cos(q.anim_time*90*6+180)*0.6,0,1)", "0-math.sin(q.anim_time*90*6+180)*0.5"]
				},
				"torso": {
					"rotation": ["0-math.cos(q.anim_time*90*6)*1", "0-math.sin(q.anim_time*90*6)*2", "0+math.sin(q.anim_time*90*6)*2"],
					"position": [0, "0+math.sin(q.anim_time*90*6*2)*0.3", 0]
				},
				"leg_front_left": {
					"rotation": ["0-math.sin(q.anim_time*90*6+230)*9", 0, 0],
					"position": [0, "0+math.clamp(math.cos(q.anim_time*90*6+230)*0.7,0,1)", "0.75-math.sin(q.anim_time*90*6+230)*0.5"]
				},
				"leg_back_left": {
					"rotation": ["0-math.sin(q.anim_time*90*6+50)*9", 0, 0],
					"position": [0, "0+math.clamp(math.cos(q.anim_time*90*6)*0.6,0,1)", "0-math.sin(q.anim_time*90*6)*0.5"]
				},
				"left_flower": {
					"rotation": ["-math.cos(q.anim_time*90*6*2-30)*2", 0, 0]
				}
			}
		},
		"animation.shaymin.ground_idle": {
			"loop": true,
			"bones": {
				"head": {
					"rotation": ["math.sin(q.anim_time*90*2-45)*2", 0, 0]
				},
				"back_fur": {
					"rotation": ["-math.cos(q.anim_time*90*1-50)*2", 0, 0]
				},
				"right_flower": {
					"rotation": ["-0+math.sin(q.anim_time*90*2-90)*3", 0, 0]
				},
				"torso": {
					"rotation": ["0-math.cos(q.anim_time*90*2)*-2", "math.sin(q.anim_time*90*1)*0.5", "math.cos(q.anim_time*90*2)*-0.5"],
					"position": [0, "math.sin(q.anim_time*90*2)*0.1", 0]
				},
				"left_flower": {
					"rotation": ["-0+math.sin(q.anim_time*90*2-90)*3", 0, 0]
				}
			}
		},
		"animation.shaymin.blink": {
			"animation_length": 0.1667,
			"bones": {
				"eyelid_left": {
					"position": {
						"0.0": [0, 0, -0.075],
						"0.125": [0, 0, -0.075],
						"0.1667": [0, 0, 0]
					}
				},
				"eyelid_right": {
					"position": {
						"0.0": [0, 0, -0.075],
						"0.125": [0, 0, -0.075],
						"0.1667": [0, 0, 0]
					}
				},
				"eye_open_left": {
					"position": {
						"0.0": [0, 0, 0.05],
						"0.125": {"pre": [0, 0, 0.05], "post": [0, 0, 0.05]},
						"0.1667": {"pre": [0, 0, 0.05], "post": [0, 0, 0]}
					}
				},
				"eye_open_right": {
					"position": {
						"0.0": [0, 0, 0.05],
						"0.125": {"pre": [0, 0, 0.05], "post": [0, 0, 0.05]},
						"0.1667": {"pre": [0, 0, 0.05], "post": [0, 0, 0]}
					}
				}
			}
		},
		"animation.shaymin.faint": {
			"animation_length": 2.9583,
			"bones": {
				"head": {
					"rotation": {
						"0.0": [0, 0, 0],
						"0.125": [10, 0, 0],
						"0.2917": [7, 0, 0],
						"0.4583": [6.61, 0, 0],
						"0.7083": [-4.92375, 0, 0],
						"1.4583": [-8.92375, 0, 0],
						"1.5833": [-7.42375, 0, 0],
						"1.75": [-5.00375, 0, 0],
						"1.875": [-4.71875, 0, 0],
						"1.9167": [-0.57, 0, 0],
						"1.9583": [1.0925, 0, 0],
						"2.0417": [1.9725, 0, 0],
						"2.125": [1.96875, 0, 0],
						"2.2083": [0.20375, 0, 0],
						"2.25": [-0.7575, 0, 0],
						"2.3333": [-1.175, 0, 0],
						"2.4583": [-1.25, 0, 0],
						"2.5417": [-0.8925, 0, 0],
						"2.625": [-0.0625, 0, 0]
					}
				},
				"back_fur": {
					"rotation": {
						"0.0": [0, 0, 0],
						"0.4167": [-1.14, 0, 0],
						"0.875": [-1.875, 0, 0],
						"1.2917": [-2.32625, 0, 0],
						"1.75": [-2.5, 0, 0],
						"1.8333": [-2.15875, 0, 0],
						"1.9167": [0.625, 0, 0],
						"1.9583": [0.5625, 0, 0],
						"2.0417": [3.3875, 0, 0],
						"2.1667": [4.315, 0, 0],
						"2.25": [4.0575, 0, 0],
						"2.3333": [2.845, 0, 0],
						"2.4167": [2.5725, 0, 0],
						"2.5": [2.78125, 0, 0],
						"2.5417": [3.42, 0, 0],
						"2.625": [0.71625, 0, 0]
					}
				},
				"right_flower": {
					"rotation": {
						"0.0": [0, 0, 0],
						"0.4167": [-1.14, 0, 0],
						"0.875": [-1.875, 0, 0],
						"1.2917": [-2.32625, 0, 0],
						"1.75": [-2.5, 0, 0],
						"1.8333": [-2.15875, 0, 0],
						"1.9167": [0.625, 0, 0],
						"1.9583": [5.5625, 0, 0],
						"2.0417": [8.3875, 0, 0],
						"2.1667": [9.315, 0, 0],
						"2.25": [9.0575, 0, 0],
						"2.3333": [7.845, 0, 0],
						"2.4167": [7.5725, 0, 0],
						"2.5833": [3.42, 0, 0]
					},
					"position": [0, 0, 0]
				},
				"leg_front_right": {
					"rotation": {
						"0.0": [0, 0, 0],
						"0.1667": [-10, 0, 0],
						"0.5417": [11.69625, 0, 0],
						"1.4167": [25.69625, 0, 0],
						"1.5": [42.72, 0, 0],
						"1.625": [54.75, 0, 0],
						"1.7917": [-30.80221, 18.65355, 3.69849],
						"1.875": [-56.82475, 29.52902, 4.7369],
						"1.9167": [-99.52888, 31.64069, -1.10054],
						"1.9583": [-90, 26.75, 0],
						"2.0417": [-85.87875, 27.6875, 0],
						"2.1667": [-87.3175, 29, 0],
						"2.2917": [-94.66, 29.75, 0],
						"2.4167": [-92.68875, 30.5, 0],
						"2.5": [-90, 30.5, 0]
					},
					"position": {
						"0.0": [0, 0, 0],
						"0.1667": [0, -0.18, 0.48],
						"0.5417": [0, 0.11, -0.15],
						"1.4167": [0, 0.21, -1.15],
						"1.5": [0, 0.44, -1.23],
						"1.625": [0, 0.78125, -1.59375],
						"1.75": [-0.125, 0.6275, -2.3],
						"1.7917": [-0.625, 0.0275, -2.2],
						"1.875": [-1.375, -0.755, -2.7925],
						"1.9167": [-1.49375, -1.59625, -3.175],
						"2.0417": [-1.59375, -1.59625, -3.575],
						"2.0833": [-1.69375, -1.59625, -3.675],
						"2.25": [-1.69375, -1.49625, -3.875],
						"2.3333": [-1.69375, -1.59625, -3.975],
						"2.4583": [-1.69375, -1.59625, -4.075],
						"2.5": [-1.69375, -1.59625, -4.075]
					}
				},
				"leg_back_right": {
					"rotation": {
						"0.0": [0, 0, 0],
						"0.1667": [-10, 0, 0],
						"0.5417": [11.69625, 0, 0],
						"1.4167": [17.69625, 0, 0],
						"1.5": [37.85, 0, 0],
						"1.7917": [66.82, -3.73, 0],
						"1.9583": [95, -6.71875, 0],
						"2.25": [85, -6.71875, 0],
						"2.5": [90, -6.71875, 0]
					},
					"position": {
						"0.0": [0, 0, 0],
						"0.1667": [0, -0.18, 0.48],
						"0.5417": [0, 0.11, -0.45],
						"1.4167": [0, 0.21, -0.65],
						"1.5": [0, 0.01, -0.92],
						"1.7917": [-0.2, 0.30125, -1.1825],
						"1.9583": [-0.81, -1.56, -2.06625],
						"2.2083": [-0.81, -1.2475, -2.14625],
						"2.4583": [-0.81, -1.56, -2.2225],
						"2.5": [-0.81, -1.4975, -2.22]
					}
				},
				"torso": {
					"rotation": {
						"0.0": [0, 0, 0],
						"0.125": [7.44, 0, 0],
						"0.2917": [5.44, 0, 0],
						"0.5833": [-5.91, 0, 0],
						"1.4167": ["0.5-math.sin((q.anim_time - 0) * 90 / 1.75) * 5", 0, 0],
						"1.4583": [-6.74625, 0, 0],
						"1.5417": ["-2.8125-math.sin((q.anim_time - 0) * 90 / 1.75) * 5", 0, 0],
						"1.6667": [-7.05, 0, 0],
						"1.7083": ["-1.1563-math.sin((q.anim_time - 0) * 90 / 1.75) * 5", 0, 0],
						"1.75": ["0.2188-math.sin((q.anim_time - 0) * 90 / 1.75) * 5", 0, 0],
						"1.7917": [-1.32625, 0, 0],
						"1.8333": [-0.27125, 0, 0],
						"1.875": [-0.075, 0, 0],
						"2.0": [0, 0, 0]
					},
					"position": {
						"0.0": [0, 0, 0],
						"0.125": [0, -0.3, 0.3],
						"0.4167": [0, -0.3, -0.3],
						"0.625": [0, 0.3498, -0.5716],
						"1.4167": [0, 0.4435, -1.575],
						"1.5": [0, 0.36, -1.84],
						"1.6667": [0, 0.59375, -2.27875],
						"1.7917": [0, 0.685, -2.02375],
						"1.8333": [0, 0.2875, -2.16],
						"1.9167": [0, -2, -3.02875],
						"2.0": [0, -2, -3.0275],
						"2.125": [0, -1.88875, -3.05875],
						"2.25": [0, -1.8125, -3.18375],
						"2.3333": [0, -1.88875, -3.24625],
						"2.4167": [0, -2, -3.2775]
					}
				},
				"mouth_smile": {
					"position": {
						"0.0": [0, 0, 0],
						"0.3333": {"pre": [0, 0, 0], "post": [0, 0, 0]},
						"0.5": {"pre": [0, 0, 0], "post": [0, 0, 0.025]},
						"1.4167": {"pre": [0, 0, 0.025], "post": [0, 0, 0.025]},
						"1.5833": {"pre": [0, 0, 0.025], "post": [0, 0, 0.025]},
						"1.875": {"pre": [0, 0, 0.025], "post": [0, 0, 0.025]},
						"2.0417": {"pre": [0, 0, 0.025], "post": [0, 0, 0.025]},
						"2.25": {"pre": [0, 0, 0.025], "post": [0, 0, 0.025]}
					}
				},
				"leg_front_left": {
					"rotation": {
						"0.0": [0, 0, 0],
						"0.1667": [1.8775, -2.31, 0],
						"0.2917": [6.39125, -2.78, 0],
						"0.375": [8.335, -3.24, 0],
						"0.5": [9.53875, -11.36, 0],
						"0.5833": [5.66625, -14.79, 0],
						"0.6667": [-2.93, -18.06375, 0],
						"0.75": [-19.62875, -20.40625, 0],
						"0.9167": [-49.1625, -22.59625, 0],
						"1.0417": [-64.69, -23.84375, 0],
						"1.25": [-84.25, -24.965, 0],
						"1.4167": [-88.5875, -25.4375, 0],
						"1.7083": [-93.8125, -26, 0],
						"1.7917": [-99.85875, -26.22875, 0],
						"1.9167": [-90, -26.3125, 0],
						"1.9583": [-90, -26.25, 0]
					},
					"position": {
						"0.0": [0, 0, 0],
						"0.1667": [0, 0.02875, -0.15],
						"0.2917": [0, 0.0975, -0.29125],
						"0.375": [0.07, 0.41, -0.41],
						"0.5": [0.28, 0.58375, -0.78],
						"0.75": [0.6875, 0.635, -1.52125],
						"1.2083": [1, 1.095, -1.84],
						"1.5417": [1.1875, 1.75375, -2.18],
						"1.625": [1.21875, 1.875, -2.25],
						"1.75": [1.28125, 1.68375, -2.86],
						"1.7917": [1.28625, 1.14375, -3.16],
						"1.8333": [1.28875, 0.50375, -3.62],
						"1.9167": [1.3125, -1.49625, -4.53125],
						"2.0417": [1.315, -1.5, -4.53],
						"2.2917": [1.315, -1.375, -4.655],
						"2.4583": [1.315, -1.46375, -4.775]
					}
				},
				"leg_back_left": {
					"rotation": {
						"0.0": [0, 0, 0],
						"0.1667": [-10, 0, 0],
						"0.5417": [11.69625, 0, 0],
						"1.4167": [17.69625, 0, 0],
						"1.5": [37.85, 0, 0],
						"1.7917": [66.82, 3.73, 0],
						"1.9583": [95, 6.71875, 0],
						"2.25": [85, 6.71875, 0],
						"2.5": [90, 6.71875, 0]
					},
					"position": {
						"0.0": [0, 0, 0],
						"0.1667": [0, -0.18, 0.48],
						"0.5417": [0, 0.11, -0.45],
						"1.4167": [0, 0.21, -0.65],
						"1.5": [0, 0.01, -0.92],
						"1.7917": [0.2, 0.30125, -1.1825],
						"1.9583": [0.81, -1.56, -2.06625],
						"2.2083": [0.81, -1.2475, -2.14625],
						"2.4583": [0.81, -1.56, -2.2225],
						"2.5": [0.81, -1.4975, -2.22]
					}
				},
				"eyelid_left": {
					"position": {
						"0.0": [0, 0, 0],
						"0.0417": [0, 0, -0.05],
						"0.375": [0, 0, -0.05],
						"0.4167": [0, 0, 0],
						"1.0833": [0, 0, 0],
						"1.125": [0, 0, -0.05],
						"1.4583": [0, 0, -0.05],
						"1.5": [0, 0, 0],
						"1.8333": [0, 0, 0],
						"1.875": [0, 0, -0.05]
					}
				},
				"eyelid_right": {
					"position": {
						"0.0": [0, 0, 0],
						"0.0417": [0, 0, -0.05],
						"0.375": [0, 0, -0.05],
						"0.4167": [0, 0, 0],
						"1.0833": [0, 0, 0],
						"1.125": [0, 0, -0.05],
						"1.4583": [0, 0, -0.05],
						"1.5": [0, 0, 0],
						"1.8333": [0, 0, 0],
						"1.875": [0, 0, -0.05]
					}
				},
				"left_flower": {
					"rotation": {
						"0.0": [0, 0, 0],
						"0.4167": [-1.14, 0, 0],
						"0.875": [-1.875, 0, 0],
						"1.2917": [-2.32625, 0, 0],
						"1.75": [-2.5, 0, 0],
						"1.8333": [-2.15875, 0, 0],
						"1.9167": [0.625, 0, 0],
						"1.9583": [5.5625, 0, 0],
						"2.0417": [8.3875, 0, 0],
						"2.1667": [9.315, 0, 0],
						"2.25": [9.0575, 0, 0],
						"2.3333": [7.845, 0, 0],
						"2.4167": [7.5725, 0, 0],
						"2.5833": [3.42, 0, 0]
					},
					"position": [0, 0, 0]
				},
				"eye_open_left": {
					"position": {
						"0.0": [0, 0, 0],
						"0.0417": [0, 0, 0.075],
						"0.375": [0, 0, 0.075],
						"0.4167": [0, 0, 0],
						"1.0833": [0, 0, 0],
						"1.125": [0, 0, 0.075],
						"1.4583": [0, 0, 0.075],
						"1.5": [0, 0, 0],
						"1.8333": [0, 0, 0],
						"1.875": [0, 0, 0.075]
					}
				},
				"eye_open_right": {
					"position": {
						"0.0": [0, 0, 0],
						"0.0417": [0, 0, 0.075],
						"0.375": [0, 0, 0.075],
						"0.4167": [0, 0, 0],
						"1.0833": [0, 0, 0],
						"1.125": [0, 0, 0.075],
						"1.4583": [0, 0, 0.075],
						"1.5": [0, 0, 0],
						"1.8333": [0, 0, 0],
						"1.875": [0, 0, 0.075]
					}
				},
				"mouth_pog": {
					"position": {
						"0.0": [0, 0, 0],
						"0.3333": {"pre": [0, 0, 0], "post": [0, 0, 0]},
						"0.5": {"pre": [0, 0, 0], "post": [0, 0, -0.05]},
						"1.4167": {"pre": [0, 0, -0.05], "post": [0, 0, -0.05]},
						"1.5833": {"pre": [0, 0, -0.05], "post": [0, 0, -0.05]},
						"1.875": {"pre": [0, 0, -0.05], "post": [0, 0, -0.05]},
						"2.0417": {"pre": [0, 0, -0.05], "post": [0, 0, 0]},
						"2.25": {"pre": [0, 0, 0], "post": [0, 0, 0]}
					}
				},
				"mouth_normal": {
					"position": {
						"0.0": [0, 0, 0],
						"0.3333": {"pre": [0, 0, 0], "post": [0, 0, 0]},
						"0.5": {"pre": [0, 0, 0], "post": [0, 0, 0]},
						"1.4167": {"pre": [0, 0, 0], "post": [0, 0, 0]},
						"1.5833": {"pre": [0, 0, 0], "post": [0, 0, 0]},
						"1.875": {"pre": [0, 0, 0], "post": [0, 0, 0]},
						"2.0417": {"pre": [0, 0, 0], "post": [0, 0, -0.025]},
						"2.25": {"pre": [0, 0, -0.025], "post": [0, 0, -0.025]}
					}
				}
			}
		},
		"animation.shaymin.sleep": {
			"loop": true,
			"bones": {
				"back_fur": {
					"rotation": ["-0-math.cos(q.anim_time*90*1+120)*2", 0, 0]
				},
				"right_flower": {
					"rotation": ["2+math.cos(q.anim_time*90*1-90)*5", 0, 0]
				},
				"leg_front_right": {
					"rotation": [-90, "22+math.sin(q.anim_time*90*1-90)*2", 0],
					"position": [-1, 0, -2]
				},
				"leg_back_right": {
					"rotation": [90, "-22.5-math.sin(q.anim_time*90*1-90)*2", 0],
					"position": [-1, 0.625, 1]
				},
				"torso": {
					"rotation": ["0+math.cos(q.anim_time*90*1-90)*1", 0, "0+math.sin(q.anim_time*90*1-90)*1"],
					"position": [0, -0.4, 0]
				},
				"leg_front_left": {
					"rotation": [-90, "-22-math.sin(q.anim_time*90*1-90)*2", 0],
					"position": [1, 0, -2]
				},
				"leg_back_left": {
					"rotation": [90, "22.5+math.sin(q.anim_time*90*1-90)*2", 0],
					"position": [1, 0.45, 1]
				},
				"eyelid_left": {
					"position": [0, 0, -0.05]
				},
				"eyelid_right": {
					"position": [0, 0, -0.05]
				},
				"left_flower": {
					"rotation": ["2+math.cos(q.anim_time*90*1-90)*5", 0, 0]
				},
				"eye_open_left": {
					"position": [0, 0, 0.075]
				},
				"eye_open_right": {
					"position": [0, 0, 0.075]
				},
				"body": {
					"position": [0, -1.5, 0]
				}
			}
		},
		"animation.shaymin.battle_idle": {
			"loop": true,
			"bones": {
				"head": {
					"rotation": ["-5.75+1*math.cos(q.anim_time*90*3-110)", "3*math.cos(q.anim_time*90*3-105)", "-3*math.cos(q.anim_time*90*3-120)"]
				},
				"back_fur": {
					"rotation": ["-0-0*math.cos(q.anim_time*90*6-110)", "-0*math.cos(q.anim_time*90*3-150)", "0*math.cos(q.anim_time*90*3-170)"]
				},
				"right_flower": {
					"rotation": ["2*math.cos(q.anim_time*90*6-180)", 0, "0*math.cos(q.anim_time*90*3-160)"]
				},
				"leg_front_right": {
					"rotation": ["-4.5+0.5*math.cos(q.anim_time*90*6+100)", 6.39198, "6.3575-2*math.cos(q.anim_time*90*3+100)"],
					"position": ["-0.3-0.12*math.cos(q.anim_time*90*3+100)", "-0.22+0.03*math.cos(q.anim_time*90*3+100)", "-0.03*math.cos(q.anim_time*90*6+100)"]
				},
				"leg_back_right": {
					"rotation": ["-1.5+0.5*math.cos(q.anim_time*90*6+100)", -14.43104, "2+2*math.cos(q.anim_time*90*3+100)"],
					"position": ["0.13*math.cos(q.anim_time*90*3+100)", "-0.15-0.02*math.cos(q.anim_time*90*3+100)", "0.175-0.03*math.cos(q.anim_time*90*6+100)"]
				},
				"torso": {
					"rotation": ["5.75-1.2*math.cos(q.anim_time*90*6-70)", "-3*math.cos(q.anim_time*90*3-100)", "2*math.cos(q.anim_time*90*3-110)"],
					"position": ["-0.3*math.cos(q.anim_time*90*3-100)", "0.125-0.1*math.cos(q.anim_time*90*6)", "-0.05*math.cos(q.anim_time*90*6)"]
				},
				"leg_front_left": {
					"rotation": ["-4.5+0.5*math.cos(q.anim_time*90*6+100)", -6.39198, "-6.3575-2*math.cos(q.anim_time*90*3+100)"],
					"position": ["0.3-0.12*math.cos(q.anim_time*90*3+100)", "-0.22-0.03*math.cos(q.anim_time*90*3+100)", "-0.03*math.cos(q.anim_time*90*6+100)"]
				},
				"leg_back_left": {
					"rotation": ["-1.5+0.5*math.cos(q.anim_time*90*6+100)", 14.43104, "-2+2*math.cos(q.anim_time*90*3+100)"],
					"position": ["0.13*math.cos(q.anim_time*90*3+100)", "-0.15+0.02*math.cos(q.anim_time*90*3+100)", "0.175-0.03*math.cos(q.anim_time*90*6+100)"]
				},
				"left_flower": {
					"rotation": ["2*math.cos(q.anim_time*90*6-180)", 0, "0*math.cos(q.anim_time*90*3-160)"]
				}
			}
		},
		"animation.shaymin.lookleft_quirk": {
			"animation_length": 3.5,
			"bones": {
				"head": {
					"rotation": {
						"0.0": [0, 0, 0],
						"0.5": {
							"pre": [0, -8.5, 0],
							"post": [0, -8.5, 0],
							"lerp_mode": "catmullrom"
						},
						"1.0": {
							"post": [0, -9.825, 0],
							"lerp_mode": "catmullrom"
						},
						"1.1667": {
							"post": [2.15936, -10.90971, -0.92939],
							"lerp_mode": "catmullrom"
						},
						"1.4167": {
							"post": [-1.4787, -12.7394, -2.7436],
							"lerp_mode": "catmullrom"
						},
						"1.875": {
							"post": [-2.4787, -12.7394, -2.7436],
							"lerp_mode": "catmullrom"
						},
						"2.3333": {
							"post": [0.4223, -5.758, -1.2401],
							"lerp_mode": "catmullrom"
						},
						"2.8333": {
							"post": [0, -0.55, 0],
							"lerp_mode": "catmullrom"
						},
						"3.5": [0, 0, 0]
					}
				},
				"torso": {
					"rotation": {
						"0.0": [0, 0, 0],
						"0.125": {
							"pre": [0, -1.25, 0],
							"post": [0, -1.25, 0],
							"lerp_mode": "catmullrom"
						},
						"0.4167": {
							"post": [0, -5.025, 0],
							"lerp_mode": "catmullrom"
						},
						"1.0": {
							"post": [0, -5.825, 0],
							"lerp_mode": "catmullrom"
						},
						"1.75": {
							"post": [0, -5.025, 0],
							"lerp_mode": "catmullrom"
						},
						"2.75": {
							"post": [0, -0.6, 0],
							"lerp_mode": "catmullrom"
						},
						"3.5": [0, 0, 0]
					}
				},
				"mouth_smile": {
					"position": {
						"0.0": [0, 0, 0],
						"1.125": {"pre": [0, 0, 0], "post": [-0.1, 0, 0.075]},
						"2.1667": {"pre": [-0.1, 0, 0.075], "post": [0, 0, 0]}
					}
				},
				"eye_open_left": {
					"position": {
						"0.0": [0, 0, 0],
						"1.125": {"pre": [0, 0, 0], "post": [-0.1, 0, 0.075]},
						"2.1667": {"pre": [-0.1, 0, 0.075], "post": [0, 0, 0]}
					}
				},
				"eye_open_right": {
					"position": {
						"0.0": [0, 0, 0],
						"1.125": {"pre": [0, 0, 0], "post": [-0.1, 0, 0.075]},
						"2.1667": {"pre": [-0.1, 0, 0.075], "post": [0, 0, 0]}
					}
				},
				"mouth_pog": {
					"position": {
						"0.0": [0, 0, 0],
						"1.125": {"pre": [0, 0, 0], "post": [-0.1, 0, -0.05]},
						"2.1667": {"pre": [-0.1, 0, -0.05], "post": [0, 0, 0]}
					}
				},
				"yipie_eye_left": {
					"position": {
						"0.0": [0, 0, 0],
						"1.125": {"pre": [0, 0, 0], "post": [0, 0, -0.025]},
						"2.1667": {"pre": [0, 0, -0.025], "post": [0, 0, 0]}
					}
				},
				"eye_inner_right": {
					"position": {
						"0.0": [0, 0, 0],
						"0.1667": {"pre": [0, 0, 0], "post": [0.1, 0, 0]},
						"2.1667": {"pre": [0.1, 0, 0], "post": [0, 0, 0]}
					}
				},
				"eye_inner_left": {
					"position": {
						"0.0": [0, 0, 0],
						"0.1667": {"pre": [0, 0, 0], "post": [0.2, 0, 0]},
						"2.1667": {"pre": [0.2, 0, 0], "post": [0, 0, 0]}
					}
				},
				"yipie_eye_right": {
					"position": {
						"0.0": [0, 0, 0],
						"1.125": {"pre": [0, 0, 0], "post": [0, 0, -0.025]},
						"2.1667": {"pre": [0, 0, -0.025], "post": [0, 0, 0]}
					}
				}
			}
		},
		"animation.shaymin.lookright_quirk": {
			"animation_length": 3.5,
			"bones": {
				"head": {
					"rotation": {
						"0.0": [0, 0, 0],
						"0.5": {
							"pre": [0, 8.5, 0],
							"post": [0, 8.5, 0],
							"lerp_mode": "catmullrom"
						},
						"1.0": {
							"post": [0, 9.825, 0],
							"lerp_mode": "catmullrom"
						},
						"1.1667": {
							"post": [2.15936, 10.90971, 0.92939],
							"lerp_mode": "catmullrom"
						},
						"1.4167": {
							"post": [-1.4787, 12.7394, 2.7436],
							"lerp_mode": "catmullrom"
						},
						"1.875": {
							"post": [-2.4787, 12.7394, 2.7436],
							"lerp_mode": "catmullrom"
						},
						"2.3333": {
							"post": [0.4223, 5.758, 1.2401],
							"lerp_mode": "catmullrom"
						},
						"2.8333": {
							"post": [0, 0.55, 0],
							"lerp_mode": "catmullrom"
						},
						"3.5": [0, 0, 0]
					}
				},
				"torso": {
					"rotation": {
						"0.0": [0, 0, 0],
						"0.125": {
							"pre": [0, 1.25, 0],
							"post": [0, 1.25, 0],
							"lerp_mode": "catmullrom"
						},
						"0.4167": {
							"post": [0, 5.025, 0],
							"lerp_mode": "catmullrom"
						},
						"1.0": {
							"post": [0, 5.825, 0],
							"lerp_mode": "catmullrom"
						},
						"1.75": {
							"post": [0, 5.025, 0],
							"lerp_mode": "catmullrom"
						},
						"2.75": {
							"post": [0, 0.6, 0],
							"lerp_mode": "catmullrom"
						},
						"3.5": [0, 0, 0]
					}
				},
				"mouth_smile": {
					"position": {
						"0.0": [0, 0, 0],
						"1.125": {"pre": [0, 0, 0], "post": [0.1, 0, 0.075]},
						"2.1667": {"pre": [0.1, 0, 0.075], "post": [0, 0, 0]}
					}
				},
				"eye_open_left": {
					"position": {
						"0.0": [0, 0, 0],
						"1.125": {"pre": [0, 0, 0], "post": [0.1, 0, 0.075]},
						"2.1667": {"pre": [0.1, 0, 0.075], "post": [0, 0, 0]}
					}
				},
				"eye_open_right": {
					"position": {
						"0.0": [0, 0, 0],
						"1.125": {"pre": [0, 0, 0], "post": [0.1, 0, 0.075]},
						"2.1667": {"pre": [0.1, 0, 0.075], "post": [0, 0, 0]}
					}
				},
				"mouth_pog": {
					"position": {
						"0.0": [0, 0, 0],
						"1.125": {"pre": [0, 0, 0], "post": [0.1, 0, -0.05]},
						"2.1667": {"pre": [0.1, 0, -0.05], "post": [0, 0, 0]}
					}
				},
				"yipie_eye_left": {
					"position": {
						"0.0": [0, 0, 0],
						"1.125": {"pre": [0, 0, 0], "post": [0, 0, -0.025]},
						"2.1667": {"pre": [0, 0, -0.025], "post": [0, 0, 0]}
					}
				},
				"eye_inner_right": {
					"position": {
						"0.0": [0, 0, 0],
						"0.1667": {"pre": [0, 0, 0], "post": [-0.2, 0, 0]},
						"2.1667": {"pre": [-0.2, 0, 0], "post": [0, 0, 0]}
					}
				},
				"eye_inner_left": {
					"position": {
						"0.0": [0, 0, 0],
						"0.1667": {"pre": [0, 0, 0], "post": [-0.1, 0, 0]},
						"2.1667": {"pre": [-0.1, 0, 0], "post": [0, 0, 0]}
					}
				},
				"yipie_eye_right": {
					"position": {
						"0.0": [0, 0, 0],
						"1.125": {"pre": [0, 0, 0], "post": [0, 0, -0.025]},
						"2.1667": {"pre": [0, 0, -0.025], "post": [0, 0, 0]}
					}
				}
			}
		},
		"animation.shaymin.headtilt_quirk": {
			"animation_length": 1,
			"bones": {
				"head": {
					"rotation": {
						"0.0": [0, 0, 0],
						"0.1667": {
							"pre": [1, 0, 0],
							"post": [1, 0, 0],
							"lerp_mode": "catmullrom"
						},
						"0.375": {
							"post": [-2.5, 0, 0],
							"lerp_mode": "catmullrom"
						},
						"0.75": {
							"post": [0, 0, 0],
							"lerp_mode": "catmullrom"
						},
						"1.0": [0, 0, 0]
					}
				},
				"torso": {
					"rotation": {
						"0.0": [0, 0, 0],
						"0.125": {
							"pre": [0.4, 0, 0],
							"post": [0.4, 0, 0],
							"lerp_mode": "catmullrom"
						},
						"0.3333": {
							"post": [-1, 0, 0],
							"lerp_mode": "catmullrom"
						},
						"0.6667": {
							"post": [0, 0, 0],
							"lerp_mode": "catmullrom"
						},
						"1.0": [0, 0, 0]
					}
				},
				"nose": {
					"rotation": {
						"0.0": [0, 0, 0],
						"0.2083": {
							"pre": [3.2, 0, 0],
							"post": [3.2, 0, 0],
							"lerp_mode": "catmullrom"
						},
						"0.5": {
							"post": [-4.15, 0, 0],
							"lerp_mode": "catmullrom"
						},
						"0.7917": {
							"post": [0, 0, 0],
							"lerp_mode": "catmullrom"
						},
						"1.0": [0, 0, 0]
					}
				}
			}
		},
		"animation.shaymin.recoil": {
			"animation_length": 1,
			"bones": {
				"head": {
					"rotation": {
						"0.0": [0, 0, 0],
						"0.0417": {
							"pre": [8.29, 0, 0],
							"post": [8.29, 0, 0],
							"lerp_mode": "catmullrom"
						},
						"0.0833": {
							"post": [-1.8, 0, 0],
							"lerp_mode": "catmullrom"
						},
						"0.375": {
							"post": [11.1, 0, 0],
							"lerp_mode": "catmullrom"
						},
						"0.7083": {
							"post": [0.6, 0, 0],
							"lerp_mode": "catmullrom"
						},
						"0.9167": {
							"post": [0, 0, 0],
							"lerp_mode": "catmullrom"
						},
						"1.0": [0, 0, 0]
					}
				},
				"right_flower": {
					"rotation": {
						"0.0": [0, 0, 0],
						"0.0417": {
							"pre": [5.9, 0, 0],
							"post": [5.9, 0, 0],
							"lerp_mode": "catmullrom"
						},
						"0.125": {
							"post": [5.98, 0, 0],
							"lerp_mode": "catmullrom"
						},
						"0.3333": {
							"post": [-3.04, 0, 0],
							"lerp_mode": "catmullrom"
						},
						"0.6667": {
							"post": [0.5, 0, 0],
							"lerp_mode": "catmullrom"
						},
						"0.9167": {
							"post": [0, 0, 0],
							"lerp_mode": "catmullrom"
						},
						"1.0": [0, 0, 0]
					}
				},
				"torso": {
					"rotation": {
						"0.0": [0, 0, 0],
						"0.0417": {
							"pre": [-10.5, 0, 0],
							"post": [-10.5, 0, 0],
							"lerp_mode": "catmullrom"
						},
						"0.2083": {
							"post": [-12.3, 0, 0],
							"lerp_mode": "catmullrom"
						},
						"0.3333": {
							"post": [-9.24, 0, 0],
							"lerp_mode": "catmullrom"
						},
						"0.625": {
							"post": [-0.4, 0, 0],
							"lerp_mode": "catmullrom"
						},
						"0.9167": {
							"post": [0, 0, 0],
							"lerp_mode": "catmullrom"
						},
						"1.0": [0, 0, 0]
					}
				},
				"mouth_smile": {
					"position": {
						"0.0": [0, 0, 0],
						"0.0417": {"pre": [0, 0, 0], "post": [0, 0, 0.075]},
						"0.375": [0, 0, 0.075],
						"0.4167": {"pre": [0, 0, 0.075], "post": [0, 0, 0]},
						"1.0": [0, 0, 0]
					}
				},
				"eyelid_left": {
					"position": {
						"0.0": [0, 0, 0],
						"0.0417": {"pre": [0, 0, 0], "post": [0, 0, -0.1]},
						"0.375": [0, 0, -0.1],
						"0.4167": {"pre": [0, 0, -0.1], "post": [0, 0, 0]},
						"1.0": [0, 0, 0]
					}
				},
				"eyelid_right": {
					"position": {
						"0.0": [0, 0, 0],
						"0.0417": {"pre": [0, 0, 0], "post": [0, 0, -0.1]},
						"0.375": [0, 0, -0.1],
						"0.4167": {"pre": [0, 0, -0.1], "post": [0, 0, 0]},
						"1.0": [0, 0, 0]
					}
				},
				"left_flower": {
					"rotation": {
						"0.0": [0, 0, 0],
						"0.0417": {
							"pre": [5.9, 0, 0],
							"post": [5.9, 0, 0],
							"lerp_mode": "catmullrom"
						},
						"0.125": {
							"post": [5.98, 0, 0],
							"lerp_mode": "catmullrom"
						},
						"0.3333": {
							"post": [-3.04, 0, 0],
							"lerp_mode": "catmullrom"
						},
						"0.6667": {
							"post": [0.5, 0, 0],
							"lerp_mode": "catmullrom"
						},
						"0.9167": {
							"post": [0, 0, 0],
							"lerp_mode": "catmullrom"
						},
						"1.0": [0, 0, 0]
					}
				},
				"eye_open_left": {
					"position": {
						"0.0": [0, 0, 0],
						"0.0417": {"pre": [0, 0, 0], "post": [0, 0, 0.075]},
						"0.375": [0, 0, 0.075],
						"0.4167": {"pre": [0, 0, 0.075], "post": [0, 0, 0]},
						"1.0": [0, 0, 0]
					}
				},
				"eye_open_right": {
					"position": {
						"0.0": [0, 0, 0],
						"0.0417": {"pre": [0, 0, 0], "post": [0, 0, 0.075]},
						"0.375": [0, 0, 0.075],
						"0.4167": {"pre": [0, 0, 0.075], "post": [0, 0, 0]},
						"1.0": [0, 0, 0]
					}
				},
				"mouth_pog": {
					"position": {
						"0.0": [0, 0, 0],
						"0.0417": {"pre": [0, 0, 0], "post": [0, 0, -0.05]},
						"0.375": [0, 0, -0.05],
						"0.4167": {"pre": [0, 0, -0.05], "post": [0, 0, 0]},
						"1.0": [0, 0, 0]
					}
				}
			}
		},
		"animation.shaymin.cry": {
			"animation_length": 1.5,
			"bones": {
				"head": {
					"rotation": {
						"0.0": [0, 0, 0],
						"0.125": {
							"pre": [1.58125, 0, 0],
							"post": [1.58125, 0, 0],
							"lerp_mode": "catmullrom"
						},
						"0.3333": {
							"post": [-0.8125, 0, 0],
							"lerp_mode": "catmullrom"
						},
						"0.5": {
							"post": [-11.1875, 0, 0],
							"lerp_mode": "catmullrom"
						},
						"0.875": {
							"post": [-8.245, 0, 0],
							"lerp_mode": "catmullrom"
						},
						"1.2083": {
							"post": [-1.29, 0, 0],
							"lerp_mode": "catmullrom"
						},
						"1.5": [0, 0, 0]
					}
				},
				"torso": {
					"rotation": {
						"0.0": [0, 0, 0],
						"0.1667": {
							"pre": [5, 0, 0],
							"post": [5, 0, 0],
							"lerp_mode": "catmullrom"
						},
						"0.5": {
							"post": [-2.5, 0, 0],
							"lerp_mode": "catmullrom"
						},
						"0.5833": {
							"post": [-1.19, 0, 0],
							"lerp_mode": "catmullrom"
						},
						"0.75": [-1.85, 0, 0],
						"0.875": [-0.6725, 0, 0],
						"0.9583": [-1.04375, 0, 0],
						"1.125": [0, 0, 0]
					},
					"position": {
						"0.0": [0, 0, 0],
						"0.1667": {
							"pre": [0, -0.27, 0.21875],
							"post": [0, -0.27, 0.21875],
							"lerp_mode": "catmullrom"
						},
						"0.3333": {
							"post": [0, -0.40625, 0],
							"lerp_mode": "catmullrom"
						},
						"0.5": {
							"post": [0, 0.1, -0.2675],
							"lerp_mode": "catmullrom"
						},
						"0.7917": {
							"post": [0, 0.05875, -0.125],
							"lerp_mode": "catmullrom"
						},
						"1.3333": [0, 0, 0]
					}
				},
				"mouth_smile": {
					"position": {
						"0.0833": [0, 0, 0],
						"0.125": [0, 0, 0.025],
						"0.75": [0, 0, 0.025],
						"0.7917": [0, 0, 0]
					}
				},
				"eyelid_left": {
					"position": {
						"0.0833": [0, 0, 0],
						"0.125": [0, 0, -0.1],
						"0.2917": [0, 0, -0.1],
						"0.3333": [0, 0, 0]
					}
				},
				"eyelid_right": {
					"position": {
						"0.0833": [0, 0, 0],
						"0.125": [0, 0, -0.1],
						"0.2917": [0, 0, -0.1],
						"0.3333": [0, 0, 0]
					}
				},
				"eye_open_left": {
					"position": {
						"0.0833": [0, 0, 0],
						"0.125": [0, 0, 0.05],
						"0.2917": [0, 0, 0.05],
						"0.3333": [0, 0, 0]
					}
				},
				"eye_open_right": {
					"position": {
						"0.0833": [0, 0, 0],
						"0.125": [0, 0, 0.05],
						"0.2917": [0, 0, 0.05],
						"0.3333": [0, 0, 0]
					}
				},
				"mouth_pog": {
					"position": {
						"0.0833": [0, 0, 0],
						"0.125": [0, 0, -0.075],
						"0.75": [0, 0, -0.075],
						"0.7917": [0, 0, 0]
					}
				}
			}
		},
		"animation.shaymin.shoulder_left": {
			"loop": true,
			"bones": {
				"head": {
					"rotation": ["0.9576+0.6*math.cos(q.anim_time*90*4-80)", "0.5248-0.4*math.cos(q.anim_time*90*2-50)", "-0.3232+0.6*math.cos(q.anim_time*90*2-80)"]
				},
				"back_fur": {
					"rotation": ["0-1*math.cos(q.anim_time*90*4-90)", "-0+2*math.cos(q.anim_time*90*2-80)", "1+0*math.cos(q.anim_time*90*2-170)"]
				},
				"right_flower": {
					"rotation": ["0.0409+1*math.cos(q.anim_time*90*4-150)", 1.33486, "3.5047+2*math.cos(q.anim_time*90*2-120)"]
				},
				"leg_front_right": {
					"rotation": ["-35.25+0.5*math.cos(q.anim_time*90*4)", 0, -5],
					"position": [0.1, "-0.095-0.005*math.cos(q.anim_time*90*4)", "-0.5-0.03*math.cos(q.anim_time*90*4)"]
				},
				"leg_back_right": {
					"rotation": ["20.261+0.5*math.cos(q.anim_time*90*4)", 8.89333, 3.35397],
					"position": [0, "-0.125-0.005*math.cos(q.anim_time*90*4)", "0.425-0.03*math.cos(q.anim_time*90*4)"]
				},
				"torso": {
					"rotation": ["0.5531+0.3*math.cos(q.anim_time*90*4-50)", "4.0718+0.4*math.cos(q.anim_time*90*2-30)", "2.6726+0.7*math.cos(q.anim_time*90*2-110)"],
					"position": [0, "-0.02*math.cos(q.anim_time*90*4)", 0]
				},
				"leg_front_left": {
					"rotation": ["-35.1027+0.5*math.cos(q.anim_time*90*4)", 3.41575, 10.9357],
					"position": [0, "-0.095-0.005*math.cos(q.anim_time*90*4)", "-0.5-0.03*math.cos(q.anim_time*90*4)"]
				},
				"leg_back_left": {
					"rotation": ["18.2874+0.5*math.cos(q.anim_time*90*4)", -3.55073, -1.20694],
					"position": [0, "-0.125-0.005*math.cos(q.anim_time*90*4)", "0.325-0.03*math.cos(q.anim_time*90*4)"]
				},
				"left_flower": {
					"rotation": ["0.0409+1*math.cos(q.anim_time*90*4-150)", 1.33486, "3.5047+2*math.cos(q.anim_time*90*2-120)"]
				},
				"body": {
					"rotation": [0, -7, 0],
					"position": [5.15, -1.925, 0.9]
				}
			}
		},
		"animation.shaymin.shoulder_right": {
			"loop": true,
			"bones": {
				"head": {
					"rotation": ["0.9576+0.6*math.cos(q.anim_time*90*4-80)", "-0.5248+0.4*math.cos(q.anim_time*90*2-50)", "0.3232-0.6*math.cos(q.anim_time*90*2-80)"]
				},
				"back_fur": {
					"rotation": ["0-1*math.cos(q.anim_time*90*4-90)", "0-2*math.cos(q.anim_time*90*2-80)", "-1-0*math.cos(q.anim_time*90*2-170)"]
				},
				"right_flower": {
					"rotation": ["0.0409+1*math.cos(q.anim_time*90*4-150)", -1.33486, "-3.5047-2*math.cos(q.anim_time*90*2-120)"]
				},
				"leg_front_right": {
					"rotation": ["-35.1027+0.5*math.cos(q.anim_time*90*4)", -3.41575, -10.9357],
					"position": [0, "-0.095-0.005*math.cos(q.anim_time*90*4)", "-0.5-0.03*math.cos(q.anim_time*90*4)"]
				},
				"leg_back_right": {
					"rotation": ["18.2874+0.5*math.cos(q.anim_time*90*4)", 3.55073, 1.20694],
					"position": [0, "-0.125-0.005*math.cos(q.anim_time*90*4)", "0.325-0.03*math.cos(q.anim_time*90*4)"]
				},
				"torso": {
					"rotation": ["0.5531+0.3*math.cos(q.anim_time*90*4-50)", "-4.0718-0.4*math.cos(q.anim_time*90*2-30)", "-2.6726-0.7*math.cos(q.anim_time*90*2-110)"],
					"position": [0, "-0.02*math.cos(q.anim_time*90*4)", 0]
				},
				"leg_front_left": {
					"rotation": ["-35.25+0.5*math.cos(q.anim_time*90*4)", 0, 5],
					"position": [-0.1, "-0.095-0.005*math.cos(q.anim_time*90*4)", "-0.5-0.03*math.cos(q.anim_time*90*4)"]
				},
				"leg_back_left": {
					"rotation": ["20.261+0.5*math.cos(q.anim_time*90*4)", -8.89333, -3.35397],
					"position": [0, "-0.125-0.005*math.cos(q.anim_time*90*4)", "0.425-0.03*math.cos(q.anim_time*90*4)"]
				},
				"left_flower": {
					"rotation": ["0.0409+1*math.cos(q.anim_time*90*4-150)", -1.33486, "-3.5047-2*math.cos(q.anim_time*90*2-120)"]
				},
				"body": {
					"rotation": [0, 7, 0],
					"position": [-5.15, -1.925, 0.9]
				}
			}
		}
	}
}