{
  "head": "head",
	"portraitScale": 1.3,
  "portraitTranslation": [ 0, 6.0, 0 ],
  "profileScale": 0.2,
  "profileTranslation": [ 0, 1.4, 0 ],
  "poses": {
    "standing": {
      "poseName": "standing",
      "transformTicks": 10,
      "poseTypes": [
        "STAND",
        "NONE",
        "PORTRAIT",
        "PROFILE"
      ],
      "animations": [
        "bedrock(blacephalon, ground_idle)"
      ]
    },
    "walking": {
      "poseName": "walking",
      "transformTicks": 10,
      "poseTypes": [ "WALK" ],
      "animations": [ "bedrock(blacephalon, ground_walk)" ]
    }
  }
}