{
	"format_version": "1.12.0",
	"minecraft:geometry": [
		{
			"description": {
				"identifier": "geometry.unknown",
				"texture_width": 256,
				"texture_height": 128,
				"visible_bounds_width": 6,
				"visible_bounds_height": 4.5,
				"visible_bounds_offset": [0, 1.75, 0]
			},
			"bones": [
				{
					"name": "wo_chien",
					"pivot": [0, 0, 0]
				},
				{
					"name": "main_half",
					"parent": "wo_chien",
					"pivot": [0, 0, -10],
					"cubes": [
						{"origin": [-9, 0, -19], "size": [18, 8, 19], "uv": [68, 0]},
						{"origin": [-10, 0.5, -21], "size": [20, 0, 2], "pivot": [0, 0.5, -19], "rotation": [15, 0, 0], "uv": [-2, 45]},
						{"origin": [9, 0.5, -19], "size": [2, 0, 19], "pivot": [9, 0.5, -9], "rotation": [0, 0, 15], "uv": [33, 36]},
						{"origin": [-11, 0.5, -19], "size": [2, 0, 19], "pivot": [-9, 0.5, -9], "rotation": [0, 0, -15], "uv": [33, 36], "mirror": true}
					]
				},
				{
					"name": "upper_half",
					"parent": "main_half",
					"pivot": [-0.5, 8, -10],
					"cubes": [
						{"origin": [-6.5, 7, -18], "size": [13, 10, 15], "uv": [44, 50]}
					]
				},
				{
					"name": "locator_seat_1",
					"parent": "upper_half",
					"pivot": [0, 17.5, -3.5],
					"locators": {
						"seat_1": [0, 17.5, -3.5]
					}
				},
				{
					"name": "right_vine",
					"parent": "upper_half",
					"pivot": [-5, 15.875, -17.25],
					"cubes": [
						{"origin": [-5.5, 15.375, -24.125], "size": [1, 1, 7], "inflate": 0.2, "uv": [115, 29]}
					]
				},
				{
					"name": "right_vine2",
					"parent": "right_vine",
					"pivot": [-5, 16.2125, -23.1875],
					"cubes": [
						{"origin": [-5.5, 15.375, -30.625], "size": [1, 1, 7], "inflate": 0.21, "uv": [117, 27]}
					]
				},
				{
					"name": "right_vine3",
					"parent": "right_vine2",
					"pivot": [-5, 15.51667, -30.71667],
					"cubes": [
						{"origin": [-5, 12.375, -36.075], "size": [0, 3, 2], "uv": [53, 10]},
						{"origin": [-5.5, 15.375, -37.325], "size": [1, 1, 7], "inflate": 0.22, "uv": [121, 27]}
					]
				},
				{
					"name": "right_vine4",
					"parent": "right_vine3",
					"pivot": [-5, 16.01667, -36.8],
					"cubes": [
						{"origin": [-5, 16.375, -43.075], "size": [0, 3, 2], "uv": [57, 10]},
						{"origin": [-5.5, 15.375, -44.075], "size": [1, 1, 7], "inflate": 0.23, "uv": [124, 28]}
					]
				},
				{
					"name": "right_vine5",
					"parent": "right_vine4",
					"pivot": [-5, 16.01667, -43.63333],
					"cubes": [
						{"origin": [-5.5, 15.375, -51.075], "size": [1, 1, 7], "inflate": 0.24, "uv": [124, 28]},
						{"origin": [-5, 12.375, -49.075], "size": [0, 3, 2], "uv": [49, 10]}
					]
				},
				{
					"name": "right_vine6",
					"parent": "right_vine5",
					"pivot": [-5, 15.875, -51.075],
					"cubes": [
						{"origin": [-5.5, 15.375, -53.575], "size": [1, 1, 3], "inflate": 0.22, "uv": [132, 30]}
					]
				},
				{
					"name": "left_vine",
					"parent": "upper_half",
					"pivot": [5, 15.875, -17.25],
					"cubes": [
						{"origin": [4.5, 15.375, -24.125], "size": [1, 1, 7], "inflate": 0.2, "uv": [115, 29], "mirror": true}
					]
				},
				{
					"name": "left_vine2",
					"parent": "left_vine",
					"pivot": [5, 16.2125, -23.1875],
					"cubes": [
						{"origin": [4.5, 15.375, -30.625], "size": [1, 1, 7], "inflate": 0.21, "uv": [117, 27], "mirror": true}
					]
				},
				{
					"name": "left_vine3",
					"parent": "left_vine2",
					"pivot": [5, 15.51667, -30.71667],
					"cubes": [
						{"origin": [5, 12.375, -36.075], "size": [0, 3, 2], "uv": [53, 10], "mirror": true},
						{"origin": [4.5, 15.375, -37.325], "size": [1, 1, 7], "inflate": 0.22, "uv": [121, 27], "mirror": true}
					]
				},
				{
					"name": "left_vine4",
					"parent": "left_vine3",
					"pivot": [5, 16.01667, -36.8],
					"cubes": [
						{"origin": [5, 16.375, -43.075], "size": [0, 3, 2], "uv": [57, 10], "mirror": true},
						{"origin": [4.5, 15.375, -44.075], "size": [1, 1, 7], "inflate": 0.23, "uv": [124, 28], "mirror": true}
					]
				},
				{
					"name": "left_vine5",
					"parent": "left_vine4",
					"pivot": [5, 16.01667, -43.63333],
					"cubes": [
						{"origin": [4.5, 15.375, -51.075], "size": [1, 1, 7], "inflate": 0.24, "uv": [124, 28], "mirror": true},
						{"origin": [5, 12.375, -49.075], "size": [0, 3, 2], "uv": [49, 10], "mirror": true}
					]
				},
				{
					"name": "left_vine6",
					"parent": "left_vine5",
					"pivot": [5, 15.875, -51.075],
					"cubes": [
						{"origin": [4.5, 15.375, -53.575], "size": [1, 1, 3], "inflate": 0.22, "uv": [132, 30], "mirror": true}
					]
				},
				{
					"name": "front_leaf",
					"parent": "upper_half",
					"pivot": [0, 16, -18],
					"rotation": [-5, 0, 0],
					"cubes": [
						{"origin": [-4, 11, -18.2], "size": [8, 6, 0], "uv": [1, 12]}
					]
				},
				{
					"name": "top_head",
					"parent": "upper_half",
					"pivot": [0, 16.33333, -10.16667],
					"cubes": [
						{"origin": [-5, 16, -17], "size": [10, 12, 11], "uv": [57, 27]}
					]
				},
				{
					"name": "bone6",
					"parent": "top_head",
					"pivot": [0, 19.5, -16.925],
					"rotation": [-10, 0, 0],
					"cubes": [
						{"origin": [-5, 16.5, -17.025], "size": [10, 3, 0], "uv": [65, 8]}
					]
				},
				{
					"name": "bone8",
					"parent": "top_head",
					"pivot": [0, 25, -11.5],
					"cubes": [
						{"origin": [-5, 25.4, -17], "size": [10, 6, 11], "inflate": 0.25, "uv": [123, 2]}
					]
				},
				{
					"name": "leaves_front",
					"parent": "bone8",
					"pivot": [0, 28.45, -17.4],
					"rotation": [-5, 0, 0],
					"cubes": [
						{"origin": [-4, 24.4, -17.261], "size": [8, 4, 0], "uv": [65, 4]}
					]
				},
				{
					"name": "bone5",
					"parent": "bone8",
					"pivot": [0, 31.75, -13],
					"cubes": [
						{"origin": [-3, 30.75, -13], "size": [6, 4, 0], "uv": [65, 0]}
					]
				},
				{
					"name": "left_eye",
					"parent": "bone8",
					"pivot": [-1, 33, -15],
					"cubes": [
						{"origin": [3, 31, -15], "size": [8, 12, 0], "uv": [49, 0]}
					]
				},
				{
					"name": "left_eye_leaf",
					"parent": "left_eye",
					"pivot": [10.25, 37.225, -15.0482],
					"cubes": [
						{"origin": [10.275, 37.19309, -15.9], "size": [0, 3, 2], "pivot": [10.275, 37.225, -14.975], "rotation": [0, 90, 140], "uv": [57, 10], "mirror": true}
					]
				},
				{
					"name": "left_eye_closed",
					"parent": "left_eye",
					"pivot": [6.5, 36.5, -15.1],
					"cubes": [
						{"origin": [5, 34, -14.975], "size": [3, 1, 0], "uv": [1, 18]}
					]
				},
				{
					"name": "right_eye",
					"parent": "bone8",
					"pivot": [1, 31, -15],
					"cubes": [
						{"origin": [-11, 31, -15], "size": [8, 12, 0], "uv": [49, 0], "mirror": true}
					]
				},
				{
					"name": "right_eye_leaf",
					"parent": "right_eye",
					"pivot": [-6.75, 33.225, -15.0482],
					"cubes": [
						{"origin": [-7.325, 33.22939, -15.9], "size": [0, 3, 2], "pivot": [-7.325, 33.225, -14.975], "rotation": [0, 90, -150], "uv": [57, 10], "mirror": true}
					]
				},
				{
					"name": "right_eye_closed",
					"parent": "right_eye",
					"pivot": [-6.5, 34.5, -15.1],
					"cubes": [
						{"origin": [-8, 34, -14.975], "size": [3, 1, 0], "uv": [1, 18], "mirror": true}
					]
				},
				{
					"name": "back",
					"parent": "main_half",
					"pivot": [-0.5, 7, 7]
				},
				{
					"name": "backhalf",
					"parent": "back",
					"pivot": [0, 5.5, 1.5],
					"cubes": [
						{"origin": [-8, 0, 0], "size": [16, 8, 13], "uv": [86, 37]},
						{"origin": [-11, 0.5, -1], "size": [3, 0, 16], "pivot": [-8, 0.5, 9], "rotation": [0, 0, -10], "uv": [28, 36], "mirror": true},
						{"origin": [8, 0.5, -1], "size": [3, 0, 16], "pivot": [8, 0.5, 9], "rotation": [0, 0, 10], "uv": [28, 36]},
						{"origin": [-10, 0.5, 13], "size": [20, 0, 8], "pivot": [-1, 0.5, 13], "rotation": [-3, 0, 0], "uv": [-8, 36]}
					]
				},
				{
					"name": "bone2",
					"parent": "backhalf",
					"pivot": [-0.5, 7, 5],
					"rotation": [-15, 0, 0],
					"cubes": [
						{"origin": [-7.5, 4, -3], "size": [15, 17, 19], "uv": [0, 0]}
					]
				},
				{
					"name": "bone4",
					"parent": "bone2",
					"pivot": [7.5, 16, 5],
					"cubes": [
						{"origin": [7.5, 16, 3], "size": [5, 0, 4], "uv": [73, 0]}
					]
				},
				{
					"name": "bone3",
					"parent": "bone2",
					"pivot": [-0.5, 5.25, 3.5],
					"cubes": [
						{"origin": [6.5, 5.25, -4.5], "size": [2, 7, 13], "pivot": [-0.5, 5.25, 3.5], "rotation": [-20, 0, 0], "uv": [36, 108]},
						{"origin": [-8.5, 10.5, -4.5], "size": [17, 6, 2], "pivot": [2, 12, -3.5], "rotation": [0, 0, 12.5], "uv": [6, 65]},
						{"origin": [-8.5, 4.25, -4.5], "size": [2, 7, 13], "pivot": [0.5, 4.25, 3.5], "rotation": [-7.5, 0, 0], "uv": [20, 101]},
						{"origin": [-8.5, 12.75, -3.5], "size": [2, 6, 21], "inflate": -0.01, "uv": [31, 75]},
						{"origin": [-7.5568, 13.58566, 15.5], "size": [16, 7, 2], "pivot": [-1.0568, 16.08566, 16.5], "rotation": [0, 0, -15], "uv": [0, 48]},
						{"origin": [-5.12555, 23.40574, 14.5], "size": [10, 5, 2], "pivot": [-0.12555, 25.90574, 15.5], "rotation": [0, 0, -7.5], "uv": [63, 12]},
						{"origin": [-6.68252, 20.49858, 1.84894], "size": [13, 5, 2], "pivot": [-0.18252, 22.99858, 2.84894], "rotation": [-15.51197, 13.81822, 5.32118], "uv": [85, 58]},
						{"origin": [6.5, 18.58566, 0.5568], "size": [2, 5, 16], "pivot": [7.5, 21.08566, 10.0568], "rotation": [-12.32996, 6.90593, -16.62394], "uv": [0, 107]},
						{"origin": [2.48953, 24.69217, 4.50203], "size": [2, 5, 11], "pivot": [3.48953, 27.19217, 9.50203], "rotation": [-10.15108, 9.84655, -1.75378], "uv": [7, 91]},
						{"origin": [-5.28718, 27.0632, 4.76047], "size": [9, 4, 2], "pivot": [-1.28718, 29.0632, 5.76047], "rotation": [-2.96157, 14.80755, 9.80759], "uv": [88, 27]},
						{"origin": [-2.78718, 30.5632, 8.51047], "size": [7, 4, 2], "pivot": [1.21282, 32.5632, 9.51047], "rotation": [-10.59614, -62.2209, 7.55115], "uv": [0, 6]},
						{"origin": [-3.78718, 29.8132, 11.51047], "size": [7, 4, 2], "pivot": [-0.28718, 31.8132, 12.51047], "rotation": [-2.71994, 19.82169, -7.97532], "uv": [0, 0]},
						{"origin": [-6.0243, 23.15659, 4.0159], "size": [2, 5, 12], "pivot": [-5.26047, 26.34217, 15.35203], "rotation": [11.98668, 1.8632, 2.11021], "uv": [28, 48]},
						{"origin": [-5.51047, 28.59217, 6.35203], "size": [2, 4, 8], "pivot": [-4.51047, 30.09217, 10.35203], "rotation": [14.48668, 1.8632, 2.11021], "uv": [56, 75]},
						{"origin": [-8.5, 3.25, 8.5], "size": [17, 7, 9], "inflate": -0.01, "uv": [0, 73]}
					]
				}
			]
		}
	]
}