{
  "pools": [
    {
      "rolls": 1,
      "entries": [
        {
          "type": "minecraft:loot_table",
          "value": "rctmod:generic/common/battle",
          "weight": 1
        },
        {
          "type": "minecraft:loot_table",
          "value": "rctmod:generic/common/berries",
          "weight": 1
        },
        {
          "type": "minecraft:loot_table",
          "value": "rctmod:generic/common/medicine",
          "weight": 1
        },
        {
          "type": "minecraft:loot_table",
          "value": "rctmod:generic/common/nature",
          "weight": 1
        },
        {
          "type": "minecraft:loot_table",
          "value": "rctmod:generic/common/pokeballs",
          "weight": 1
        },
        {
          "type": "minecraft:loot_table",
          "value": "rctmod:generic/common/archeology",
          "weight": 1
        },
        {
          "type": "minecraft:loot_table",
          "value": "rctmod:generic/common/diverse",
          "weight": 1
        }
      ]
    }
  ]
}