{
  "pools": [
    {
      "rolls": 1,
      "entries": [
        {
          "type": "minecraft:item",
          "name": "cobblemon:health_mochi",
          "weight": 5
        },
        {
          "type": "minecraft:item",
          "name": "cobblemon:muscle_mochi",
          "weight": 5
        },
        {
          "type": "minecraft:item",
          "name": "cobblemon:resist_mochi",
          "weight": 5
        },
        {
          "type": "minecraft:item",
          "name": "cobblemon:genius_mochi",
          "weight": 5
        },
        {
          "type": "minecraft:item",
          "name": "cobblemon:clever_mochi",
          "weight": 5
        },
        {
          "type": "minecraft:item",
          "name": "cobblemon:swift_mochi",
          "weight": 5
        },
        {
          "type": "minecraft:item",
          "name": "cobblemon:fresh_start_mochi",
          "weight": 1
        }
      ]
    }
  ],
  "random_sequence": "rctmod:generic/uncommon/training"
}