{
	"format_version": "1.8.0",
	"animations": {
		"animation.nidoking.ground_idle": {
			"loop": true,
			"bones": {
				"body": {
					"position": [0, 1.3, 0]
				},
				"torso": {
					"rotation": ["-0-math.cos(q.anim_time*90*1-0)*1", 0, 0]
				},
				"stomach": {
					"rotation": [12.5, 0, 0],
					"position": [0, 0, -0.4]
				},
				"upper_torso": {
					"rotation": [10, 0, 0],
					"position": [0, 0, 0.1]
				},
				"locator_seat_1": {
					"rotation": [-32.5, 0, 0]
				},
				"neck": {
					"rotation": ["20-math.cos(q.anim_time*90*1-60)*1.25", 0, 0],
					"scale": 1.145
				},
				"head": {
					"rotation": ["-32.5-math.cos(q.anim_time*90*1-90)*2", 0, 0],
					"position": [0, 0, -0.5]
				},
				"jaw": {
					"rotation": [5, 0, 0]
				},
				"ear_left": {
					"rotation": [10.73052, "-46.55847-math.cos(q.anim_time*90*1-150)*2.5", -14.62771]
				},
				"ear_right": {
					"rotation": [10.73052, "46.55847+math.cos(q.anim_time*90*1-150)*2.5", 14.62771]
				},
				"shoulder_left": {
					"rotation": [-12.04385, "9.032-math.cos(q.anim_time*90*1-60)*3", 9.52545],
					"position": [-0.3, 0, 0.5]
				},
				"arm_left1": {
					"rotation": [13.53398, -1.44391, 31.69651],
					"position": [0, -1, 0]
				},
				"arm_left2": {
					"rotation": [-14.05973, "55.07985-math.cos(q.anim_time*90*1-90)*1.5", 1.13006]
				},
				"left_arm3": {
					"rotation": [0, 0, 2.5]
				},
				"claw_left2": {
					"rotation": [0, 0, 15]
				},
				"claw_left1": {
					"rotation": [32.5, 0, 0]
				},
				"claw_left3": {
					"rotation": [-32.5, 0, 0]
				},
				"shoulder_right": {
					"rotation": [-12.04385, "-9.032+math.cos(q.anim_time*90*1-60)*3", -9.52545],
					"position": [0.3, 0, 0.5]
				},
				"arm_right1": {
					"rotation": [13.53398, 1.44391, -31.69651],
					"position": [0, -1, 0]
				},
				"arm_right2": {
					"rotation": [-14.05973, "-55.07985+math.cos(q.anim_time*90*1-90)*1.5", -1.13006]
				},
				"right_arm3": {
					"rotation": [0, 0, -5]
				},
				"claw_right2": {
					"rotation": [0, 0, -15]
				},
				"claw_right1": {
					"rotation": [32.5, 0, 0]
				},
				"claw_right3": {
					"rotation": [-32.5, 0, 0]
				},
				"tail": {
					"rotation": ["-11.5-math.cos(q.anim_time*90*1-60)*1", 0, 0]
				},
				"tail2": {
					"rotation": ["20-math.cos(q.anim_time*90*1-120)*2", 0, 0]
				},
				"tail3": {
					"rotation": ["17.5-math.cos(q.anim_time*90*1-150)*3.5", 0, 0]
				},
				"tail4": {
					"rotation": ["30-math.cos(q.anim_time*90*1-210)*6", 0, 0]
				},
				"leg_left": {
					"rotation": [23.50355, -27.65658, -15.61867]
				},
				"leg_left2": {
					"rotation": [-14.65993, 3.21132, 12.08681]
				},
				"knee_left": {
					"rotation": [-17.43656, -0.9762, -7.43656],
					"position": [-0.4, 1, 0]
				},
				"leg_right": {
					"rotation": [23.50355, 27.65658, 15.61867]
				},
				"leg_right2": {
					"rotation": [-14.65993, -3.21132, -12.08681]
				},
				"knee_right": {
					"rotation": [-17.43656, 0.9762, 7.43656],
					"position": [0.4, 1, 0]
				},
				"spike3": {
					"rotation": [-2.5, 0, 0]
				},
				"spike6": {
					"rotation": [-15, 0, 0]
				},
				"spike7": {
					"rotation": [-15, 0, 0]
				}
			}
		},
		"animation.nidoking.ground_walk": {
			"loop": true,
			"animation_length": 1,
			"bones": {
				"body": {
					"position": [0, 1.3, 0]
				},
				"torso": {
					"rotation": ["9-math.cos(q.anim_time*90*8-30)*-1", "-math.cos(q.anim_time*90*4-30)*0.85", 0]
				},
				"stomach": {
					"rotation": [12.5, 0, 0],
					"position": [0, 0, -0.4]
				},
				"upper_torso": {
					"rotation": [10, 0, 0],
					"position": [0, 0, 0.1]
				},
				"locator_seat_1": {
					"rotation": [-32.5, 0, 0]
				},
				"neck": {
					"rotation": ["16.875-math.cos(q.anim_time*90*8-60)*-1", 0, 0],
					"scale": 1.145
				},
				"head": {
					"rotation": ["-32.5-math.cos(q.anim_time*90*8-120)*-1.25", 0, 0],
					"position": [0, 0, -0.5]
				},
				"jaw": {
					"rotation": [5, 0, 0]
				},
				"ear_left": {
					"rotation": [10.73052, "-44.5-math.cos(q.anim_time*90*8-120)*-2.5", -14.62771]
				},
				"ear_right": {
					"rotation": [10.73052, "44.5+math.cos(q.anim_time*90*8-120)*-2.5", 14.62771]
				},
				"shoulder_left": {
					"rotation": [-12.04385, "7.532-math.cos(q.anim_time*90*4-30)*6", 9.52545],
					"position": [-0.3, 0, "0.5+math.cos(q.anim_time*90*4-30)*0.5"]
				},
				"arm_left1": {
					"rotation": [13.53398, -1.44391, 31.69651],
					"position": [0, -1, 0]
				},
				"arm_left2": {
					"rotation": [-14.05973, "55.07985+math.cos(q.anim_time*90*4-90)*-6", 1.13006]
				},
				"left_arm3": {
					"rotation": [0, 0, 2.5]
				},
				"claw_left2": {
					"rotation": [0, 0, 15]
				},
				"claw_left1": {
					"rotation": [32.5, 0, 0]
				},
				"claw_left3": {
					"rotation": [-32.5, 0, 0]
				},
				"shoulder_right": {
					"rotation": [-12.04385, "-7.532-math.cos(q.anim_time*90*4-30)*6", -9.52545],
					"position": [0.3, 0, "0.5+math.cos(q.anim_time*90*4-30)*-0.5"]
				},
				"arm_right1": {
					"rotation": [13.53398, 1.44391, -31.69651],
					"position": [0, -1, 0]
				},
				"arm_right2": {
					"rotation": [-14.05973, "-55.07985-math.cos(q.anim_time*90*4-90)*6", -1.13006]
				},
				"right_arm3": {
					"rotation": [0, 0, -5]
				},
				"claw_right2": {
					"rotation": [0, 0, -15]
				},
				"claw_right1": {
					"rotation": [32.5, 0, 0]
				},
				"claw_right3": {
					"rotation": [-32.5, 0, 0]
				},
				"tail": {
					"rotation": [-12, "-0-math.cos(q.anim_time*90*4-30)*2", 0]
				},
				"tail2": {
					"rotation": [13.5, "-0-math.cos(q.anim_time*90*4-60)*2", 0]
				},
				"tail3": {
					"rotation": [10.53109, "-0-math.cos(q.anim_time*90*4-90)*4", 0]
				},
				"tail4": {
					"rotation": [22.69615, "-0-math.cos(q.anim_time*90*4-120)*6", 0]
				},
				"leg_left": {
					"rotation": {
						"0.0": [23.50355, -27.65658, -15.61867],
						"0.5": [23.50355, -27.65658, -15.61867],
						"0.6667": {
							"pre": [31.00355, -27.65658, -15.61867],
							"post": [31.00355, -27.65658, -15.61867],
							"lerp_mode": "catmullrom"
						},
						"0.8333": {
							"post": [19.33688, -27.65658, -15.61867],
							"lerp_mode": "catmullrom"
						},
						"1.0": [23.50355, -27.65658, -15.61867]
					},
					"position": {
						"0.0": [0, 0, -3],
						"0.5": [0, 0, 1],
						"0.75": {
							"pre": [0, 1.2, -0.2],
							"post": [0, 1.2, -0.2],
							"lerp_mode": "catmullrom"
						},
						"1.0": [0, 0, -3]
					}
				},
				"leg_left2": {
					"rotation": {
						"0.0": [-14.65993, 3.21132, 12.08681],
						"0.5": [-14.66, 3.21, 12.09],
						"0.6667": {
							"pre": [-11.88222, 3.20995, 12.09012],
							"post": [-11.88222, 3.20995, 12.09012],
							"lerp_mode": "catmullrom"
						},
						"0.8333": {
							"post": [-9.66, 3.21, 12.09],
							"lerp_mode": "catmullrom"
						},
						"1.0": [-14.66, 3.21, 12.09]
					}
				},
				"knee_left": {
					"rotation": [-17.43656, -0.9762, -7.43656],
					"position": [-0.4, 1, 0]
				},
				"leg_right": {
					"rotation": {
						"0.0": [23.50355, 27.65658, 15.61867],
						"0.1667": {
							"pre": [31.00355, 27.65658, 15.61867],
							"post": [31.00355, 27.65658, 15.61867],
							"lerp_mode": "catmullrom"
						},
						"0.3333": {
							"post": [19.33688, 27.65658, 15.61867],
							"lerp_mode": "catmullrom"
						},
						"0.5": [23.50355, 27.65658, 15.61867],
						"1.0": [23.50355, 27.65658, 15.61867]
					},
					"position": {
						"0.0": [0, 0, 1],
						"0.25": {
							"pre": [0, 1.2, -0.2],
							"post": [0, 1.2, -0.2],
							"lerp_mode": "catmullrom"
						},
						"0.5": [0, 0, -3],
						"1.0": [0, 0, 1]
					}
				},
				"leg_right2": {
					"rotation": {
						"0.0": [-14.66, -3.21, -12.09],
						"0.1667": {
							"pre": [-11.88222, -3.20995, -12.09012],
							"post": [-11.88222, -3.20995, -12.09012],
							"lerp_mode": "catmullrom"
						},
						"0.3333": {
							"post": [-9.66, -3.21, -12.09],
							"lerp_mode": "catmullrom"
						},
						"0.5": [-14.65993, -3.21132, -12.08681],
						"1.0": [-14.66, -3.21, -12.09]
					}
				},
				"knee_right": {
					"rotation": [-17.43656, 0.9762, 7.43656],
					"position": [0.4, 1, 0]
				},
				"spike3": {
					"rotation": [-2.5, 0, 0]
				},
				"spike6": {
					"rotation": [-15, 0, 0]
				},
				"spike7": {
					"rotation": [-15, 0, 0]
				},
				"toe_left": {
					"rotation": {
						"0.0": [0, 0, 0],
						"0.5": [0, 0, 0],
						"0.6667": [-7.5, 0, 0],
						"0.75": [-0.63, 0, 0],
						"0.8333": [0, 0, 0],
						"1.0": [0, 0, 0]
					}
				},
				"toe_right": {
					"rotation": {
						"0.0": [0, 0, 0],
						"0.1667": [-7.5, 0, 0],
						"0.25": [-0.63, 0, 0],
						"0.3333": [0, 0, 0],
						"0.5": [0, 0, 0],
						"1.0": [0, 0, 0]
					}
				}
			}
		},
		"animation.nidoking.battle_idle": {
			"loop": true,
			"bones": {
				"stomach": {
					"rotation": [22.5, 0, 0]
				},
				"shoulder_left": {
					"rotation": [-7.28932, "36.0382-math.cos(q.anim_time*90*3-90)*3", 11.6562],
					"position": [0, 0, -1]
				},
				"arm_left1": {
					"rotation": [-37.91566, -8.05733, -0.35234],
					"position": [0, -0.25, 0.75]
				},
				"arm_left2": {
					"rotation": [-14.67177, 39.0769, "31.08918+math.cos(q.anim_time*90*3-120)*-4"],
					"position": [0, -0.25, 0]
				},
				"tail2": {
					"rotation": ["10-math.cos(q.anim_time*90*3-120)*3", "-math.cos(q.anim_time*90*3/2-120)*3", 0]
				},
				"tail3": {
					"rotation": ["14.6906-math.cos(q.anim_time*90*3-160)*4", "-1.541-math.cos(q.anim_time*90*3/2-160)*4", -1.14684]
				},
				"upper_torso": {
					"rotation": ["15-math.cos(q.anim_time*90*3-30)*0.75", 0, 0]
				},
				"tail4": {
					"rotation": ["15-math.cos(q.anim_time*90*3-200)*6", 0, 0]
				},
				"left_arm3": {
					"rotation": [0, 0, 12.5]
				},
				"body": {
					"rotation": [0, 0, 0],
					"position": [0, "1.5+math.cos(q.anim_time*90*3-0)*-0.1", 0]
				},
				"torso": {
					"rotation": ["5-math.cos(q.anim_time*90*3-0)*0.6", 0, 0]
				},
				"claw_left1": {
					"rotation": [32.5, 0, 0]
				},
				"claw_left3": {
					"rotation": [-30.13348, 2.16369, -1.25954]
				},
				"tail": {
					"rotation": ["2.5-math.cos(q.anim_time*90*3-60)*2", "-math.cos(q.anim_time*90*3/2-60)*2", 0]
				},
				"leg_left": {
					"rotation": ["26.0729-math.cos(q.anim_time*90*3-0)*1.65", -30.74334, "-14.6468-math.cos(q.anim_time*90*3-0)*-0.65"]
				},
				"leg_left2": {
					"rotation": ["-18.1599-math.cos(q.anim_time*90*3-0)*-1.35", "3.2113+math.cos(q.anim_time*90*3-0)*-0.65", "12.0868-math.cos(q.anim_time*90*3-0)*0.45"]
				},
				"knee_left": {
					"rotation": [-17.43656, -0.9762, -7.43656],
					"position": [-0.4, 1, 0]
				},
				"neck": {
					"rotation": ["25-math.cos(q.anim_time*90*3-60)*1", 0, 0],
					"scale": 1.145
				},
				"head": {
					"rotation": ["-62.5-math.cos(q.anim_time*90*3-90)*1.65", 0, 0]
				},
				"jaw": {
					"rotation": ["20-math.cos(q.anim_time*90*3-90)*3", 0, 0]
				},
				"ear_left": {
					"rotation": [24.3817, "-24.09-math.cos(q.anim_time*90*3-150)*3", -16.47027]
				},
				"ear_right": {
					"rotation": [24.3817, "24.09+math.cos(q.anim_time*90*3-150)*3", 16.47027]
				},
				"leg_right": {
					"rotation": ["26.0729-math.cos(q.anim_time*90*3-0)*1.65", 30.74334, "14.6468+math.cos(q.anim_time*90*3-0)*-0.65"]
				},
				"leg_right2": {
					"rotation": ["-18.1599-math.cos(q.anim_time*90*3-0)*-1.35", "-3.2113-math.cos(q.anim_time*90*3-0)*-0.65", "-12.0868+math.cos(q.anim_time*90*3-0)*0.45"]
				},
				"knee_right": {
					"rotation": [-17.43656, 0.9762, 7.43656],
					"position": [0.4, 1, 0]
				},
				"shoulder_right": {
					"rotation": [-7.28932, "-36.0382+math.cos(q.anim_time*90*3-90)*3", -11.6562],
					"position": [0, 0, -1]
				},
				"arm_right1": {
					"rotation": [-18.55318, 12.51166, 9.98609],
					"position": [0, -0.25, 0.75]
				},
				"arm_right2": {
					"rotation": [-14.67177, -39.0769, "-31.08918-math.cos(q.anim_time*90*3-120)*-4"],
					"position": [0, -0.25, 0]
				},
				"right_arm3": {
					"rotation": [0, 2.5, -12.5]
				},
				"claw_right1": {
					"rotation": [32.5, 0, 0]
				},
				"claw_right3": {
					"rotation": [-30.13348, -2.16369, 1.25954]
				},
				"locator_seat_1": {
					"rotation": [-42.5, 0, 0]
				},
				"locator_target": {
					"position": [0, -2, 0]
				},
				"locator_top": {
					"position": [0, 3, 0]
				},
				"spike2": {
					"rotation": [-17.5, 0, 0],
					"position": [0, -1.5, 0]
				},
				"spike3": {
					"rotation": [-20, 0, 0],
					"position": [0, -1, 0]
				},
				"spike4": {
					"rotation": [7.5, 0, 0],
					"position": [0, 0.6, 0]
				}
			}
		},
		"animation.nidoking.blink": {
			"animation_length": 0.1667,
			"bones": {
				"eyelid_right": {
					"position": {
						"0.0": [-0.1, 0, -0.1],
						"0.125": {
							"pre": [-0.1, 0, -0.1],
							"post": [0, 0, 0]
						}
					}
				},
				"pupil_right": {
					"position": {
						"0.0": [0, 0, 0.1],
						"0.125": {
							"pre": [0, 0, 0.1],
							"post": [0, 0, 0]
						}
					}
				},
				"eyelid_left": {
					"position": {
						"0.0": [0.1, 0, -0.1],
						"0.125": {
							"pre": [0.1, 0, -0.1],
							"post": [0, 0, 0]
						}
					}
				},
				"pupil_left": {
					"position": {
						"0.0": [0, 0, 0.1],
						"0.125": {
							"pre": [0, 0, 0.1],
							"post": [0, 0, 0]
						}
					}
				}
			}
		},
		"animation.nidoking.cry": {
			"animation_length": 1.6667,
			"bones": {
				"stomach": {
					"rotation": {
						"0.0": [0, 0, 0],
						"0.375": {
							"pre": [-2.5, 0, 0],
							"post": [-2.5, 0, 0],
							"lerp_mode": "catmullrom"
						},
						"0.6667": {
							"post": [0, 0, 0],
							"lerp_mode": "catmullrom"
						},
						"0.9583": {
							"post": [-2, 0, 0],
							"lerp_mode": "catmullrom"
						},
						"1.2083": {
							"post": [0, 0, 0],
							"lerp_mode": "catmullrom"
						},
						"1.5833": [0, 0, 0]
					}
				},
				"upper_torso": {
					"rotation": {
						"0.0": [0, 0, 0],
						"0.2917": {
							"pre": [-5, 0, 0],
							"post": [-5, 0, 0],
							"lerp_mode": "catmullrom"
						},
						"0.5833": {
							"post": [-2.5, 0, 0],
							"lerp_mode": "catmullrom"
						},
						"0.7917": {
							"post": [-3.5, 0, 0],
							"lerp_mode": "catmullrom"
						},
						"1.0417": {
							"post": [-2.5, 0, 0],
							"lerp_mode": "catmullrom"
						},
						"1.25": {
							"post": [-3, 0, 0],
							"lerp_mode": "catmullrom"
						},
						"1.6667": [0, 0, 0]
					}
				},
				"neck": {
					"rotation": {
						"0.0": [0, 0, 0],
						"0.0833": {
							"pre": [-0.5, 0, 0],
							"post": [-0.5, 0, 0],
							"lerp_mode": "catmullrom"
						},
						"0.2917": {
							"post": [5, 0, 0],
							"lerp_mode": "catmullrom"
						},
						"0.5": {
							"post": [5, 0, 0],
							"lerp_mode": "catmullrom"
						},
						"0.625": {
							"post": [2.5, 0, 0],
							"lerp_mode": "catmullrom"
						},
						"0.7917": {
							"post": [5, 0, 0],
							"lerp_mode": "catmullrom"
						},
						"1.125": {
							"post": [4, 0, 0],
							"lerp_mode": "catmullrom"
						},
						"1.5833": [0, 0, 0]
					}
				},
				"jaw": {
					"rotation": {
						"0.0": [0, 0, 0],
						"0.0833": {
							"pre": [-2.5, 0, 0],
							"post": [-2.5, 0, 0],
							"lerp_mode": "catmullrom"
						},
						"0.1667": {
							"post": [25, 0, 0],
							"lerp_mode": "catmullrom"
						},
						"0.4167": {
							"post": [15, 0, 0],
							"lerp_mode": "catmullrom"
						},
						"0.5833": {
							"post": [12.5, 0, 0],
							"lerp_mode": "catmullrom"
						},
						"0.7083": {
							"post": [17.5, 0, 0],
							"lerp_mode": "catmullrom"
						},
						"0.8333": {
							"post": [12.5, 0, 0],
							"lerp_mode": "catmullrom"
						},
						"0.9583": {
							"post": [20, 0, 0],
							"lerp_mode": "catmullrom"
						},
						"1.2083": {
							"post": [22.5, 0, 0],
							"lerp_mode": "catmullrom"
						},
						"1.5": [0, 0, 0]
					}
				}
			},
			"sound_effects": {
				"0.0417": {
					"effect": "pokemon.nidoking.cry"
				}
			}
		}
	}
}