{
  "species": "cobblemon:lucario",
  "order": 0,
  "variations": [
    {
      "aspects": ["cosmetic_item-red_scarf"],
      "poser": "cobblemon:lucario_atm",
      "model": "cobblemon:lucariopmd.geo",
      "texture": "cobblemon:textures/pokemon/0448_lucario/lucariopmd.png",
      "layers": []
    },
    {
      "aspects": ["cosmetic_item-red_scarf","shiny"],
      "texture": "cobblemon:textures/pokemon/0448_lucario/lucariopmd_shiny.png"
    },
    {
      "aspects": ["cosmetic_item-green_scarf"],
      "model": "cobblemon:lucariopsmd.geo",
      "texture": "cobblemon:textures/pokemon/0448_lucario/lucariopsmd.png",
      "layers": []
    },
    {
      "aspects": ["cosmetic_item-green_scarf","shiny"],
      "texture": "cobblemon:textures/pokemon/0448_lucario/lucariopsmd_shiny.png"
    },
    {
      "aspects": ["cosmetic_item-atmxmsd"],
      "model": "cobblemon:lucariopmd.geo",
      "texture": "cobblemon:textures/pokemon/0448_lucario/lucariopmd.png",
      "layers": []
    },
    {
      "aspects": ["cosmetic_item-atmxmsd","shiny"],
      "texture": "cobblemon:textures/pokemon/0448_lucario/lucariopmd_shiny.png"
    },
    {
      "aspects": ["cosmetic_item-atmxmsd2"],
      "model": "cobblemon:lucariopsmd.geo",
      "texture": "cobblemon:textures/pokemon/0448_lucario/lucariopsmd.png",
      "layers": []
    },
    {
      "aspects": ["cosmetic_item-atmxmsd2","shiny"],
      "texture": "cobblemon:textures/pokemon/0448_lucario/lucariopsmd_shiny.png"
    }
  ]
}