{
  "pools": [
    {
      "rolls": 1,
      "entries": [
        {
          "type": "minecraft:item",
          "name": "mega_showdown:adamant_crystal",
          "conditions": [
            {
              "condition": "rctmod:defeat_count",
              "comparator": "==",
              "count": 1
            }
          ]
        }
      ]
    },
    {
      "rolls": 1,
      "entries": [
        {
          "type": "minecraft:item",
          "name": "mega_showdown:adamant_crystal",
          "conditions": [
            {
              "condition": "rctmod:defeat_count",
              "comparator": "==",
              "count": 10
            }
          ]
        }
      ]
    },
    {
      "rolls": {
        "min": 0,
        "max": 1
      },
      "entries": [
        {
          "type": "minecraft:item",
          "name": "cobblemon:ancient_origin_ball",
          "conditions": [
            {
              "condition": "rctmod:defeat_count",
              "comparator": "==",
              "count": 20
            }
          ]
        }
      ]
    },
    {
      "rolls": 1,
      "conditions": [
        {
          "condition": "rctmod:defeat_count",
          "comparator": ">",
          "count": 1
        }
      ],
      "entries": [
        {
          "type": "minecraft:loot_table",
          "value": "rctmod:generic/rare/ancient_balls"
        }
      ]
    }
  ],
  "random_sequence": "rctmod:trainers/single/hisui_damon"
}