{
  "pools": [
    {
      "rolls": {
        "min": 1,
        "max": 1
      },
      "entries": [
        {
          "type": "minecraft:item",
          "name": "cobblemon:campfire_pot_pink"
        },
        {
          "type": "minecraft:item",
          "name": "cobblemon:campfire_pot_white"
        },
        {
          "type": "minecraft:item",
          "name": "cobblemon:campfire_pot_blue"
        },
        {
          "type": "minecraft:item",
          "name": "cobblemon:campfire_pot_red"
        },
        {
          "type": "minecraft:item",
          "name": "cobblemon:campfire_pot_yellow"
        },
        {
          "type": "minecraft:item",
          "name": "cobblemon:campfire_pot_green"
        },
        {
          "type": "minecraft:item",
          "name": "cobblemon:campfire_pot_black"
        }
      ]
    }
  ],
  "random_sequence": "rctmod:trainers/single/pallet_delia"
}