{
  "pools": [
    {
      "rolls": {
        "min": 1,
        "max": 1
      },
      "entries": [
        {
          "type": "minecraft:item",
          "name": "lumymon:silver_wing",
          "conditions": [
            {
              "condition": "rctmod:defeat_count",
              "comparator": "==",
              "count": 1
            }
          ]
        }
      ]
    },
    {
      "rolls": {
        "min": 1,
        "max": 1
      },
      "entries": [
        {
          "type": "minecraft:loot_table",
          "value": "rctmod:generic/legendary/battle",
          "weight": 5
        },
        {
          "type": "minecraft:loot_table",
          "value": "rctmod:generic/legendary/evolution",
          "weight": 5
        },
        {
          "type": "minecraft:loot_table",
          "value": "rctmod:generic/legendary/training",
          "weight": 5
        },
        {
          "type": "minecraft:loot_table",
          "value": "rctmod:generic/legendary/pokeballs",
          "weight": 5
        },
        {
          "type": "minecraft:loot_table",
          "value": "rctmod:generic/legendary/medicine",
          "weight": 5
        },
        {
          "type": "minecraft:loot_table",
          "value": "rctmod:generic/team_rocket/tms",
          "weight": 10
        },
        {
          "type": "minecraft:loot_table",
          "value": "rctmod:generic/team_rocket/gems",
          "weight": 10
        },
        {
          "type": "minecraft:loot_table",
          "value": "rctmod:generic/team_rocket/vitamins",
          "weight": 10
        },
        {
          "type": "minecraft:item",
          "name": "lumymon:silver_wing",
          "weight": 5
        }
      ]
    }
  ],
  "random_sequence": "rctmod:trainers/single/team_rocket_giovanni"
}