{
  "pools": [
    {
      "rolls": {
        "min": 1,
        "max": 1
      },
      "entries": [
        {
          "type": "minecraft:item",
          "name": "lumymon:red_chain",
          "conditions": [
            {
              "condition": "rctmod:defeat_count",
              "comparator": "==",
              "count": 1
            }
          ]
        }
      ]
    },
    {
      "rolls": {
        "min": 0,
        "max": 1
      },
      "conditions": [
        {
          "condition": "rctmod:defeat_count",
          "comparator": ">",
          "count": 1
        }
      ],
      "entries": [
        {
          "type": "minecraft:loot_table",
          "value": "rctmod:generic/rare/candies"
        },
        {
          "type": "minecraft:loot_table",
          "value": "rctmod:generic/team_rocket/tms"
        },
        {
          "type": "minecraft:item",
          "name": "minecraft:ominous_trial_key"
        }
      ]
    }
  ],
  "random_sequence": "rctmod:trainers/single/team_galactic_cyrus"
}