{
	"format_version": "1.12.0",
	"minecraft:geometry": [
		{
			"description": {
				"identifier": "geometry.unknown",
				"texture_width": 128,
				"texture_height": 128,
				"visible_bounds_width": 2,
				"visible_bounds_height": 2.5,
				"visible_bounds_offset": [0, 0.75, 0]
			},
			"bones": [
				{
					"name": "shaymin",
					"pivot": [0, 0, 0]
				},
				{
					"name": "body",
					"parent": "shaymin",
					"pivot": [-0.06583, 2.11917, 0.2325]
				},
				{
					"name": "leg_front_right",
					"parent": "body",
					"pivot": [-2.25, 2.25, -2.925],
					"cubes": [
						{"origin": [-3.5, 0, -3.925], "size": [2, 4, 2], "uv": [64, 40]}
					]
				},
				{
					"name": "locator_foot_primary2",
					"parent": "leg_front_right",
					"pivot": [-2, 0.5, -1.675],
					"rotation": [90, 0, 0],
					"locators": {
						"foot_primary2": [-2, 0.5, -1.675]
					}
				},
				{
					"name": "leg_front_left",
					"parent": "body",
					"pivot": [2.25, 2.25, -2.825],
					"cubes": [
						{"origin": [1.5, 0, -3.925], "size": [2, 4, 2], "uv": [64, 46]}
					]
				},
				{
					"name": "locator_foot_primary5",
					"parent": "leg_front_left",
					"pivot": [2, 0.5, -1.675],
					"rotation": [90, 0, 0],
					"locators": {
						"foot_primary5": [2, 0.5, -1.675]
					}
				},
				{
					"name": "leg_back_right",
					"parent": "body",
					"pivot": [-2.5, 2, 3.075],
					"cubes": [
						{"origin": [-3.5, 0, 1.95], "size": [2, 3, 2], "uv": [40, 54]}
					]
				},
				{
					"name": "locator_foot_primary4",
					"parent": "leg_back_right",
					"pivot": [-2, 0.5, 5.2],
					"rotation": [90, 0, 0],
					"locators": {
						"foot_primary4": [-2, 0.5, 5.2]
					}
				},
				{
					"name": "leg_back_left",
					"parent": "body",
					"pivot": [2.25, 2, 2.875],
					"cubes": [
						{"origin": [1.5, 0, 1.95], "size": [2, 3, 2], "uv": [50, 64]}
					]
				},
				{
					"name": "locator_foot_primary3",
					"parent": "leg_back_left",
					"pivot": [2, 0.5, 5.2],
					"rotation": [90, 0, 0],
					"locators": {
						"foot_primary3": [2, 0.5, 5.2]
					}
				},
				{
					"name": "torso",
					"parent": "body",
					"pivot": [-0.07917, 2.09583, 0.9625],
					"cubes": [
						{"origin": [-4, 2, -4.5], "size": [8, 6, 9], "uv": [0, 14]},
						{"origin": [-4.5, 4.5, -5.05], "size": [9, 4, 10], "uv": [0, 0]}
					]
				},
				{
					"name": "left_flower",
					"parent": "torso",
					"pivot": [4.725, 4, -3.525],
					"rotation": [1.75378, 9.84655, 10.15108],
					"cubes": [
						{"origin": [4.675, 3.425, -2.95], "size": [0, 3, 5], "pivot": [4.675, 4.925, -2.95], "rotation": [12.5, 0, 0], "uv": [40, 59], "mirror": true},
						{"origin": [4.65, 2.625, -2.95], "size": [0, 2, 4], "pivot": [4.65, 4.125, -2.95], "rotation": [-20, 0, 0], "uv": [64, 34], "mirror": true}
					]
				},
				{
					"name": "petal_2",
					"parent": "left_flower",
					"pivot": [3.725, 4, -3.525],
					"rotation": [-52.5, 0, 0],
					"cubes": [
						{"origin": [4.725, 4, -4.525], "size": [0, 3, 2], "inflate": 0.01, "uv": [12, 65], "mirror": true},
						{"origin": [4.05, 4.7, -4.025], "size": [1, 1, 1], "inflate": -0.29, "uv": [68, 30], "mirror": true},
						{"origin": [4.05, 4.3, -4.025], "size": [1, 1, 1], "inflate": -0.29, "uv": [68, 32], "mirror": true}
					]
				},
				{
					"name": "petal_3",
					"parent": "left_flower",
					"pivot": [3.725, 4, -3.525],
					"rotation": [52.5, 0, 0],
					"cubes": [
						{"origin": [4.725, 4, -4.525], "size": [0, 3, 2], "inflate": 0.01, "uv": [16, 65], "mirror": true},
						{"origin": [4.05, 4.3, -4.025], "size": [1, 1, 1], "inflate": -0.29, "uv": [68, 52], "mirror": true},
						{"origin": [4.05, 4.7, -4.025], "size": [1, 1, 1], "inflate": -0.29, "uv": [68, 54], "mirror": true}
					]
				},
				{
					"name": "petal_4",
					"parent": "left_flower",
					"pivot": [3.725, 4, -3.525],
					"rotation": [127.5, 0, 0],
					"cubes": [
						{"origin": [4.725, 4, -4.525], "size": [0, 3, 2], "uv": [20, 65], "mirror": true},
						{"origin": [4.05, 4.7, -4.025], "size": [1, 1, 1], "inflate": -0.29, "uv": [68, 56], "mirror": true},
						{"origin": [4.05, 4.3, -4.025], "size": [1, 1, 1], "inflate": -0.29, "uv": [40, 69], "mirror": true}
					]
				},
				{
					"name": "petal_5",
					"parent": "left_flower",
					"pivot": [3.725, 4, -3.525],
					"rotation": [-127.5, 0, 0],
					"cubes": [
						{"origin": [4.725, 4, -4.525], "size": [0, 3, 2], "uv": [62, 65], "mirror": true},
						{"origin": [4.05, 4.7, -4.025], "size": [1, 1, 1], "inflate": -0.29, "uv": [44, 69], "mirror": true},
						{"origin": [4.05, 4.3, -4.025], "size": [1, 1, 1], "inflate": -0.29, "uv": [48, 69], "mirror": true}
					]
				},
				{
					"name": "petal_6",
					"parent": "left_flower",
					"pivot": [3.725, 4, -3.525],
					"rotation": [180, 0, 0],
					"cubes": [
						{"origin": [4.725, 4, -4.525], "size": [0, 3, 2], "inflate": 0.012, "uv": [66, 65], "mirror": true},
						{"origin": [4.05, 4.7, -4.025], "size": [1, 1, 1], "inflate": -0.29, "uv": [52, 69], "mirror": true},
						{"origin": [4.05, 4.3, -4.025], "size": [1, 1, 1], "inflate": -0.29, "uv": [56, 69], "mirror": true}
					]
				},
				{
					"name": "petal_13",
					"parent": "left_flower",
					"pivot": [3.725, 4, -3.525],
					"cubes": [
						{"origin": [4.725, 4, -4.525], "size": [0, 3, 2], "inflate": 0.012, "uv": [24, 67], "mirror": true},
						{"origin": [4.05, 4.3, -4.025], "size": [1, 1, 1], "inflate": -0.29, "uv": [0, 70], "mirror": true},
						{"origin": [4.05, 4.7, -4.025], "size": [1, 1, 1], "inflate": -0.29, "uv": [70, 0], "mirror": true}
					]
				},
				{
					"name": "right_flower",
					"parent": "torso",
					"pivot": [-4.725, 4, -3.525],
					"rotation": [1.75378, -9.84655, -10.15108],
					"cubes": [
						{"origin": [-4.675, 3.425, -2.95], "size": [0, 3, 5], "pivot": [-4.675, 4.925, -2.95], "rotation": [12.5, 0, 0], "uv": [40, 59]},
						{"origin": [-4.65, 2.625, -2.95], "size": [0, 2, 4], "pivot": [-4.65, 4.125, -2.95], "rotation": [-20, 0, 0], "uv": [64, 34]}
					]
				},
				{
					"name": "petal_7",
					"parent": "right_flower",
					"pivot": [-3.725, 4, -3.525],
					"rotation": [-52.5, 0, 0],
					"cubes": [
						{"origin": [-4.725, 4, -4.525], "size": [0, 3, 2], "inflate": 0.01, "uv": [12, 65]},
						{"origin": [-5.05, 4.7, -4.025], "size": [1, 1, 1], "inflate": -0.29, "uv": [68, 30]},
						{"origin": [-5.05, 4.3, -4.025], "size": [1, 1, 1], "inflate": -0.29, "uv": [68, 32]}
					]
				},
				{
					"name": "petal_8",
					"parent": "right_flower",
					"pivot": [-3.725, 4, -3.525],
					"rotation": [52.5, 0, 0],
					"cubes": [
						{"origin": [-4.725, 4, -4.525], "size": [0, 3, 2], "inflate": 0.01, "uv": [16, 65]},
						{"origin": [-5.05, 4.3, -4.025], "size": [1, 1, 1], "inflate": -0.29, "uv": [68, 52]},
						{"origin": [-5.05, 4.7, -4.025], "size": [1, 1, 1], "inflate": -0.29, "uv": [68, 54]}
					]
				},
				{
					"name": "petal_9",
					"parent": "right_flower",
					"pivot": [-3.725, 4, -3.525],
					"rotation": [127.5, 0, 0],
					"cubes": [
						{"origin": [-4.725, 4, -4.525], "size": [0, 3, 2], "uv": [20, 65]},
						{"origin": [-5.05, 4.7, -4.025], "size": [1, 1, 1], "inflate": -0.29, "uv": [68, 56]},
						{"origin": [-5.05, 4.3, -4.025], "size": [1, 1, 1], "inflate": -0.29, "uv": [40, 69]}
					]
				},
				{
					"name": "petal_10",
					"parent": "right_flower",
					"pivot": [-3.725, 4, -3.525],
					"rotation": [-127.5, 0, 0],
					"cubes": [
						{"origin": [-4.725, 4, -4.525], "size": [0, 3, 2], "uv": [62, 65]},
						{"origin": [-5.05, 4.7, -4.025], "size": [1, 1, 1], "inflate": -0.29, "uv": [44, 69]},
						{"origin": [-5.05, 4.3, -4.025], "size": [1, 1, 1], "inflate": -0.29, "uv": [48, 69]}
					]
				},
				{
					"name": "petal_11",
					"parent": "right_flower",
					"pivot": [-3.725, 4, -3.525],
					"rotation": [180, 0, 0],
					"cubes": [
						{"origin": [-4.725, 4, -4.525], "size": [0, 3, 2], "inflate": 0.012, "uv": [66, 65]},
						{"origin": [-5.05, 4.7, -4.025], "size": [1, 1, 1], "inflate": -0.29, "uv": [52, 69]},
						{"origin": [-5.05, 4.3, -4.025], "size": [1, 1, 1], "inflate": -0.29, "uv": [56, 69]}
					]
				},
				{
					"name": "petal_12",
					"parent": "right_flower",
					"pivot": [-3.725, 4, -3.525],
					"cubes": [
						{"origin": [-4.725, 4, -4.525], "size": [0, 3, 2], "inflate": 0.012, "uv": [24, 67]},
						{"origin": [-5.05, 4.3, -4.025], "size": [1, 1, 1], "inflate": -0.29, "uv": [0, 70]},
						{"origin": [-5.05, 4.7, -4.025], "size": [1, 1, 1], "inflate": -0.29, "uv": [70, 0]}
					]
				},
				{
					"name": "head",
					"parent": "torso",
					"pivot": [0.5, 1.9125, -4.5],
					"cubes": [
						{"origin": [-3.5, 5.5, -7.05], "size": [7, 2, 4], "uv": [30, 29]}
					]
				},
				{
					"name": "bone3",
					"parent": "head",
					"pivot": [2, 2, -5.5],
					"cubes": [
						{"origin": [-3, 2, -6.5], "size": [6, 5, 3], "uv": [0, 74]},
						{"origin": [-0.5, 3.62635, -6.84019], "size": [1, 1, 1], "pivot": [-0.5, 3.8, -6.825], "rotation": [-39.25, 0, 0], "uv": [24, 60]}
					]
				},
				{
					"name": "bone",
					"parent": "bone3",
					"pivot": [0.5, 3.65, -6.375],
					"rotation": [40, 0, 0],
					"cubes": [
						{"origin": [-1.5, 2.46614, -7.51986], "size": [3, 2, 2], "uv": [54, 24]}
					]
				},
				{
					"name": "nose",
					"parent": "bone",
					"pivot": [0, 4.20491, -6.80399],
					"cubes": [
						{"origin": [-0.5, 4.08528, -7.40109], "size": [1, 1, 1], "pivot": [-0.5, 4.25893, -7.3859], "rotation": [-39.25, 0, 0], "uv": [70, 2]}
					]
				},
				{
					"name": "mouth_pog",
					"parent": "bone",
					"pivot": [0, 3.62976, -7.4984],
					"cubes": [
						{"origin": [-0.5, 2.78393, -7.4859], "size": [1, 1, 0], "inflate": 0.001, "uv": [18, 42]},
						{"origin": [-0.5, 3.45893, -7.4859], "size": [1, 1, 0], "inflate": 0.002, "uv": [18, 41]}
					]
				},
				{
					"name": "mouth_normal",
					"parent": "bone",
					"pivot": [0, 3.65476, -7.5234],
					"cubes": [
						{"origin": [-0.5, 3.10893, -7.5109], "size": [1, 1, 0], "inflate": 0.001, "uv": [34, 28]},
						{"origin": [-1, 3.45893, -7.5109], "size": [2, 1, 0], "inflate": 0.002, "uv": [19, 40]}
					]
				},
				{
					"name": "mouth_smile",
					"parent": "bone",
					"pivot": [0, 3.65476, -7.5484],
					"cubes": [
						{"origin": [-0.5, 2.83393, -7.5359], "size": [1, 1, 0], "inflate": 0.001, "uv": [34, 28]},
						{"origin": [-1, 2.98393, -7.5359], "size": [1, 1, 0], "uv": [36, 28]},
						{"origin": [0, 2.98393, -7.5359], "size": [1, 1, 0], "uv": [38, 28]},
						{"origin": [-1, 3.45893, -7.5359], "size": [2, 1, 0], "inflate": 0.002, "uv": [19, 40]},
						{"origin": [-0.5, 3.20893, -7.5359], "size": [1, 1, 0], "inflate": 0.002, "uv": [18, 40]}
					]
				},
				{
					"name": "right_eye",
					"parent": "head",
					"pivot": [-1.8, 2.425, -6.525]
				},
				{
					"name": "eyelid_right",
					"parent": "right_eye",
					"pivot": [-2.3, 4.5, -6.475],
					"cubes": [
						{"origin": [-2.8, 3.5, -6.475], "size": [1, 2, 0], "uv": [48, 67]}
					]
				},
				{
					"name": "eye_open_right",
					"parent": "right_eye",
					"pivot": [-1.8, 3.5, -5.75],
					"cubes": [
						{"origin": [-2.8, 3.5, -6.525], "size": [1, 2, 1], "inflate": 0.01, "uv": [28, 67]},
						{"origin": [-2.65, 4.775, -6.8], "size": [1, 1, 1], "inflate": -0.24, "uv": [70, 4], "mirror": true}
					]
				},
				{
					"name": "eye_inner_right",
					"parent": "eye_open_right",
					"pivot": [-1.8, 3.5, -5.75],
					"cubes": [
						{"origin": [-2.8, 3.5, -6.75], "size": [1, 2, 1], "inflate": -0.2, "uv": [32, 67]}
					]
				},
				{
					"name": "yipie_eye_right",
					"parent": "right_eye",
					"pivot": [-2.25, 4.33333, -6.2],
					"cubes": [
						{"origin": [-2.3, 3.775, -6.7], "size": [1, 1, 1], "inflate": -0.215, "uv": [70, 8], "mirror": true},
						{"origin": [-3.2, 3.775, -6.7], "size": [1, 1, 1], "inflate": -0.2152, "uv": [70, 6], "mirror": true},
						{"origin": [-2.75, 3.95, -6.7], "size": [1, 1, 1], "inflate": -0.2147, "uv": [70, 6], "mirror": true}
					]
				},
				{
					"name": "left_eye",
					"parent": "head",
					"pivot": [1.8, 2.425, -6.525]
				},
				{
					"name": "yipie_eye_left",
					"parent": "left_eye",
					"pivot": [2.25, 4.33333, -6.2],
					"cubes": [
						{"origin": [1.3, 3.775, -6.7], "size": [1, 1, 1], "inflate": -0.215, "uv": [70, 8]},
						{"origin": [2.2, 3.775, -6.7], "size": [1, 1, 1], "inflate": -0.2152, "uv": [70, 6]},
						{"origin": [1.75, 3.95, -6.7], "size": [1, 1, 1], "inflate": -0.2147, "uv": [70, 6]}
					]
				},
				{
					"name": "eye_open_left",
					"parent": "left_eye",
					"pivot": [1.8, 3.5, -5.525],
					"cubes": [
						{"origin": [1.8, 3.5, -6.525], "size": [1, 2, 1], "uv": [64, 24]},
						{"origin": [1.65, 4.775, -6.8], "size": [1, 1, 1], "inflate": -0.24, "uv": [70, 4]}
					]
				},
				{
					"name": "eye_inner_left",
					"parent": "eye_open_left",
					"pivot": [2.3, 4.5, -6.25],
					"cubes": [
						{"origin": [1.8, 3.5, -6.75], "size": [1, 2, 1], "inflate": -0.2, "uv": [36, 67]}
					]
				},
				{
					"name": "eyelid_left",
					"parent": "left_eye",
					"pivot": [2.3, 4.5, -6.475],
					"cubes": [
						{"origin": [1.8, 3.5, -6.475], "size": [1, 2, 0], "uv": [28, 60]}
					]
				},
				{
					"name": "back_fur",
					"parent": "torso",
					"pivot": [0, 8.68976, 0.08728],
					"cubes": [
						{"origin": [-1.5, 7.325, -6.675], "size": [3, 2, 5], "pivot": [0.5, 7.325, -5.675], "rotation": [17.5, 0, 0], "uv": [38, 7]},
						{"origin": [-1.5, 7.275, 1.975], "size": [3, 2, 4], "pivot": [0.5, 7.275, 5.975], "rotation": [-17.5, 0, 0], "uv": [54, 12]},
						{"origin": [-2.5, 6.625, 2.55], "size": [5, 2, 4], "pivot": [1.5, 6.625, 4.55], "rotation": [-15, 0, 0], "uv": [30, 35]},
						{"origin": [-1.5, 8.575, 0.325], "size": [5, 2, 5], "pivot": [0.5, 8.575, 0.325], "rotation": [0, 90, 22.5], "uv": [34, 14]},
						{"origin": [-3.5, 8.575, 0.325], "size": [5, 2, 5], "pivot": [-0.5, 8.575, 0.325], "rotation": [0, -90, -22.5], "uv": [34, 21]},
						{"origin": [-2.475, 7.425, -7.275], "size": [3, 2, 5], "pivot": [-0.975, 8.425, -2.25], "rotation": [7.5, 42.5, 0], "uv": [0, 40]},
						{"origin": [-1.9, 9.425, -6.825], "size": [3, 1, 5], "pivot": [-0.4, 10.425, -1.8], "rotation": [3.9797, 62.7861, -3.05694], "uv": [16, 48]},
						{"origin": [-1.1, 9.425, -6.825], "size": [3, 1, 5], "pivot": [0.4, 10.425, -1.8], "rotation": [3.9797, -62.7861, 3.05694], "uv": [32, 48]},
						{"origin": [-1, 9.95, -6.35], "size": [2, 1, 5], "pivot": [-0.5, 10.95, -1.325], "rotation": [-10, 0, 0], "uv": [16, 54]},
						{"origin": [-1, 9.95, 1.35], "size": [2, 1, 5], "pivot": [-0.5, 10.95, 1.325], "rotation": [10, 0, 0], "uv": [54, 18]},
						{"origin": [-1.85, 9.2, 0.025], "size": [3, 1, 5], "pivot": [-0.35, 10.2, 0], "rotation": [0, 90, -12.5], "uv": [48, 47]},
						{"origin": [-0.775, 9.9, 0.4], "size": [2, 1, 4], "pivot": [-0.275, 10.9, 0.375], "rotation": [0, 90, -22.5], "uv": [50, 59]},
						{"origin": [-1, 10.10406, -0.47384], "size": [2, 1, 4], "inflate": 0.01, "pivot": [0, 11.28799, -0.125], "rotation": [22.5, 0, 0], "uv": [24, 62]},
						{"origin": [-1, 10.10406, -0.47384], "size": [2, 1, 4], "inflate": 0.01, "pivot": [0, 11.28799, -0.125], "rotation": [-157.5, 0, -180], "uv": [12, 60]},
						{"origin": [-1.225, 9.9, 0.4], "size": [2, 1, 4], "pivot": [0.275, 10.9, 0.375], "rotation": [0, -90, 22.5], "uv": [0, 60]},
						{"origin": [-1.15, 9.2, 0.025], "size": [3, 1, 5], "pivot": [0.35, 10.2, 0], "rotation": [0, -90, 12.5], "uv": [52, 28]},
						{"origin": [-2.4, 10.35, -6.35], "size": [3, 1, 5], "pivot": [0.1, 11.35, -1.325], "rotation": [9.06339, 22.56666, -0.41879], "uv": [48, 53]},
						{"origin": [-2.4, 10.35, 1.35], "size": [3, 1, 5], "pivot": [0.1, 11.35, 1.325], "rotation": [-9.06339, -22.56666, -0.41879], "uv": [54, 6]},
						{"origin": [-0.6, 10.35, -6.35], "size": [3, 1, 5], "pivot": [-0.1, 11.35, -1.325], "rotation": [9.06339, -22.56666, 0.41879], "uv": [0, 54]},
						{"origin": [-0.6, 10.35, 1.35], "size": [3, 1, 5], "pivot": [-0.1, 11.35, 1.325], "rotation": [-9.06339, 22.56666, 0.41879], "uv": [54, 0]},
						{"origin": [-1.1, 9.425, 1.675], "size": [3, 1, 5], "pivot": [0.4, 10.425, 1.65], "rotation": [-3.9797, 62.7861, 3.05694], "uv": [48, 35]},
						{"origin": [-1.9, 9.425, 1.675], "size": [3, 1, 5], "pivot": [-0.4, 10.425, 1.65], "rotation": [-3.9797, -62.7861, -3.05694], "uv": [48, 41]},
						{"origin": [-0.525, 7.425, -7.275], "size": [3, 2, 5], "pivot": [0.975, 8.425, -2.25], "rotation": [7.5, -42.5, 0], "uv": [16, 41]},
						{"origin": [-0.525, 7.425, 1.625], "size": [3, 2, 5], "pivot": [0.975, 8.425, 1.6], "rotation": [-7.5, 42.5, 0], "uv": [32, 41]},
						{"origin": [-2.475, 7.425, 1.625], "size": [3, 2, 5], "pivot": [-0.975, 8.425, 1.6], "rotation": [-7.5, -42.5, 0], "uv": [0, 47]}
					]
				}
			]
		}
	]
}