{
	"format_version": "1.10.0",
	"particle_effect": {
		"description": {
			"identifier": "cobblemon:infernal_parade",
			"basic_render_parameters": {
				"material": "particles_alpha",
				"texture": "textures/particles/generic/fire/ember"
			}
		},
		"curves": {
			"variable.rainbow": {
				"type": "catmull_rom",
				"input": "variable.particle_random_2",
				"horizontal_range": 1,
				"nodes": [1, 0, 1, 1.18]
			},
			"variable.psize": {
				"type": "catmull_rom",
				"input": "variable.particle_age",
				"horizontal_range": "variable.particle_lifetime",
				"nodes": [0, 0, 1, 0, 0]
			}
		},
		"components": {
			"minecraft:emitter_initialization": {
				"creation_expression": "variable.radius = 2.5;"
			},
			"minecraft:emitter_rate_steady": {
				"spawn_rate": 42,
				"max_particles": 500
			},
			"minecraft:emitter_lifetime_once": {
				"active_time": 1
			},
			"minecraft:emitter_shape_point": {},
			"minecraft:particle_lifetime_expression": {
				"max_lifetime": 0.5
			},
			"minecraft:particle_initial_spin": {
				"rotation": 360,
				"rotation_rate": -180
			},
			"minecraft:particle_initial_speed": 0.24,
			"minecraft:particle_motion_dynamic": {
				"linear_acceleration": [0, 4, 0]
			},
			"minecraft:particle_appearance_billboard": {
				"size": [0.1, 0.1],
				"facing_camera_mode": "rotate_xyz",
				"uv": {
					"texture_width": 25,
					"texture_height": 5,
					"flipbook": {
						"base_UV": [0, 0],
						"size_UV": [5, 5],
						"step_UV": [5, 0],
						"frames_per_second": 16,
						"max_frame": 5
					}
				}
			},
			"minecraft:particle_appearance_tinting": {
				"color": {
					"interpolant": "v.particle_age / v.particle_lifetime",
					"gradient": {
						"0.14": "#FF5623BE",
						"0.68": "#FFFF29FF"
					}
				}
			}
		}
	}
}