{
    "head": "head",
	"portraitScale": 2.1,
    "portraitTranslation": [ -0.6, 0.2, 0 ],
    "profileScale": 0.82,
    "profileTranslation": [ 0, 0.54, 0 ],
	"cry":  "q.bedrock(furret, cry)",
	"faint": "q.bedrock(furret, sleep)",
    "poses": {
      "standing": {
        "poseName": "standing",
        "transformTicks": 10,
        "poseTypes": [
          "STAND",
          "NONE",
          "PORTRAIT",
          "PROFILE"
        ],
        "animations": [
          "q.bedrock(furret, ground_idle)"
        ],
        "quirks": [
          {
            "name": "blink",
            "animations": ["q.bedrock(furret, blink)"]
          }
		]		  
      },
      "walking": {
        "poseName": "walking",
        "transformTicks": 10,
        "poseTypes": [ "WALK" ],
        "animations": [ "q.bedrock(furret, ground_walk)" ]
		},
    "sleeping": {
      "poseName": "sleeping",
      "transformTicks": 10,
      "poseTypes": [
        "SLEEP"
      ],
      "animations": [
        "q.bedrock(furret, sleep)"
      ]
		},
   "leftshoulder": {
     "poseName": "left_shoulder",
     "transformTicks": 10,
     "poseTypes": [
       "SHOULDER_LEFT"
     ],
     "animations": [
       "q.bedrock(furret, left_shoulder)"
     ],
     "quirks": [
       {
         "name": "blink",
         "animations": [
           "q.bedrock(furret, blink)"
         ]
       }
     ]
   },
   "rightshoulder": {
     "poseName": "right_shoulder",
     "transformTicks": 10,
     "poseTypes": [
       "SHOULDER_RIGHT"
     ],
     "animations": [
       "q.bedrock(furret, right_shoulder)"
     ],
     "quirks": [
       {
         "name": "blink",
         "animations": [
           "q.bedrock(furret, blink)"
         ]
       }
     ]
   }
      }
    }