{
  "species": "cobblemon:florges",
  "order": 0,
  "variations": [
    {
      "aspects": [],
      "poser": "cobblemon:florges",
      "model": "cobblemon:florges.geo",
      "texture": "cobblemon:textures/pokemon/0671_florges/florges.png",
      "layers": []
    },
    {
      "aspects": [
        "flower-blue"
      ],
      "texture": "cobblemon:textures/pokemon/0671_florges/florges_blue.png",
      "layers": [
        {
          "texture": "cobblemon:textures/pokemon/0671_florges/florges_flower_blue.png"
        }
      ]
    },
    {
      "aspects": [
        "flower-orange"
      ],
      "texture": "cobblemon:textures/pokemon/0671_florges/florges_orange.png",
      "layers": [
        {
          "texture": "cobblemon:textures/pokemon/0671_florges/florges_flower_orange.png"
        }
      ]
    },
    {
      "aspects": [
        "flower-yellow"
      ],
      "texture": "cobblemon:textures/pokemon/0671_florges/florges_yellow.png",
      "layers": [
        {
          "texture": "cobblemon:textures/pokemon/0671_florges/florges_flower_yellow.png"
        }
      ]
    },
    {
      "aspects": [
        "flower-white"
      ],
      "texture": "cobblemon:textures/pokemon/0671_florges/florges_white.png",
      "layers": [
        {
          "texture": "cobblemon:textures/pokemon/0671_florges/florges_flower_white.png"
        }
      ]
    },
    {
      "aspects": [
        "flower-red"
      ],
      "texture": "cobblemon:textures/pokemon/0671_florges/florges_red.png",
      "layers": [
        {
          "texture": "cobblemon:textures/pokemon/0671_florges/florges_flower_red.png"
        }
      ]
    },
    {
      "aspects": [
        "flower-pink"
      ],
      "texture": "cobblemon:textures/pokemon/0671_florges/florges_pink.png",
      "layers": [
        {
          "texture": "cobblemon:textures/pokemon/0671_florges/florges_flower_pink.png"
        }
      ]
    },
    {
      "aspects": [
        "flower-blue",
        "shiny"
      ],
      "texture": "cobblemon:textures/pokemon/0671_florges/florges_blue_shiny.png",
      "layers": [
        {
          "texture": "cobblemon:textures/pokemon/0671_florges/florges_flower_blue.png"
        }
      ]
    },
    {
      "aspects": [
        "flower-orange",
        "shiny"
      ],
      "texture": "cobblemon:textures/pokemon/0671_florges/florges_orange_shiny.png",
      "layers": [
        {
          "texture": "cobblemon:textures/pokemon/0671_florges/florges_flower_orange.png"
        }
      ]
    },
    {
      "aspects": [
        "flower-yellow",
        "shiny"
      ],
      "texture": "cobblemon:textures/pokemon/0671_florges/florges_yellow_shiny.png",
      "layers": [
        {
          "texture": "cobblemon:textures/pokemon/0671_florges/florges_flower_yellow.png"
        }
      ]
    },
    {
      "aspects": [
        "flower-white",
        "shiny"
      ],
      "texture": "cobblemon:textures/pokemon/0671_florges/florges_white_shiny.png",
      "layers": [
        {
          "texture": "cobblemon:textures/pokemon/0671_florges/florges_flower_white.png"
        }
      ]
    },
    {
      "aspects": [
        "flower-red",
        "shiny"
      ],
      "texture": "cobblemon:textures/pokemon/0671_florges/florges_red_shiny.png",
      "layers": [
        {
          "texture": "cobblemon:textures/pokemon/0671_florges/florges_flower_red.png"
        }
      ]
    },
    {
      "aspects": [
        "flower-pink",
        "shiny"
      ],
      "texture": "cobblemon:textures/pokemon/0671_florges/florges_pink_shiny.png",
      "layers": [
        {
          "texture": "cobblemon:textures/pokemon/0671_florges/florges_flower_pink.png"
        }
      ]
    }
  ]
}