{
    "portraitScale":1.9,
    "portraitTranslation":[0.2,-0.8,0],
    "profileScale":0.9,
    "profileTranslation":[0,0.4,0],
    "poses":{
        "standing":{
            "poseName":"standing",
            "transformTicks":10,
            "poseTypes":["STAND","NONE","PORTRAIT","PROFILE"],
            "animations":["bedrock(clobbopus, ground_idle)"],
            "quirks":[]
        },
        "walking":{
            "poseName":"walking",
            "transformTicks":10,
            "poseTypes":["WALK"],
            "animations":["bedrock(clobbopus, ground_walk)"],
            "quirks":[]
        }
    }
}