{
  "species": "cobblemon:solgaleo",
  "order": 1,
  "variations": [
    {
      "aspects": [],
      "poser": "cobblemon:solgaleo",
      "model": "cobblemon:solgaleo.geo",
      "texture": "cobblemon:textures/pokemon/0791_solgaleo/solgaleo.png",
      "layers": [
        {
          "name": "glow",
          "emissive": true,
          "texture": "cobblemon:textures/pokemon/0791_solgaleo/solgaleo_emissive.png",
          "translucent": false
        }
      ] 
    },
    {
      "aspects": ["shiny"],
      "texture": "cobblemon:textures/pokemon/0791_solgaleo/solgaleo_shiny.png",
      "layers": [
        {
          "name": "glow",
          "emissive": true,
          "texture": "cobblemon:textures/pokemon/0791_solgaleo/solgaleo_emissive.png",
          "translucent": false
        }
      ]
    }
  ]
}