{
    "species": "cobblemon:dialga",
    "order": 1,
    "variations": [
        {
            "aspects": [],
            "poser": "cobblemon:dialga",
            "model": "cobblemon:dialga.geo",
            "texture": "cobblemon:textures/pokemon/0483_dialga/dialga.png",
            "layers": [
                {
                    "name": "emissive",
                    "emissive": true,
                    "texture": "cobblemon:textures/pokemon/0483_dialga/dialga_emissive.png",
                    "translucent": false
                }
            ] 
        },
        {
            "aspects": [
                "shiny"
            ],
            "texture": "cobblemon:textures/pokemon/0483_dialga/dialga_shiny.png",
            "layers": [
                {
                    "name": "emissive",
                    "emissive": true,
                    "texture": "cobblemon:textures/pokemon/0483_dialga/dialga_emissive_shiny.png",
                    "translucent": false
                }   
             ]
        },
        {
            "aspects": [
                "origin-forme"
            ],
            "poser": "cobblemon:dialga_origin",
            "model": "cobblemon:dialga_origin.geo",
            "texture": "cobblemon:textures/pokemon/0483_dialga/dialga_origin.png",
            "layers": [
                {
                    "name": "emissive",
                    "emissive": true,
                    "texture": "cobblemon:textures/pokemon/0483_dialga/dialga_origin_emissive.png",
                    "translucent": false
                }
            ]
        },
        {
            "aspects": [
                "origin-forme","shiny"
            ],
            "poser": "cobblemon:dialga_origin",
            "model": "cobblemon:dialga_origin.geo",
            "texture": "cobblemon:textures/pokemon/0483_dialga/dialga_origin_shiny.png",
            "layers": [
                {
                    "name": "emissive",
                    "emissive": true,
                    "texture": "cobblemon:textures/pokemon/0483_dialga/dialga_origin_emissive.png",
                    "translucent": false
                }
            ]
        }
    ]
}