{
  "pools": [
    {
      "rolls": {
        "min": 1,
        "max": 1
      },
      "entries": [
        {
          "type": "minecraft:item",
          "name": "cobblemon:leek_and_potato_stew"
        },
        {
          "type": "minecraft:item",
          "name": "cobblemon:roasted_leek"
        },
        {
          "type": "minecraft:item",
          "name": "minecraft:beetroot_soup"
        },
        {
          "type": "minecraft:item",
          "name": "minecraft:candle"
        },
        {
          "type": "minecraft:item",
          "name": "minecraft:coal",
          "functions": [
            {
              "function": "minecraft:set_count",
              "count": {
                "min": 1,
                "max": 3
              }
            }
          ]
        },
        {
          "type": "minecraft:item",
          "name": "minecraft:copper_ingot",
          "functions": [
            {
              "function": "minecraft:set_count",
              "count": {
                "min": 1,
                "max": 2
              }
            }
          ]
        },
        {
          "type": "minecraft:item",
          "name": "minecraft:iron_nugget",
          "functions": [
            {
              "function": "minecraft:set_count",
              "count": {
                "min": 1,
                "max": 3
              }
            }
          ]
        },
        {
          "type": "minecraft:item",
          "name": "minecraft:lead"
        },
        {
          "type": "minecraft:item",
          "name": "minecraft:milk_bucket"
        },
        {
          "type": "minecraft:item",
          "name": "minecraft:mushroom_stew"
        },
        {
          "type": "minecraft:item",
          "name": "minecraft:painting"
        },
        {
          "type": "minecraft:item",
          "name": "minecraft:suspicious_stew"
        }
      ]
    }
  ],
  "random_sequence": "rctmod:generic/common/diverse"
}