{
  "pools": [
    {
      "rolls": {
        "min": 1,
        "max": 1
      },
      "entries": [
        {
          "type": "minecraft:item",
          "name": "cobblemon:growth_mulch"
        },
        {
          "type": "minecraft:item",
          "name": "cobblemon:mulch_base"
        },
        {
          "type": "minecraft:item",
          "name": "cobblemon:pep_up_flower"
        },
        {
          "type": "minecraft:item",
          "name": "cobblemon:remedy",
          "functions": [
            {
              "function": "minecraft:set_count",
              "count": {
                "min": 1,
                "max": 2
              }
            }
          ],
          "conditions": [
            {
              "condition": "rctmod:level_range",
              "range": {
                "min": 0,
                "max": 15
              }
            }
          ]
        },
        {
          "type": "minecraft:item",
          "name": "minecraft:acacia_sapling"
        },
        {
          "type": "minecraft:item",
          "name": "minecraft:allium"
        },
        {
          "type": "minecraft:item",
          "name": "minecraft:apple"
        },
        {
          "type": "minecraft:item",
          "name": "minecraft:azure_bluet"
        },
        {
          "type": "minecraft:item",
          "name": "minecraft:birch_sapling"
        },
        {
          "type": "minecraft:item",
          "name": "minecraft:blue_orchid"
        },
        {
          "type": "minecraft:item",
          "name": "minecraft:brown_mushroom"
        },
        {
          "type": "minecraft:item",
          "name": "minecraft:cactus"
        },
        {
          "type": "minecraft:item",
          "name": "minecraft:cherry_sapling"
        },
        {
          "type": "minecraft:item",
          "name": "minecraft:cornflower"
        },
        {
          "type": "minecraft:item",
          "name": "minecraft:dandelion"
        },
        {
          "type": "minecraft:item",
          "name": "minecraft:dark_oak_sapling"
        },
        {
          "type": "minecraft:item",
          "name": "minecraft:glow_berries"
        },
        {
          "type": "minecraft:item",
          "name": "minecraft:jungle_sapling"
        },
        {
          "type": "minecraft:item",
          "name": "minecraft:lily_of_the_valley"
        },
        {
          "type": "minecraft:item",
          "name": "minecraft:mangrove_propagule"
        },
        {
          "type": "minecraft:item",
          "name": "minecraft:oak_sapling"
        },
        {
          "type": "minecraft:item",
          "name": "minecraft:orange_tulip"
        },
        {
          "type": "minecraft:item",
          "name": "minecraft:oxeye_daisy"
        },
        {
          "type": "minecraft:item",
          "name": "minecraft:pink_tulip"
        },
        {
          "type": "minecraft:item",
          "name": "minecraft:poppy"
        },
        {
          "type": "minecraft:item",
          "name": "minecraft:pumpkin"
        },
        {
          "type": "minecraft:item",
          "name": "minecraft:red_mushroom"
        },
        {
          "type": "minecraft:item",
          "name": "minecraft:red_tulip"
        },
        {
          "type": "minecraft:item",
          "name": "minecraft:sea_pickle"
        },
        {
          "type": "minecraft:item",
          "name": "minecraft:spruce_sapling"
        },
        {
          "type": "minecraft:item",
          "name": "minecraft:sweet_berries"
        },
        {
          "type": "minecraft:item",
          "name": "minecraft:wheat_seeds"
        },
        {
          "type": "minecraft:item",
          "name": "minecraft:white_tulip"
        }
      ]
    }
  ],
  "random_sequence": "rctmod:generic/common/nature"
}