{
  "head": "head",
	"portraitScale": 1.5,
  "portraitTranslation": [ -0.2, 4.4, 0 ],
  "profileScale": 0.3,
  "profileTranslation": [ 0, 1.4, 0 ],
  "poses": {
    "standing": {
      "poseName": "standing",
      "transformTicks": 10,
      "poseTypes": [
        "STAND",
        "NONE",
        "PORTRAIT",
        "PROFILE"
      ],
      "animations": [
        "bedrock(nihilego, ground_idle)"
      ]
    },
    "walking": {
      "poseName": "walking",
      "transformTicks": 10,
      "poseTypes": [ "WALK" ],
      "animations": [ "bedrock(nihilego, ground_walk)" ]
		},
    "flying": {
      "poseName": "flying",
      "transformTicks": 10,
      "poseTypes": [ "FLY" ],
      "animations": [ "bedrock(nihilego, ground_walk)" ]
    },
	  "hovering": {
      "poseName": "hovering",
      "transformTicks": 10,
      "poseTypes": [ "HOVER" ],
      "animations": [ "bedrock(nihilego, ground_idle)" ]
    }
  }
}