{
  "pools": [
    {
      "rolls": {
        "min": 0,
        "max": 1
      },
      "entries": [
        {
          "type": "minecraft:item",
          "name": "cobblemon:brittle_candy",
          "weight": 5
        },
        {
          "type": "minecraft:item",
          "name": "cobblemon:weak_candy",
          "weight": 5
        },
        {
          "type": "minecraft:item",
          "name": "cobblemon:smart_candy",
          "weight": 5
        },
        {
          "type": "minecraft:item",
          "name": "cobblemon:sickly_candy",
          "weight": 5
        },
        {
          "type": "minecraft:item",
          "name": "cobblemon:numb_candy",
          "weight": 5
        },
        {
          "type": "minecraft:item",
          "name": "cobblemon:mighty_candy",
          "weight": 5
        },
        {
          "type": "minecraft:item",
          "name": "cobblemon:tough_candy",
          "weight": 5
        },
        {
          "type": "minecraft:item",
          "name": "cobblemon:quick_candy",
          "weight": 5
        },
        {
          "type": "minecraft:item",
          "name": "cobblemon:coward_candy",
          "weight": 5
        },
        {
          "type": "minecraft:item",
          "name": "cobblemon:slow_candy",
          "weight": 5
        },
        {
          "type": "minecraft:item",
          "name": "cobblemon:courage_candy",
          "weight": 5
        }
      ]
    }
  ],
  "random_sequence": "rctmod:generic/rare/candies"
}