{
  "pools": [
    {
      "rolls": {
        "max": 1,
        "min": 1
      },
      "entries": [
        {
          "type": "minecraft:item",
          "name": "tmcraft:tm_absorb"
        },
        {
          "type": "minecraft:item",
          "name": "tmcraft:tm_accelerock"
        },
        {
          "type": "minecraft:item",
          "name": "tmcraft:tm_acid"
        },
        {
          "type": "minecraft:item",
          "name": "tmcraft:tm_acidarmor"
        },
        {
          "type": "minecraft:item",
          "name": "tmcraft:tm_aciddownpour"
        },
        {
          "type": "minecraft:item",
          "name": "tmcraft:tm_acidspray"
        },
        {
          "type": "minecraft:item",
          "name": "tmcraft:tm_acrobatics"
        },
        {
          "type": "minecraft:item",
          "name": "tmcraft:tm_acupressure"
        },
        {
          "type": "minecraft:item",
          "name": "tmcraft:tm_aerialace"
        },
        {
          "type": "minecraft:item",
          "name": "tmcraft:tm_aeroblast"
        },
        {
          "type": "minecraft:item",
          "name": "tmcraft:tm_afteryou"
        },
        {
          "type": "minecraft:item",
          "name": "tmcraft:tm_agility"
        },
        {
          "type": "minecraft:item",
          "name": "tmcraft:tm_aircutter"
        },
        {
          "type": "minecraft:item",
          "name": "tmcraft:tm_airslash"
        },
        {
          "type": "minecraft:item",
          "name": "tmcraft:tm_allyswitch"
        },
        {
          "type": "minecraft:item",
          "name": "tmcraft:tm_amnesia"
        },
        {
          "type": "minecraft:item",
          "name": "tmcraft:tm_anchorshot"
        },
        {
          "type": "minecraft:item",
          "name": "tmcraft:tm_alloutpummeling"
        },
        {
          "type": "minecraft:item",
          "name": "tmcraft:tm_ancientpower"
        },
        {
          "type": "minecraft:item",
          "name": "tmcraft:tm_appleacid"
        },
        {
          "type": "minecraft:item",
          "name": "tmcraft:tm_aquacutter"
        },
        {
          "type": "minecraft:item",
          "name": "tmcraft:tm_aquajet"
        },
        {
          "type": "minecraft:item",
          "name": "tmcraft:tm_aquaring"
        },
        {
          "type": "minecraft:item",
          "name": "tmcraft:tm_aquastep"
        },
        {
          "type": "minecraft:item",
          "name": "tmcraft:tm_aquatail"
        },
        {
          "type": "minecraft:item",
          "name": "tmcraft:tm_armorcannon"
        },
        {
          "type": "minecraft:item",
          "name": "tmcraft:tm_armthrust"
        },
        {
          "type": "minecraft:item",
          "name": "tmcraft:tm_aromatherapy"
        },
        {
          "type": "minecraft:item",
          "name": "tmcraft:tm_aromaticmist"
        },
        {
          "type": "minecraft:item",
          "name": "tmcraft:tm_assist"
        },
        {
          "type": "minecraft:item",
          "name": "tmcraft:tm_assurance"
        },
        {
          "type": "minecraft:item",
          "name": "tmcraft:tm_astonish"
        },
        {
          "type": "minecraft:item",
          "name": "tmcraft:tm_astralbarrage"
        },
        {
          "type": "minecraft:item",
          "name": "tmcraft:tm_attackorder"
        },
        {
          "type": "minecraft:item",
          "name": "tmcraft:tm_attract"
        },
        {
          "type": "minecraft:item",
          "name": "tmcraft:tm_aurasphere"
        },
        {
          "type": "minecraft:item",
          "name": "tmcraft:tm_aurawheel"
        },
        {
          "type": "minecraft:item",
          "name": "tmcraft:tm_aurorabeam"
        },
        {
          "type": "minecraft:item",
          "name": "tmcraft:tm_auroraveil"
        },
        {
          "type": "minecraft:item",
          "name": "tmcraft:tm_autotomize"
        },
        {
          "type": "minecraft:item",
          "name": "tmcraft:tm_avalanche"
        },
        {
          "type": "minecraft:item",
          "name": "tmcraft:tm_axekick"
        },
        {
          "type": "minecraft:item",
          "name": "tmcraft:tm_babydolleyes"
        },
        {
          "type": "minecraft:item",
          "name": "tmcraft:tm_baddybad"
        },
        {
          "type": "minecraft:item",
          "name": "tmcraft:tm_banefulbunker"
        },
        {
          "type": "minecraft:item",
          "name": "tmcraft:tm_barbbarrage"
        },
        {
          "type": "minecraft:item",
          "name": "tmcraft:tm_barrage"
        },
        {
          "type": "minecraft:item",
          "name": "tmcraft:tm_barrier"
        },
        {
          "type": "minecraft:item",
          "name": "tmcraft:tm_batonpass"
        },
        {
          "type": "minecraft:item",
          "name": "tmcraft:tm_beakblast"
        },
        {
          "type": "minecraft:item",
          "name": "tmcraft:tm_beatup"
        },
        {
          "type": "minecraft:item",
          "name": "tmcraft:tm_behemothbash"
        },
        {
          "type": "minecraft:item",
          "name": "tmcraft:tm_behemothblade"
        },
        {
          "type": "minecraft:item",
          "name": "tmcraft:tm_belch"
        },
        {
          "type": "minecraft:item",
          "name": "tmcraft:tm_bellydrum"
        },
        {
          "type": "minecraft:item",
          "name": "tmcraft:tm_bestow"
        },
        {
          "type": "minecraft:item",
          "name": "tmcraft:tm_bide"
        },
        {
          "type": "minecraft:item",
          "name": "tmcraft:tm_bind"
        },
        {
          "type": "minecraft:item",
          "name": "tmcraft:tm_bite"
        },
        {
          "type": "minecraft:item",
          "name": "tmcraft:tm_bitterblade"
        },
        {
          "type": "minecraft:item",
          "name": "tmcraft:tm_bittermalice"
        },
        {
          "type": "minecraft:item",
          "name": "tmcraft:tm_blackholeeclipse"
        },
        {
          "type": "minecraft:item",
          "name": "tmcraft:tm_blastburn"
        },
        {
          "type": "minecraft:item",
          "name": "tmcraft:tm_blazekick"
        },
        {
          "type": "minecraft:item",
          "name": "tmcraft:tm_blazingtorque"
        },
        {
          "type": "minecraft:item",
          "name": "tmcraft:tm_bleakwindstorm"
        },
        {
          "type": "minecraft:item",
          "name": "tmcraft:tm_block"
        },
        {
          "type": "minecraft:item",
          "name": "tmcraft:tm_bloomdoom"
        },
        {
          "type": "minecraft:item",
          "name": "tmcraft:tm_blueflare"
        },
        {
          "type": "minecraft:item",
          "name": "tmcraft:tm_bodypress"
        },
        {
          "type": "minecraft:item",
          "name": "tmcraft:tm_bodyslam"
        },
        {
          "type": "minecraft:item",
          "name": "tmcraft:tm_boltbeak"
        },
        {
          "type": "minecraft:item",
          "name": "tmcraft:tm_boltstrike"
        },
        {
          "type": "minecraft:item",
          "name": "tmcraft:tm_boneclub"
        },
        {
          "type": "minecraft:item",
          "name": "tmcraft:tm_bonemerang"
        },
        {
          "type": "minecraft:item",
          "name": "tmcraft:tm_bonerush"
        },
        {
          "type": "minecraft:item",
          "name": "tmcraft:tm_boomburst"
        },
        {
          "type": "minecraft:item",
          "name": "tmcraft:tm_bounce"
        },
        {
          "type": "minecraft:item",
          "name": "tmcraft:tm_bouncybubble"
        },
        {
          "type": "minecraft:item",
          "name": "tmcraft:tm_branchpoke"
        },
        {
          "type": "minecraft:item",
          "name": "tmcraft:tm_bravebird"
        },
        {
          "type": "minecraft:item",
          "name": "tmcraft:tm_breakingswipe"
        },
        {
          "type": "minecraft:item",
          "name": "tmcraft:tm_breakneckblitz"
        },
        {
          "type": "minecraft:item",
          "name": "tmcraft:tm_brickbreak"
        },
        {
          "type": "minecraft:item",
          "name": "tmcraft:tm_brine"
        },
        {
          "type": "minecraft:item",
          "name": "tmcraft:tm_brutalswing"
        },
        {
          "type": "minecraft:item",
          "name": "tmcraft:tm_bubble"
        },
        {
          "type": "minecraft:item",
          "name": "tmcraft:tm_bubblebeam"
        },
        {
          "type": "minecraft:item",
          "name": "tmcraft:tm_bugbite"
        },
        {
          "type": "minecraft:item",
          "name": "tmcraft:tm_bugbuzz"
        },
        {
          "type": "minecraft:item",
          "name": "tmcraft:tm_bulkup"
        },
        {
          "type": "minecraft:item",
          "name": "tmcraft:tm_bulldoze"
        },
        {
          "type": "minecraft:item",
          "name": "tmcraft:tm_bulletpunch"
        },
        {
          "type": "minecraft:item",
          "name": "tmcraft:tm_bulletseed"
        },
        {
          "type": "minecraft:item",
          "name": "tmcraft:tm_burningjealousy"
        },
        {
          "type": "minecraft:item",
          "name": "tmcraft:tm_burnup"
        },
        {
          "type": "minecraft:item",
          "name": "tmcraft:tm_calmmind"
        },
        {
          "type": "minecraft:item",
          "name": "tmcraft:tm_camouflage"
        },
        {
          "type": "minecraft:item",
          "name": "tmcraft:tm_captivate"
        },
        {
          "type": "minecraft:item",
          "name": "tmcraft:tm_catastropika"
        },
        {
          "type": "minecraft:item",
          "name": "tmcraft:tm_ceaselessedge"
        },
        {
          "type": "minecraft:item",
          "name": "tmcraft:tm_celebrate"
        },
        {
          "type": "minecraft:item",
          "name": "tmcraft:tm_charge"
        },
        {
          "type": "minecraft:item",
          "name": "tmcraft:tm_chargebeam"
        },
        {
          "type": "minecraft:item",
          "name": "tmcraft:tm_charm"
        },
        {
          "type": "minecraft:item",
          "name": "tmcraft:tm_chatter"
        },
        {
          "type": "minecraft:item",
          "name": "tmcraft:tm_chillingwater"
        },
        {
          "type": "minecraft:item",
          "name": "tmcraft:tm_chillyreception"
        },
        {
          "type": "minecraft:item",
          "name": "tmcraft:tm_chipaway"
        },
        {
          "type": "minecraft:item",
          "name": "tmcraft:tm_chloroblast"
        },
        {
          "type": "minecraft:item",
          "name": "tmcraft:tm_circlethrow"
        },
        {
          "type": "minecraft:item",
          "name": "tmcraft:tm_clamp"
        },
        {
          "type": "minecraft:item",
          "name": "tmcraft:tm_clangingscales"
        },
        {
          "type": "minecraft:item",
          "name": "tmcraft:tm_clangoroussoul"
        },
        {
          "type": "minecraft:item",
          "name": "tmcraft:tm_clangoroussoulblaze"
        },
        {
          "type": "minecraft:item",
          "name": "tmcraft:tm_clearsmog"
        },
        {
          "type": "minecraft:item",
          "name": "tmcraft:tm_closecombat"
        },
        {
          "type": "minecraft:item",
          "name": "tmcraft:tm_coaching"
        },
        {
          "type": "minecraft:item",
          "name": "tmcraft:tm_coil"
        },
        {
          "type": "minecraft:item",
          "name": "tmcraft:tm_collisioncourse"
        },
        {
          "type": "minecraft:item",
          "name": "tmcraft:tm_combattorque"
        },
        {
          "type": "minecraft:item",
          "name": "tmcraft:tm_cometpunch"
        },
        {
          "type": "minecraft:item",
          "name": "tmcraft:tm_comeuppance"
        },
        {
          "type": "minecraft:item",
          "name": "tmcraft:tm_confide"
        },
        {
          "type": "minecraft:item",
          "name": "tmcraft:tm_confuseray"
        },
        {
          "type": "minecraft:item",
          "name": "tmcraft:tm_confusion"
        },
        {
          "type": "minecraft:item",
          "name": "tmcraft:tm_constrict"
        },
        {
          "type": "minecraft:item",
          "name": "tmcraft:tm_continentalcrush"
        },
        {
          "type": "minecraft:item",
          "name": "tmcraft:tm_conversion"
        },
        {
          "type": "minecraft:item",
          "name": "tmcraft:tm_conversion2"
        },
        {
          "type": "minecraft:item",
          "name": "tmcraft:tm_copycat"
        },
        {
          "type": "minecraft:item",
          "name": "tmcraft:tm_coreenforcer"
        },
        {
          "type": "minecraft:item",
          "name": "tmcraft:tm_corkscrewcrash"
        },
        {
          "type": "minecraft:item",
          "name": "tmcraft:tm_corrosivegas"
        },
        {
          "type": "minecraft:item",
          "name": "tmcraft:tm_cosmicpower"
        },
        {
          "type": "minecraft:item",
          "name": "tmcraft:tm_cottonguard"
        },
        {
          "type": "minecraft:item",
          "name": "tmcraft:tm_cottonspore"
        },
        {
          "type": "minecraft:item",
          "name": "tmcraft:tm_counter"
        },
        {
          "type": "minecraft:item",
          "name": "tmcraft:tm_courtchange"
        },
        {
          "type": "minecraft:item",
          "name": "tmcraft:tm_covet"
        },
        {
          "type": "minecraft:item",
          "name": "tmcraft:tm_crabhammer"
        },
        {
          "type": "minecraft:item",
          "name": "tmcraft:tm_craftyshield"
        },
        {
          "type": "minecraft:item",
          "name": "tmcraft:tm_crosschop"
        },
        {
          "type": "minecraft:item",
          "name": "tmcraft:tm_crosspoison"
        },
        {
          "type": "minecraft:item",
          "name": "tmcraft:tm_crosschop"
        },
        {
          "type": "minecraft:item",
          "name": "tmcraft:tm_crunch"
        },
        {
          "type": "minecraft:item",
          "name": "tmcraft:tm_crushclaw"
        },
        {
          "type": "minecraft:item",
          "name": "tmcraft:tm_crushgrip"
        },
        {
          "type": "minecraft:item",
          "name": "tmcraft:tm_curse"
        },
        {
          "type": "minecraft:item",
          "name": "tmcraft:tm_cut"
        },
        {
          "type": "minecraft:item",
          "name": "tmcraft:tm_darkpulse"
        },
        {
          "type": "minecraft:item",
          "name": "tmcraft:tm_darkvoid"
        },
        {
          "type": "minecraft:item",
          "name": "tmcraft:tm_dazzlinggleam"
        },
        {
          "type": "minecraft:item",
          "name": "tmcraft:tm_decorate"
        },
        {
          "type": "minecraft:item",
          "name": "tmcraft:tm_defendorder"
        },
        {
          "type": "minecraft:item",
          "name": "tmcraft:tm_defensecurl"
        },
        {
          "type": "minecraft:item",
          "name": "tmcraft:tm_defog"
        },
        {
          "type": "minecraft:item",
          "name": "tmcraft:tm_destinybond"
        },
        {
          "type": "minecraft:item",
          "name": "tmcraft:tm_detect"
        },
        {
          "type": "minecraft:item",
          "name": "tmcraft:tm_devastatingdrake"
        },
        {
          "type": "minecraft:item",
          "name": "tmcraft:tm_diamondstorm"
        },
        {
          "type": "minecraft:item",
          "name": "tmcraft:tm_dig"
        },
        {
          "type": "minecraft:item",
          "name": "tmcraft:tm_disable"
        },
        {
          "type": "minecraft:item",
          "name": "tmcraft:tm_disarmingvoice"
        },
        {
          "type": "minecraft:item",
          "name": "tmcraft:tm_discharge"
        },
        {
          "type": "minecraft:item",
          "name": "tmcraft:tm_direclaw"
        },
        {
          "type": "minecraft:item",
          "name": "tmcraft:tm_dive"
        },
        {
          "type": "minecraft:item",
          "name": "tmcraft:tm_dizzypunch"
        },
        {
          "type": "minecraft:item",
          "name": "tmcraft:tm_doodle"
        },
        {
          "type": "minecraft:item",
          "name": "tmcraft:tm_doomdesire"
        },
        {
          "type": "minecraft:item",
          "name": "tmcraft:tm_doubleedge"
        },
        {
          "type": "minecraft:item",
          "name": "tmcraft:tm_doublehit"
        },
        {
          "type": "minecraft:item",
          "name": "tmcraft:tm_doubleironbash"
        },
        {
          "type": "minecraft:item",
          "name": "tmcraft:tm_doublekick"
        },
        {
          "type": "minecraft:item",
          "name": "tmcraft:tm_doubleshock"
        },
        {
          "type": "minecraft:item",
          "name": "tmcraft:tm_doubleslap"
        },
        {
          "type": "minecraft:item",
          "name": "tmcraft:tm_doubleteam"
        },
        {
          "type": "minecraft:item",
          "name": "tmcraft:tm_dracometeor"
        },
        {
          "type": "minecraft:item",
          "name": "tmcraft:tm_dragonascent"
        },
        {
          "type": "minecraft:item",
          "name": "tmcraft:tm_dragonbreath"
        },
        {
          "type": "minecraft:item",
          "name": "tmcraft:tm_dragonclaw"
        },
        {
          "type": "minecraft:item",
          "name": "tmcraft:tm_dragondance"
        },
        {
          "type": "minecraft:item",
          "name": "tmcraft:tm_dragondarts"
        },
        {
          "type": "minecraft:item",
          "name": "tmcraft:tm_dragonenergy"
        },
        {
          "type": "minecraft:item",
          "name": "tmcraft:tm_dragonhammer"
        },
        {
          "type": "minecraft:item",
          "name": "tmcraft:tm_dragonpulse"
        },
        {
          "type": "minecraft:item",
          "name": "tmcraft:tm_dragonrage"
        },
        {
          "type": "minecraft:item",
          "name": "tmcraft:tm_dragonrush"
        },
        {
          "type": "minecraft:item",
          "name": "tmcraft:tm_dragontail"
        },
        {
          "type": "minecraft:item",
          "name": "tmcraft:tm_drainingkiss"
        },
        {
          "type": "minecraft:item",
          "name": "tmcraft:tm_drainpunch"
        },
        {
          "type": "minecraft:item",
          "name": "tmcraft:tm_dreameater"
        },
        {
          "type": "minecraft:item",
          "name": "tmcraft:tm_drillpeck"
        },
        {
          "type": "minecraft:item",
          "name": "tmcraft:tm_drillrun"
        },
        {
          "type": "minecraft:item",
          "name": "tmcraft:tm_drumbeating"
        },
        {
          "type": "minecraft:item",
          "name": "tmcraft:tm_dualchop"
        },
        {
          "type": "minecraft:item",
          "name": "tmcraft:tm_dualwingbeat"
        },
        {
          "type": "minecraft:item",
          "name": "tmcraft:tm_dynamicpunch"
        },
        {
          "type": "minecraft:item",
          "name": "tmcraft:tm_earthpower"
        },
        {
          "type": "minecraft:item",
          "name": "tmcraft:tm_earthquake"
        },
        {
          "type": "minecraft:item",
          "name": "tmcraft:tm_eerieimpulse"
        },
        {
          "type": "minecraft:item",
          "name": "tmcraft:tm_eeriespell"
        },
        {
          "type": "minecraft:item",
          "name": "tmcraft:tm_eggbomb"
        },
        {
          "type": "minecraft:item",
          "name": "tmcraft:tm_electricterrain"
        },
        {
          "type": "minecraft:item",
          "name": "tmcraft:tm_electrify"
        },
        {
          "type": "minecraft:item",
          "name": "tmcraft:tm_electroball"
        },
        {
          "type": "minecraft:item",
          "name": "tmcraft:tm_electrodrift"
        },
        {
          "type": "minecraft:item",
          "name": "tmcraft:tm_electroweb"
        },
        {
          "type": "minecraft:item",
          "name": "tmcraft:tm_embargo"
        },
        {
          "type": "minecraft:item",
          "name": "tmcraft:tm_ember"
        },
        {
          "type": "minecraft:item",
          "name": "tmcraft:tm_encore"
        },
        {
          "type": "minecraft:item",
          "name": "tmcraft:tm_endeavor"
        },
        {
          "type": "minecraft:item",
          "name": "tmcraft:tm_endure"
        },
        {
          "type": "minecraft:item",
          "name": "tmcraft:tm_energyball"
        },
        {
          "type": "minecraft:item",
          "name": "tmcraft:tm_entrainment"
        },
        {
          "type": "minecraft:item",
          "name": "tmcraft:tm_eruption"
        },
        {
          "type": "minecraft:item",
          "name": "tmcraft:tm_esperwing"
        },
        {
          "type": "minecraft:item",
          "name": "tmcraft:tm_eternabeam"
        },
        {
          "type": "minecraft:item",
          "name": "tmcraft:tm_expandingforce"
        },
        {
          "type": "minecraft:item",
          "name": "tmcraft:tm_explosion"
        },
        {
          "type": "minecraft:item",
          "name": "tmcraft:tm_extrasensory"
        },
        {
          "type": "minecraft:item",
          "name": "tmcraft:tm_extremeevoboost"
        },
        {
          "type": "minecraft:item",
          "name": "tmcraft:tm_extremespeed"
        },
        {
          "type": "minecraft:item",
          "name": "tmcraft:tm_facade"
        },
        {
          "type": "minecraft:item",
          "name": "tmcraft:tm_fairylock"
        },
        {
          "type": "minecraft:item",
          "name": "tmcraft:tm_fairywind"
        },
        {
          "type": "minecraft:item",
          "name": "tmcraft:tm_fakeout"
        },
        {
          "type": "minecraft:item",
          "name": "tmcraft:tm_faketears"
        },
        {
          "type": "minecraft:item",
          "name": "tmcraft:tm_falsesurrender"
        },
        {
          "type": "minecraft:item",
          "name": "tmcraft:tm_falseswipe"
        },
        {
          "type": "minecraft:item",
          "name": "tmcraft:tm_featherdance"
        },
        {
          "type": "minecraft:item",
          "name": "tmcraft:tm_feint"
        },
        {
          "type": "minecraft:item",
          "name": "tmcraft:tm_feintattack"
        },
        {
          "type": "minecraft:item",
          "name": "tmcraft:tm_fellstinger"
        },
        {
          "type": "minecraft:item",
          "name": "tmcraft:tm_fierydance"
        },
        {
          "type": "minecraft:item",
          "name": "tmcraft:tm_fierywrath"
        },
        {
          "type": "minecraft:item",
          "name": "tmcraft:tm_filletaway"
        },
        {
          "type": "minecraft:item",
          "name": "tmcraft:tm_finalgambit"
        },
        {
          "type": "minecraft:item",
          "name": "tmcraft:tm_fireblast"
        },
        {
          "type": "minecraft:item",
          "name": "tmcraft:tm_firefang"
        },
        {
          "type": "minecraft:item",
          "name": "tmcraft:tm_firelash"
        },
        {
          "type": "minecraft:item",
          "name": "tmcraft:tm_firepledge"
        },
        {
          "type": "minecraft:item",
          "name": "tmcraft:tm_firepunch"
        },
        {
          "type": "minecraft:item",
          "name": "tmcraft:tm_firespin"
        },
        {
          "type": "minecraft:item",
          "name": "tmcraft:tm_firstimpression"
        },
        {
          "type": "minecraft:item",
          "name": "tmcraft:tm_fishiousrend"
        },
        {
          "type": "minecraft:item",
          "name": "tmcraft:tm_fissure"
        },
        {
          "type": "minecraft:item",
          "name": "tmcraft:tm_flail"
        },
        {
          "type": "minecraft:item",
          "name": "tmcraft:tm_flameburst"
        },
        {
          "type": "minecraft:item",
          "name": "tmcraft:tm_flamecharge"
        },
        {
          "type": "minecraft:item",
          "name": "tmcraft:tm_flamewheel"
        },
        {
          "type": "minecraft:item",
          "name": "tmcraft:tm_flamethrower"
        },
        {
          "type": "minecraft:item",
          "name": "tmcraft:tm_flareblitz"
        },
        {
          "type": "minecraft:item",
          "name": "tmcraft:tm_flash"
        },
        {
          "type": "minecraft:item",
          "name": "tmcraft:tm_flashcannon"
        },
        {
          "type": "minecraft:item",
          "name": "tmcraft:tm_flatter"
        },
        {
          "type": "minecraft:item",
          "name": "tmcraft:tm_fleurcannon"
        },
        {
          "type": "minecraft:item",
          "name": "tmcraft:tm_fling"
        },
        {
          "type": "minecraft:item",
          "name": "tmcraft:tm_flipturn"
        },
        {
          "type": "minecraft:item",
          "name": "tmcraft:tm_floatyfall"
        },
        {
          "type": "minecraft:item",
          "name": "tmcraft:tm_floralhealing"
        },
        {
          "type": "minecraft:item",
          "name": "tmcraft:tm_flowershield"
        },
        {
          "type": "minecraft:item",
          "name": "tmcraft:tm_flowertrick"
        },
        {
          "type": "minecraft:item",
          "name": "tmcraft:tm_fly"
        },
        {
          "type": "minecraft:item",
          "name": "tmcraft:tm_flyingpress"
        },
        {
          "type": "minecraft:item",
          "name": "tmcraft:tm_focusblast"
        },
        {
          "type": "minecraft:item",
          "name": "tmcraft:tm_focusenergy"
        },
        {
          "type": "minecraft:item",
          "name": "tmcraft:tm_focuspunch"
        },
        {
          "type": "minecraft:item",
          "name": "tmcraft:tm_followme"
        },
        {
          "type": "minecraft:item",
          "name": "tmcraft:tm_forcepalm"
        },
        {
          "type": "minecraft:item",
          "name": "tmcraft:tm_foresight"
        },
        {
          "type": "minecraft:item",
          "name": "tmcraft:tm_forestscurse"
        },
        {
          "type": "minecraft:item",
          "name": "tmcraft:tm_foulplay"
        },
        {
          "type": "minecraft:item",
          "name": "tmcraft:tm_freezedry"
        },
        {
          "type": "minecraft:item",
          "name": "tmcraft:tm_freezeshock"
        },
        {
          "type": "minecraft:item",
          "name": "tmcraft:tm_freezingglare"
        },
        {
          "type": "minecraft:item",
          "name": "tmcraft:tm_freezyfrost"
        },
        {
          "type": "minecraft:item",
          "name": "tmcraft:tm_frenzyplant"
        },
        {
          "type": "minecraft:item",
          "name": "tmcraft:tm_frostbreath"
        },
        {
          "type": "minecraft:item",
          "name": "tmcraft:tm_frustration"
        },
        {
          "type": "minecraft:item",
          "name": "tmcraft:tm_furyattack"
        },
        {
          "type": "minecraft:item",
          "name": "tmcraft:tm_furycutter"
        },
        {
          "type": "minecraft:item",
          "name": "tmcraft:tm_furyswipes"
        },
        {
          "type": "minecraft:item",
          "name": "tmcraft:tm_fusionbolt"
        },
        {
          "type": "minecraft:item",
          "name": "tmcraft:tm_fusionflare"
        },
        {
          "type": "minecraft:item",
          "name": "tmcraft:tm_futuresight"
        },
        {
          "type": "minecraft:item",
          "name": "tmcraft:tm_gastroacid"
        },
        {
          "type": "minecraft:item",
          "name": "tmcraft:tm_geargrind"
        },
        {
          "type": "minecraft:item",
          "name": "tmcraft:tm_gearup"
        },
        {
          "type": "minecraft:item",
          "name": "tmcraft:tm_genesissupernova"
        },
        {
          "type": "minecraft:item",
          "name": "tmcraft:tm_geomancy"
        },
        {
          "type": "minecraft:item",
          "name": "tmcraft:tm_gigadrain"
        },
        {
          "type": "minecraft:item",
          "name": "tmcraft:tm_gigaimpact"
        },
        {
          "type": "minecraft:item",
          "name": "tmcraft:tm_gigatonhammer"
        },
        {
          "type": "minecraft:item",
          "name": "tmcraft:tm_gigavolthavoc"
        },
        {
          "type": "minecraft:item",
          "name": "tmcraft:tm_glaciallance"
        },
        {
          "type": "minecraft:item",
          "name": "tmcraft:tm_glaciate"
        },
        {
          "type": "minecraft:item",
          "name": "tmcraft:tm_glaiverush"
        },
        {
          "type": "minecraft:item",
          "name": "tmcraft:tm_glare"
        },
        {
          "type": "minecraft:item",
          "name": "tmcraft:tm_glitzyglow"
        },
        {
          "type": "minecraft:item",
          "name": "tmcraft:tm_grassknot"
        },
        {
          "type": "minecraft:item",
          "name": "tmcraft:tm_grasspledge"
        },
        {
          "type": "minecraft:item",
          "name": "tmcraft:tm_grasswhistle"
        },
        {
          "type": "minecraft:item",
          "name": "tmcraft:tm_grassyglide"
        },
        {
          "type": "minecraft:item",
          "name": "tmcraft:tm_grassyterrain"
        },
        {
          "type": "minecraft:item",
          "name": "tmcraft:tm_gravapple"
        },
        {
          "type": "minecraft:item",
          "name": "tmcraft:tm_gravity"
        },
        {
          "type": "minecraft:item",
          "name": "tmcraft:tm_growl"
        },
        {
          "type": "minecraft:item",
          "name": "tmcraft:tm_growth"
        },
        {
          "type": "minecraft:item",
          "name": "tmcraft:tm_grudge"
        },
        {
          "type": "minecraft:item",
          "name": "tmcraft:tm_guardianofalola"
        },
        {
          "type": "minecraft:item",
          "name": "tmcraft:tm_guardsplit"
        },
        {
          "type": "minecraft:item",
          "name": "tmcraft:tm_guardswap"
        },
        {
          "type": "minecraft:item",
          "name": "tmcraft:tm_guillotine"
        },
        {
          "type": "minecraft:item",
          "name": "tmcraft:tm_gunkshot"
        },
        {
          "type": "minecraft:item",
          "name": "tmcraft:tm_gust"
        },
        {
          "type": "minecraft:item",
          "name": "tmcraft:tm_gyroball"
        },
        {
          "type": "minecraft:item",
          "name": "tmcraft:tm_hail"
        },
        {
          "type": "minecraft:item",
          "name": "tmcraft:tm_hammerarm"
        },
        {
          "type": "minecraft:item",
          "name": "tmcraft:tm_happyhour"
        },
        {
          "type": "minecraft:item",
          "name": "tmcraft:tm_harden"
        },
        {
          "type": "minecraft:item",
          "name": "tmcraft:tm_haze"
        },
        {
          "type": "minecraft:item",
          "name": "tmcraft:tm_headbutt"
        },
        {
          "type": "minecraft:item",
          "name": "tmcraft:tm_headcharge"
        },
        {
          "type": "minecraft:item",
          "name": "tmcraft:tm_headlongrush"
        },
        {
          "type": "minecraft:item",
          "name": "tmcraft:tm_headsmash"
        },
        {
          "type": "minecraft:item",
          "name": "tmcraft:tm_healbell"
        },
        {
          "type": "minecraft:item",
          "name": "tmcraft:tm_healblock"
        },
        {
          "type": "minecraft:item",
          "name": "tmcraft:tm_healingwish"
        },
        {
          "type": "minecraft:item",
          "name": "tmcraft:tm_healorder"
        },
        {
          "type": "minecraft:item",
          "name": "tmcraft:tm_healpulse"
        },
        {
          "type": "minecraft:item",
          "name": "tmcraft:tm_heartstamp"
        },
        {
          "type": "minecraft:item",
          "name": "tmcraft:tm_heartswap"
        },
        {
          "type": "minecraft:item",
          "name": "tmcraft:tm_heatcrash"
        },
        {
          "type": "minecraft:item",
          "name": "tmcraft:tm_heatwave"
        },
        {
          "type": "minecraft:item",
          "name": "tmcraft:tm_heavyslam"
        },
        {
          "type": "minecraft:item",
          "name": "tmcraft:tm_helpinghand"
        },
        {
          "type": "minecraft:item",
          "name": "tmcraft:tm_hex"
        },
        {
          "type": "minecraft:item",
          "name": "tmcraft:tm_hiddenpower"
        },
        {
          "type": "minecraft:item",
          "name": "tmcraft:tm_highhorsepower"
        },
        {
          "type": "minecraft:item",
          "name": "tmcraft:tm_highjumpkick"
        },
        {
          "type": "minecraft:item",
          "name": "tmcraft:tm_holdback"
        },
        {
          "type": "minecraft:item",
          "name": "tmcraft:tm_holdhands"
        },
        {
          "type": "minecraft:item",
          "name": "tmcraft:tm_honeclaws"
        },
        {
          "type": "minecraft:item",
          "name": "tmcraft:tm_hornattack"
        },
        {
          "type": "minecraft:item",
          "name": "tmcraft:tm_horndrill"
        },
        {
          "type": "minecraft:item",
          "name": "tmcraft:tm_hornleech"
        },
        {
          "type": "minecraft:item",
          "name": "tmcraft:tm_howl"
        },
        {
          "type": "minecraft:item",
          "name": "tmcraft:tm_hurricane"
        },
        {
          "type": "minecraft:item",
          "name": "tmcraft:tm_hydrocannon"
        },
        {
          "type": "minecraft:item",
          "name": "tmcraft:tm_hydropump"
        },
        {
          "type": "minecraft:item",
          "name": "tmcraft:tm_hydrosteam"
        },
        {
          "type": "minecraft:item",
          "name": "tmcraft:tm_hydrovortex"
        },
        {
          "type": "minecraft:item",
          "name": "tmcraft:tm_hyperbeam"
        },
        {
          "type": "minecraft:item",
          "name": "tmcraft:tm_hyperdrill"
        },
        {
          "type": "minecraft:item",
          "name": "tmcraft:tm_hyperfang"
        },
        {
          "type": "minecraft:item",
          "name": "tmcraft:tm_hyperspacefury"
        },
        {
          "type": "minecraft:item",
          "name": "tmcraft:tm_hyperspacehole"
        },
        {
          "type": "minecraft:item",
          "name": "tmcraft:tm_hypervoice"
        },
        {
          "type": "minecraft:item",
          "name": "tmcraft:tm_hypnosis"
        },
        {
          "type": "minecraft:item",
          "name": "tmcraft:tm_iceball"
        },
        {
          "type": "minecraft:item",
          "name": "tmcraft:tm_icebeam"
        },
        {
          "type": "minecraft:item",
          "name": "tmcraft:tm_iceburn"
        },
        {
          "type": "minecraft:item",
          "name": "tmcraft:tm_iceburn"
        },
        {
          "type": "minecraft:item",
          "name": "tmcraft:tm_icefang"
        },
        {
          "type": "minecraft:item",
          "name": "tmcraft:tm_icehammer"
        },
        {
          "type": "minecraft:item",
          "name": "tmcraft:tm_icepunch"
        },
        {
          "type": "minecraft:item",
          "name": "tmcraft:tm_iceshard"
        },
        {
          "type": "minecraft:item",
          "name": "tmcraft:tm_icespinner"
        },
        {
          "type": "minecraft:item",
          "name": "tmcraft:tm_iciclecrash"
        },
        {
          "type": "minecraft:item",
          "name": "tmcraft:tm_iciclespear"
        },
        {
          "type": "minecraft:item",
          "name": "tmcraft:tm_icywind"
        },
        {
          "type": "minecraft:item",
          "name": "tmcraft:tm_imprison"
        },
        {
          "type": "minecraft:item",
          "name": "tmcraft:tm_incinerate"
        },
        {
          "type": "minecraft:item",
          "name": "tmcraft:tm_infernalparade"
        },
        {
          "type": "minecraft:item",
          "name": "tmcraft:tm_inferno"
        },
        {
          "type": "minecraft:item",
          "name": "tmcraft:tm_infernooverdrive"
        },
        {
          "type": "minecraft:item",
          "name": "tmcraft:tm_infestation"
        },
        {
          "type": "minecraft:item",
          "name": "tmcraft:tm_ingrain"
        },
        {
          "type": "minecraft:item",
          "name": "tmcraft:tm_instruct"
        },
        {
          "type": "minecraft:item",
          "name": "tmcraft:tm_iondeluge"
        },
        {
          "type": "minecraft:item",
          "name": "tmcraft:tm_irondefense"
        },
        {
          "type": "minecraft:item",
          "name": "tmcraft:tm_ironhead"
        },
        {
          "type": "minecraft:item",
          "name": "tmcraft:tm_irontail"
        },
        {
          "type": "minecraft:item",
          "name": "tmcraft:tm_jawlock"
        },
        {
          "type": "minecraft:item",
          "name": "tmcraft:tm_jetpunch"
        },
        {
          "type": "minecraft:item",
          "name": "tmcraft:tm_judgment"
        },
        {
          "type": "minecraft:item",
          "name": "tmcraft:tm_jumpkick"
        },
        {
          "type": "minecraft:item",
          "name": "tmcraft:tm_junglehealing"
        },
        {
          "type": "minecraft:item",
          "name": "tmcraft:tm_karatechop"
        },
        {
          "type": "minecraft:item",
          "name": "tmcraft:tm_kinesis"
        },
        {
          "type": "minecraft:item",
          "name": "tmcraft:tm_kingsshield"
        },
        {
          "type": "minecraft:item",
          "name": "tmcraft:tm_knockoff"
        },
        {
          "type": "minecraft:item",
          "name": "tmcraft:tm_kowtowcleave"
        },
        {
          "type": "minecraft:item",
          "name": "tmcraft:tm_landswrath"
        },
        {
          "type": "minecraft:item",
          "name": "tmcraft:tm_laserfocus"
        },
        {
          "type": "minecraft:item",
          "name": "tmcraft:tm_lashout"
        },
        {
          "type": "minecraft:item",
          "name": "tmcraft:tm_lastresort"
        },
        {
          "type": "minecraft:item",
          "name": "tmcraft:tm_lastrespects"
        },
        {
          "type": "minecraft:item",
          "name": "tmcraft:tm_lavaplume"
        },
        {
          "type": "minecraft:item",
          "name": "tmcraft:tm_leafage"
        },
        {
          "type": "minecraft:item",
          "name": "tmcraft:tm_leafblade"
        },
        {
          "type": "minecraft:item",
          "name": "tmcraft:tm_leafstorm"
        },
        {
          "type": "minecraft:item",
          "name": "tmcraft:tm_leaftornado"
        },
        {
          "type": "minecraft:item",
          "name": "tmcraft:tm_leechlife"
        },
        {
          "type": "minecraft:item",
          "name": "tmcraft:tm_leechseed"
        },
        {
          "type": "minecraft:item",
          "name": "tmcraft:tm_leer"
        },
        {
          "type": "minecraft:item",
          "name": "tmcraft:tm_letssnuggleforever"
        },
        {
          "type": "minecraft:item",
          "name": "tmcraft:tm_lick"
        },
        {
          "type": "minecraft:item",
          "name": "tmcraft:tm_lifedew"
        },
        {
          "type": "minecraft:item",
          "name": "tmcraft:tm_lightofruin"
        },
        {
          "type": "minecraft:item",
          "name": "tmcraft:tm_lightscreen"
        },
        {
          "type": "minecraft:item",
          "name": "tmcraft:tm_lightthatburnsthesky"
        },
        {
          "type": "minecraft:item",
          "name": "tmcraft:tm_liquidation"
        },
        {
          "type": "minecraft:item",
          "name": "tmcraft:tm_lockon"
        },
        {
          "type": "minecraft:item",
          "name": "tmcraft:tm_lovelykiss"
        },
        {
          "type": "minecraft:item",
          "name": "tmcraft:tm_lowkick"
        },
        {
          "type": "minecraft:item",
          "name": "tmcraft:tm_lowsweep"
        },
        {
          "type": "minecraft:item",
          "name": "tmcraft:tm_luckychant"
        },
        {
          "type": "minecraft:item",
          "name": "tmcraft:tm_luminacrash"
        },
        {
          "type": "minecraft:item",
          "name": "tmcraft:tm_lunarblessing"
        },
        {
          "type": "minecraft:item",
          "name": "tmcraft:tm_lunardance"
        },
        {
          "type": "minecraft:item",
          "name": "tmcraft:tm_lunge"
        },
        {
          "type": "minecraft:item",
          "name": "tmcraft:tm_lusterpurge"
        },
        {
          "type": "minecraft:item",
          "name": "tmcraft:tm_machpunch"
        },
        {
          "type": "minecraft:item",
          "name": "tmcraft:tm_magicalleaf"
        },
        {
          "type": "minecraft:item",
          "name": "tmcraft:tm_magicaltorque"
        },
        {
          "type": "minecraft:item",
          "name": "tmcraft:tm_magiccoat"
        },
        {
          "type": "minecraft:item",
          "name": "tmcraft:tm_magicpowder"
        },
        {
          "type": "minecraft:item",
          "name": "tmcraft:tm_magicroom"
        },
        {
          "type": "minecraft:item",
          "name": "tmcraft:tm_magmastorm"
        },
        {
          "type": "minecraft:item",
          "name": "tmcraft:tm_magnetbomb"
        },
        {
          "type": "minecraft:item",
          "name": "tmcraft:tm_magneticflux"
        },
        {
          "type": "minecraft:item",
          "name": "tmcraft:tm_magnetrise"
        },
        {
          "type": "minecraft:item",
          "name": "tmcraft:tm_magnitude"
        },
        {
          "type": "minecraft:item",
          "name": "tmcraft:tm_makeitrain"
        },
        {
          "type": "minecraft:item",
          "name": "tmcraft:tm_maliciousmoonsault"
        },
        {
          "type": "minecraft:item",
          "name": "tmcraft:tm_matblock"
        },
        {
          "type": "minecraft:item",
          "name": "tmcraft:tm_meanlook"
        },
        {
          "type": "minecraft:item",
          "name": "tmcraft:tm_meditate"
        },
        {
          "type": "minecraft:item",
          "name": "tmcraft:tm_mefirst"
        },
        {
          "type": "minecraft:item",
          "name": "tmcraft:tm_megadrain"
        },
        {
          "type": "minecraft:item",
          "name": "tmcraft:tm_megahorn"
        },
        {
          "type": "minecraft:item",
          "name": "tmcraft:tm_megakick"
        },
        {
          "type": "minecraft:item",
          "name": "tmcraft:tm_megapunch"
        },
        {
          "type": "minecraft:item",
          "name": "tmcraft:tm_memento"
        },
        {
          "type": "minecraft:item",
          "name": "tmcraft:tm_menacingmoonrazemaelstrom"
        },
        {
          "type": "minecraft:item",
          "name": "tmcraft:tm_metalburst"
        },
        {
          "type": "minecraft:item",
          "name": "tmcraft:tm_metalclaw"
        },
        {
          "type": "minecraft:item",
          "name": "tmcraft:tm_metalsound"
        },
        {
          "type": "minecraft:item",
          "name": "tmcraft:tm_meteorassault"
        },
        {
          "type": "minecraft:item",
          "name": "tmcraft:tm_meteorbeam"
        },
        {
          "type": "minecraft:item",
          "name": "tmcraft:tm_meteormash"
        },
        {
          "type": "minecraft:item",
          "name": "tmcraft:tm_metronome"
        },
        {
          "type": "minecraft:item",
          "name": "tmcraft:tm_milkdrink"
        },
        {
          "type": "minecraft:item",
          "name": "tmcraft:tm_mimic"
        },
        {
          "type": "minecraft:item",
          "name": "tmcraft:tm_mindblown"
        },
        {
          "type": "minecraft:item",
          "name": "tmcraft:tm_mindreader"
        },
        {
          "type": "minecraft:item",
          "name": "tmcraft:tm_minimize"
        },
        {
          "type": "minecraft:item",
          "name": "tmcraft:tm_miracleeye"
        },
        {
          "type": "minecraft:item",
          "name": "tmcraft:tm_mirrorcoat"
        },
        {
          "type": "minecraft:item",
          "name": "tmcraft:tm_mirrormove"
        },
        {
          "type": "minecraft:item",
          "name": "tmcraft:tm_mirrorshot"
        },
        {
          "type": "minecraft:item",
          "name": "tmcraft:tm_mist"
        },
        {
          "type": "minecraft:item",
          "name": "tmcraft:tm_mistball"
        },
        {
          "type": "minecraft:item",
          "name": "tmcraft:tm_mistyexplosion"
        },
        {
          "type": "minecraft:item",
          "name": "tmcraft:tm_mistyterrain"
        },
        {
          "type": "minecraft:item",
          "name": "tmcraft:tm_moonblast"
        },
        {
          "type": "minecraft:item",
          "name": "tmcraft:tm_moongeistbeam"
        },
        {
          "type": "minecraft:item",
          "name": "tmcraft:tm_moonlight"
        },
        {
          "type": "minecraft:item",
          "name": "tmcraft:tm_morningsun"
        },
        {
          "type": "minecraft:item",
          "name": "tmcraft:tm_mortalspin"
        },
        {
          "type": "minecraft:item",
          "name": "tmcraft:tm_mountaingale"
        },
        {
          "type": "minecraft:item",
          "name": "tmcraft:tm_mudbomb"
        },
        {
          "type": "minecraft:item",
          "name": "tmcraft:tm_mudshot"
        },
        {
          "type": "minecraft:item",
          "name": "tmcraft:tm_mudslap"
        },
        {
          "type": "minecraft:item",
          "name": "tmcraft:tm_mudsport"
        },
        {
          "type": "minecraft:item",
          "name": "tmcraft:tm_muddywater"
        },
        {
          "type": "minecraft:item",
          "name": "tmcraft:tm_multiattack"
        },
        {
          "type": "minecraft:item",
          "name": "tmcraft:tm_mysticalfire"
        },
        {
          "type": "minecraft:item",
          "name": "tmcraft:tm_mysticalpower"
        },
        {
          "type": "minecraft:item",
          "name": "tmcraft:tm_nastyplot"
        },
        {
          "type": "minecraft:item",
          "name": "tmcraft:tm_naturalgift"
        },
        {
          "type": "minecraft:item",
          "name": "tmcraft:tm_naturepower"
        },
        {
          "type": "minecraft:item",
          "name": "tmcraft:tm_naturesmadness"
        },
        {
          "type": "minecraft:item",
          "name": "tmcraft:tm_needlearm"
        },
        {
          "type": "minecraft:item",
          "name": "tmcraft:tm_neverendingnightmare"
        },
        {
          "type": "minecraft:item",
          "name": "tmcraft:tm_nightdaze"
        },
        {
          "type": "minecraft:item",
          "name": "tmcraft:tm_nightmare"
        },
        {
          "type": "minecraft:item",
          "name": "tmcraft:tm_nightshade"
        },
        {
          "type": "minecraft:item",
          "name": "tmcraft:tm_nightslash"
        },
        {
          "type": "minecraft:item",
          "name": "tmcraft:tm_nobleroar"
        },
        {
          "type": "minecraft:item",
          "name": "tmcraft:tm_noretreat"
        },
        {
          "type": "minecraft:item",
          "name": "tmcraft:tm_noxioustorque"
        },
        {
          "type": "minecraft:item",
          "name": "tmcraft:tm_nuzzle"
        },
        {
          "type": "minecraft:item",
          "name": "tmcraft:tm_oblivionwing"
        },
        {
          "type": "minecraft:item",
          "name": "tmcraft:tm_obstruct"
        },
        {
          "type": "minecraft:item",
          "name": "tmcraft:tm_oceanicoperetta"
        },
        {
          "type": "minecraft:item",
          "name": "tmcraft:tm_octazooka"
        },
        {
          "type": "minecraft:item",
          "name": "tmcraft:tm_octolock"
        },
        {
          "type": "minecraft:item",
          "name": "tmcraft:tm_odorsleuth"
        },
        {
          "type": "minecraft:item",
          "name": "tmcraft:tm_ominouswind"
        },
        {
          "type": "minecraft:item",
          "name": "tmcraft:tm_orderup"
        },
        {
          "type": "minecraft:item",
          "name": "tmcraft:tm_originpulse"
        },
        {
          "type": "minecraft:item",
          "name": "tmcraft:tm_outrage"
        },
        {
          "type": "minecraft:item",
          "name": "tmcraft:tm_overdrive"
        },
        {
          "type": "minecraft:item",
          "name": "tmcraft:tm_overheat"
        },
        {
          "type": "minecraft:item",
          "name": "tmcraft:tm_painsplit"
        },
        {
          "type": "minecraft:item",
          "name": "tmcraft:tm_paraboliccharge"
        },
        {
          "type": "minecraft:item",
          "name": "tmcraft:tm_partingshot"
        },
        {
          "type": "minecraft:item",
          "name": "tmcraft:tm_payback"
        },
        {
          "type": "minecraft:item",
          "name": "tmcraft:tm_payday"
        },
        {
          "type": "minecraft:item",
          "name": "tmcraft:tm_peck"
        },
        {
          "type": "minecraft:item",
          "name": "tmcraft:tm_perishsong"
        },
        {
          "type": "minecraft:item",
          "name": "tmcraft:tm_petalblizzard"
        },
        {
          "type": "minecraft:item",
          "name": "tmcraft:tm_petaldance"
        },
        {
          "type": "minecraft:item",
          "name": "tmcraft:tm_phantomforce"
        },
        {
          "type": "minecraft:item",
          "name": "tmcraft:tm_photongeyser"
        },
        {
          "type": "minecraft:item",
          "name": "tmcraft:tm_pikapapow"
        },
        {
          "type": "minecraft:item",
          "name": "tmcraft:tm_pinmissile"
        },
        {
          "type": "minecraft:item",
          "name": "tmcraft:tm_plasmafists"
        },
        {
          "type": "minecraft:item",
          "name": "tmcraft:tm_playnice"
        },
        {
          "type": "minecraft:item",
          "name": "tmcraft:tm_playrough"
        },
        {
          "type": "minecraft:item",
          "name": "tmcraft:tm_pluck"
        },
        {
          "type": "minecraft:item",
          "name": "tmcraft:tm_poisonfang"
        },
        {
          "type": "minecraft:item",
          "name": "tmcraft:tm_poisongas"
        },
        {
          "type": "minecraft:item",
          "name": "tmcraft:tm_poisonjab"
        },
        {
          "type": "minecraft:item",
          "name": "tmcraft:tm_poisonpowder"
        },
        {
          "type": "minecraft:item",
          "name": "tmcraft:tm_poisonsting"
        },
        {
          "type": "minecraft:item",
          "name": "tmcraft:tm_poisontail"
        },
        {
          "type": "minecraft:item",
          "name": "tmcraft:tm_pollenpuff"
        },
        {
          "type": "minecraft:item",
          "name": "tmcraft:tm_poltergeist"
        },
        {
          "type": "minecraft:item",
          "name": "tmcraft:tm_populationbomb"
        },
        {
          "type": "minecraft:item",
          "name": "tmcraft:tm_pounce"
        },
        {
          "type": "minecraft:item",
          "name": "tmcraft:tm_pound"
        },
        {
          "type": "minecraft:item",
          "name": "tmcraft:tm_powder"
        },
        {
          "type": "minecraft:item",
          "name": "tmcraft:tm_powdersnow"
        },
        {
          "type": "minecraft:item",
          "name": "tmcraft:tm_powergem"
        },
        {
          "type": "minecraft:item",
          "name": "tmcraft:tm_powershift"
        },
        {
          "type": "minecraft:item",
          "name": "tmcraft:tm_powersplit"
        },
        {
          "type": "minecraft:item",
          "name": "tmcraft:tm_powerswap"
        },
        {
          "type": "minecraft:item",
          "name": "tmcraft:tm_powertrick"
        },
        {
          "type": "minecraft:item",
          "name": "tmcraft:tm_powertrip"
        },
        {
          "type": "minecraft:item",
          "name": "tmcraft:tm_poweruppunch"
        },
        {
          "type": "minecraft:item",
          "name": "tmcraft:tm_powerwhip"
        },
        {
          "type": "minecraft:item",
          "name": "tmcraft:tm_precipiceblades"
        },
        {
          "type": "minecraft:item",
          "name": "tmcraft:tm_present"
        },
        {
          "type": "minecraft:item",
          "name": "tmcraft:tm_prismaticlaser"
        },
        {
          "type": "minecraft:item",
          "name": "tmcraft:tm_protect"
        },
        {
          "type": "minecraft:item",
          "name": "tmcraft:tm_psybeam"
        },
        {
          "type": "minecraft:item",
          "name": "tmcraft:tm_psyblade"
        },
        {
          "type": "minecraft:item",
          "name": "tmcraft:tm_psychup"
        },
        {
          "type": "minecraft:item",
          "name": "tmcraft:tm_psychic"
        },
        {
          "type": "minecraft:item",
          "name": "tmcraft:tm_psychicfangs"
        },
        {
          "type": "minecraft:item",
          "name": "tmcraft:tm_psychicterrain"
        },
        {
          "type": "minecraft:item",
          "name": "tmcraft:tm_psychoboost"
        },
        {
          "type": "minecraft:item",
          "name": "tmcraft:tm_psychocut"
        },
        {
          "type": "minecraft:item",
          "name": "tmcraft:tm_psychoshift"
        },
        {
          "type": "minecraft:item",
          "name": "tmcraft:tm_psyshieldbash"
        },
        {
          "type": "minecraft:item",
          "name": "tmcraft:tm_psyshock"
        },
        {
          "type": "minecraft:item",
          "name": "tmcraft:tm_psystrike"
        },
        {
          "type": "minecraft:item",
          "name": "tmcraft:tm_psywave"
        },
        {
          "type": "minecraft:item",
          "name": "tmcraft:tm_pulverizingpancake"
        },
        {
          "type": "minecraft:item",
          "name": "tmcraft:tm_punishment"
        },
        {
          "type": "minecraft:item",
          "name": "tmcraft:tm_purify"
        },
        {
          "type": "minecraft:item",
          "name": "tmcraft:tm_pursuit"
        },
        {
          "type": "minecraft:item",
          "name": "tmcraft:tm_pyroball"
        },
        {
          "type": "minecraft:item",
          "name": "tmcraft:tm_quash"
        },
        {
          "type": "minecraft:item",
          "name": "tmcraft:tm_quickattack"
        },
        {
          "type": "minecraft:item",
          "name": "tmcraft:tm_quickguard"
        },
        {
          "type": "minecraft:item",
          "name": "tmcraft:tm_quiverdance"
        },
        {
          "type": "minecraft:item",
          "name": "tmcraft:tm_rage"
        },
        {
          "type": "minecraft:item",
          "name": "tmcraft:tm_ragepowder"
        },
        {
          "type": "minecraft:item",
          "name": "tmcraft:tm_ragingbull"
        },
        {
          "type": "minecraft:item",
          "name": "tmcraft:tm_ragingfury"
        },
        {
          "type": "minecraft:item",
          "name": "tmcraft:tm_raindance"
        },
        {
          "type": "minecraft:item",
          "name": "tmcraft:tm_rapidspin"
        },
        {
          "type": "minecraft:item",
          "name": "tmcraft:tm_razorleaf"
        },
        {
          "type": "minecraft:item",
          "name": "tmcraft:tm_razorshell"
        },
        {
          "type": "minecraft:item",
          "name": "tmcraft:tm_razorwind"
        },
        {
          "type": "minecraft:item",
          "name": "tmcraft:tm_recover"
        },
        {
          "type": "minecraft:item",
          "name": "tmcraft:tm_recycle"
        },
        {
          "type": "minecraft:item",
          "name": "tmcraft:tm_reflect"
        },
        {
          "type": "minecraft:item",
          "name": "tmcraft:tm_reflecttype"
        },
        {
          "type": "minecraft:item",
          "name": "tmcraft:tm_refresh"
        },
        {
          "type": "minecraft:item",
          "name": "tmcraft:tm_relicsong"
        },
        {
          "type": "minecraft:item",
          "name": "tmcraft:tm_rest"
        },
        {
          "type": "minecraft:item",
          "name": "tmcraft:tm_retaliate"
        },
        {
          "type": "minecraft:item",
          "name": "tmcraft:tm_return"
        },
        {
          "type": "minecraft:item",
          "name": "tmcraft:tm_revelationdance"
        },
        {
          "type": "minecraft:item",
          "name": "tmcraft:tm_revenge"
        },
        {
          "type": "minecraft:item",
          "name": "tmcraft:tm_reversal"
        },
        {
          "type": "minecraft:item",
          "name": "tmcraft:tm_revivalblessing"
        },
        {
          "type": "minecraft:item",
          "name": "tmcraft:tm_risingvoltage"
        },
        {
          "type": "minecraft:item",
          "name": "tmcraft:tm_roar"
        },
        {
          "type": "minecraft:item",
          "name": "tmcraft:tm_roaroftime"
        },
        {
          "type": "minecraft:item",
          "name": "tmcraft:tm_rockblast"
        },
        {
          "type": "minecraft:item",
          "name": "tmcraft:tm_rockclimb"
        },
        {
          "type": "minecraft:item",
          "name": "tmcraft:tm_rockpolish"
        },
        {
          "type": "minecraft:item",
          "name": "tmcraft:tm_rockslide"
        },
        {
          "type": "minecraft:item",
          "name": "tmcraft:tm_rocksmash"
        },
        {
          "type": "minecraft:item",
          "name": "tmcraft:tm_rockthrow"
        },
        {
          "type": "minecraft:item",
          "name": "tmcraft:tm_rocktomb"
        },
        {
          "type": "minecraft:item",
          "name": "tmcraft:tm_rockwrecker"
        },
        {
          "type": "minecraft:item",
          "name": "tmcraft:tm_roleplay"
        },
        {
          "type": "minecraft:item",
          "name": "tmcraft:tm_rollingkick"
        },
        {
          "type": "minecraft:item",
          "name": "tmcraft:tm_rollout"
        },
        {
          "type": "minecraft:item",
          "name": "tmcraft:tm_roost"
        },
        {
          "type": "minecraft:item",
          "name": "tmcraft:tm_rototiller"
        },
        {
          "type": "minecraft:item",
          "name": "tmcraft:tm_round"
        },
        {
          "type": "minecraft:item",
          "name": "tmcraft:tm_ruination"
        },
        {
          "type": "minecraft:item",
          "name": "tmcraft:tm_sacredfire"
        },
        {
          "type": "minecraft:item",
          "name": "tmcraft:tm_sacredsword"
        },
        {
          "type": "minecraft:item",
          "name": "tmcraft:tm_safeguard"
        },
        {
          "type": "minecraft:item",
          "name": "tmcraft:tm_saltcure"
        },
        {
          "type": "minecraft:item",
          "name": "tmcraft:tm_sandattack"
        },
        {
          "type": "minecraft:item",
          "name": "tmcraft:tm_sandsearstorm"
        },
        {
          "type": "minecraft:item",
          "name": "tmcraft:tm_sandstorm"
        },
        {
          "type": "minecraft:item",
          "name": "tmcraft:tm_sandtomb"
        },
        {
          "type": "minecraft:item",
          "name": "tmcraft:tm_sappyseed"
        },
        {
          "type": "minecraft:item",
          "name": "tmcraft:tm_savagespinout"
        },
        {
          "type": "minecraft:item",
          "name": "tmcraft:tm_scald"
        },
        {
          "type": "minecraft:item",
          "name": "tmcraft:tm_scaleshot"
        },
        {
          "type": "minecraft:item",
          "name": "tmcraft:tm_scaryface"
        },
        {
          "type": "minecraft:item",
          "name": "tmcraft:tm_scorchingsands"
        },
        {
          "type": "minecraft:item",
          "name": "tmcraft:tm_scratch"
        },
        {
          "type": "minecraft:item",
          "name": "tmcraft:tm_screech"
        },
        {
          "type": "minecraft:item",
          "name": "tmcraft:tm_searingshot"
        },
        {
          "type": "minecraft:item",
          "name": "tmcraft:tm_searingsunrazesmash"
        },
        {
          "type": "minecraft:item",
          "name": "tmcraft:tm_secretpower"
        },
        {
          "type": "minecraft:item",
          "name": "tmcraft:tm_secretsword"
        },
        {
          "type": "minecraft:item",
          "name": "tmcraft:tm_seedbomb"
        },
        {
          "type": "minecraft:item",
          "name": "tmcraft:tm_seedflare"
        },
        {
          "type": "minecraft:item",
          "name": "tmcraft:tm_seismictoss"
        },
        {
          "type": "minecraft:item",
          "name": "tmcraft:tm_selfdestruct"
        },
        {
          "type": "minecraft:item",
          "name": "tmcraft:tm_shadowball"
        },
        {
          "type": "minecraft:item",
          "name": "tmcraft:tm_shadowbone"
        },
        {
          "type": "minecraft:item",
          "name": "tmcraft:tm_shadowclaw"
        },
        {
          "type": "minecraft:item",
          "name": "tmcraft:tm_shadowforce"
        },
        {
          "type": "minecraft:item",
          "name": "tmcraft:tm_shadowpunch"
        },
        {
          "type": "minecraft:item",
          "name": "tmcraft:tm_shadowsneak"
        },
        {
          "type": "minecraft:item",
          "name": "tmcraft:tm_sharpen"
        },
        {
          "type": "minecraft:item",
          "name": "tmcraft:tm_shatteredpsyche"
        },
        {
          "type": "minecraft:item",
          "name": "tmcraft:tm_shedtail"
        },
        {
          "type": "minecraft:item",
          "name": "tmcraft:tm_sheercold"
        },
        {
          "type": "minecraft:item",
          "name": "tmcraft:tm_shellsidearm"
        },
        {
          "type": "minecraft:item",
          "name": "tmcraft:tm_shellsmash"
        },
        {
          "type": "minecraft:item",
          "name": "tmcraft:tm_shelltrap"
        },
        {
          "type": "minecraft:item",
          "name": "tmcraft:tm_shelter"
        },
        {
          "type": "minecraft:item",
          "name": "tmcraft:tm_shiftgear"
        },
        {
          "type": "minecraft:item",
          "name": "tmcraft:tm_shockwave"
        },
        {
          "type": "minecraft:item",
          "name": "tmcraft:tm_shoreup"
        },
        {
          "type": "minecraft:item",
          "name": "tmcraft:tm_signalbeam"
        },
        {
          "type": "minecraft:item",
          "name": "tmcraft:tm_silktrap"
        },
        {
          "type": "minecraft:item",
          "name": "tmcraft:tm_silverwind"
        },
        {
          "type": "minecraft:item",
          "name": "tmcraft:tm_simplebeam"
        },
        {
          "type": "minecraft:item",
          "name": "tmcraft:tm_sing"
        },
        {
          "type": "minecraft:item",
          "name": "tmcraft:tm_sinisterarrowraid"
        },
        {
          "type": "minecraft:item",
          "name": "tmcraft:tm_sizzlyslide"
        },
        {
          "type": "minecraft:item",
          "name": "tmcraft:tm_sketch"
        },
        {
          "type": "minecraft:item",
          "name": "tmcraft:tm_skillswap"
        },
        {
          "type": "minecraft:item",
          "name": "tmcraft:tm_skittersmack"
        },
        {
          "type": "minecraft:item",
          "name": "tmcraft:tm_skullbash"
        },
        {
          "type": "minecraft:item",
          "name": "tmcraft:tm_skyattack"
        },
        {
          "type": "minecraft:item",
          "name": "tmcraft:tm_skydrop"
        },
        {
          "type": "minecraft:item",
          "name": "tmcraft:tm_skyuppercut"
        },
        {
          "type": "minecraft:item",
          "name": "tmcraft:tm_slackoff"
        },
        {
          "type": "minecraft:item",
          "name": "tmcraft:tm_slam"
        },
        {
          "type": "minecraft:item",
          "name": "tmcraft:tm_slash"
        },
        {
          "type": "minecraft:item",
          "name": "tmcraft:tm_sleeppowder"
        },
        {
          "type": "minecraft:item",
          "name": "tmcraft:tm_sleeptalk"
        },
        {
          "type": "minecraft:item",
          "name": "tmcraft:tm_sludge"
        },
        {
          "type": "minecraft:item",
          "name": "tmcraft:tm_sludgebomb"
        },
        {
          "type": "minecraft:item",
          "name": "tmcraft:tm_sludgewave"
        },
        {
          "type": "minecraft:item",
          "name": "tmcraft:tm_smackdown"
        },
        {
          "type": "minecraft:item",
          "name": "tmcraft:tm_smartstrike"
        },
        {
          "type": "minecraft:item",
          "name": "tmcraft:tm_smellingsalts"
        },
        {
          "type": "minecraft:item",
          "name": "tmcraft:tm_smog"
        },
        {
          "type": "minecraft:item",
          "name": "tmcraft:tm_smokescreen"
        },
        {
          "type": "minecraft:item",
          "name": "tmcraft:tm_snaptrap"
        },
        {
          "type": "minecraft:item",
          "name": "tmcraft:tm_snarl"
        },
        {
          "type": "minecraft:item",
          "name": "tmcraft:tm_snatch"
        },
        {
          "type": "minecraft:item",
          "name": "tmcraft:tm_snipeshot"
        },
        {
          "type": "minecraft:item",
          "name": "tmcraft:tm_snore"
        },
        {
          "type": "minecraft:item",
          "name": "tmcraft:tm_snowscape"
        },
        {
          "type": "minecraft:item",
          "name": "tmcraft:tm_soak"
        },
        {
          "type": "minecraft:item",
          "name": "tmcraft:tm_softboiled"
        },
        {
          "type": "minecraft:item",
          "name": "tmcraft:tm_solarbeam"
        },
        {
          "type": "minecraft:item",
          "name": "tmcraft:tm_solarblade"
        },
        {
          "type": "minecraft:item",
          "name": "tmcraft:tm_sonicboom"
        },
        {
          "type": "minecraft:item",
          "name": "tmcraft:tm_spacialrend"
        },
        {
          "type": "minecraft:item",
          "name": "tmcraft:tm_spark"
        },
        {
          "type": "minecraft:item",
          "name": "tmcraft:tm_sparklingaria"
        },
        {
          "type": "minecraft:item",
          "name": "tmcraft:tm_sparklyswirl"
        },
        {
          "type": "minecraft:item",
          "name": "tmcraft:tm_spectralthief"
        },
        {
          "type": "minecraft:item",
          "name": "tmcraft:tm_speedswap"
        },
        {
          "type": "minecraft:item",
          "name": "tmcraft:tm_spicyextract"
        },
        {
          "type": "minecraft:item",
          "name": "tmcraft:tm_spiderweb"
        },
        {
          "type": "minecraft:item",
          "name": "tmcraft:tm_spikecannon"
        },
        {
          "type": "minecraft:item",
          "name": "tmcraft:tm_spikes"
        },
        {
          "type": "minecraft:item",
          "name": "tmcraft:tm_spikyshield"
        },
        {
          "type": "minecraft:item",
          "name": "tmcraft:tm_spinout"
        },
        {
          "type": "minecraft:item",
          "name": "tmcraft:tm_spiritbreak"
        },
        {
          "type": "minecraft:item",
          "name": "tmcraft:tm_spiritshackle"
        },
        {
          "type": "minecraft:item",
          "name": "tmcraft:tm_spitup"
        },
        {
          "type": "minecraft:item",
          "name": "tmcraft:tm_spite"
        },
        {
          "type": "minecraft:item",
          "name": "tmcraft:tm_splash"
        },
        {
          "type": "minecraft:item",
          "name": "tmcraft:tm_splinteredstormshards"
        },
        {
          "type": "minecraft:item",
          "name": "tmcraft:tm_splishysplash"
        },
        {
          "type": "minecraft:item",
          "name": "tmcraft:tm_spore"
        },
        {
          "type": "minecraft:item",
          "name": "tmcraft:tm_spotlight"
        },
        {
          "type": "minecraft:item",
          "name": "tmcraft:tm_springtidestorm"
        },
        {
          "type": "minecraft:item",
          "name": "tmcraft:tm_stealthrock"
        },
        {
          "type": "minecraft:item",
          "name": "tmcraft:tm_steameruption"
        },
        {
          "type": "minecraft:item",
          "name": "tmcraft:tm_steamroller"
        },
        {
          "type": "minecraft:item",
          "name": "tmcraft:tm_steelbeam"
        },
        {
          "type": "minecraft:item",
          "name": "tmcraft:tm_steelroller"
        },
        {
          "type": "minecraft:item",
          "name": "tmcraft:tm_steelwing"
        },
        {
          "type": "minecraft:item",
          "name": "tmcraft:tm_stickyweb"
        },
        {
          "type": "minecraft:item",
          "name": "tmcraft:tm_stockpile"
        },
        {
          "type": "minecraft:item",
          "name": "tmcraft:tm_stokedsparksurfer"
        },
        {
          "type": "minecraft:item",
          "name": "tmcraft:tm_stomp"
        },
        {
          "type": "minecraft:item",
          "name": "tmcraft:tm_stompingtantrum"
        },
        {
          "type": "minecraft:item",
          "name": "tmcraft:tm_stoneaxe"
        },
        {
          "type": "minecraft:item",
          "name": "tmcraft:tm_stoneedge"
        },
        {
          "type": "minecraft:item",
          "name": "tmcraft:tm_storedpower"
        },
        {
          "type": "minecraft:item",
          "name": "tmcraft:tm_stormthrow"
        },
        {
          "type": "minecraft:item",
          "name": "tmcraft:tm_strangesteam"
        },
        {
          "type": "minecraft:item",
          "name": "tmcraft:tm_strength"
        },
        {
          "type": "minecraft:item",
          "name": "tmcraft:tm_strengthsap"
        },
        {
          "type": "minecraft:item",
          "name": "tmcraft:tm_stringshot"
        },
        {
          "type": "minecraft:item",
          "name": "tmcraft:tm_struggle"
        },
        {
          "type": "minecraft:item",
          "name": "tmcraft:tm_strugglebug"
        },
        {
          "type": "minecraft:item",
          "name": "tmcraft:tm_stuffcheeks"
        },
        {
          "type": "minecraft:item",
          "name": "tmcraft:tm_stunspore"
        },
        {
          "type": "minecraft:item",
          "name": "tmcraft:tm_submission"
        },
        {
          "type": "minecraft:item",
          "name": "tmcraft:tm_substitute"
        },
        {
          "type": "minecraft:item",
          "name": "tmcraft:tm_subzeroslammer"
        },
        {
          "type": "minecraft:item",
          "name": "tmcraft:tm_suckerpunch"
        },
        {
          "type": "minecraft:item",
          "name": "tmcraft:tm_sunnyday"
        },
        {
          "type": "minecraft:item",
          "name": "tmcraft:tm_sunsteelstrike"
        },
        {
          "type": "minecraft:item",
          "name": "tmcraft:tm_superfang"
        },
        {
          "type": "minecraft:item",
          "name": "tmcraft:tm_superpower"
        },
        {
          "type": "minecraft:item",
          "name": "tmcraft:tm_supersonic"
        },
        {
          "type": "minecraft:item",
          "name": "tmcraft:tm_supersonicskystrike"
        },
        {
          "type": "minecraft:item",
          "name": "tmcraft:tm_surf"
        },
        {
          "type": "minecraft:item",
          "name": "tmcraft:tm_surgingstrikes"
        },
        {
          "type": "minecraft:item",
          "name": "tmcraft:tm_swagger"
        },
        {
          "type": "minecraft:item",
          "name": "tmcraft:tm_swallow"
        },
        {
          "type": "minecraft:item",
          "name": "tmcraft:tm_sweetkiss"
        },
        {
          "type": "minecraft:item",
          "name": "tmcraft:tm_sweetscent"
        },
        {
          "type": "minecraft:item",
          "name": "tmcraft:tm_swift"
        },
        {
          "type": "minecraft:item",
          "name": "tmcraft:tm_switcheroo"
        },
        {
          "type": "minecraft:item",
          "name": "tmcraft:tm_swordsdance"
        },
        {
          "type": "minecraft:item",
          "name": "tmcraft:tm_synchronoise"
        },
        {
          "type": "minecraft:item",
          "name": "tmcraft:tm_synthesis"
        },
        {
          "type": "minecraft:item",
          "name": "tmcraft:tm_tackle"
        },
        {
          "type": "minecraft:item",
          "name": "tmcraft:tm_tailglow"
        },
        {
          "type": "minecraft:item",
          "name": "tmcraft:tm_tailslap"
        },
        {
          "type": "minecraft:item",
          "name": "tmcraft:tm_tailwhip"
        },
        {
          "type": "minecraft:item",
          "name": "tmcraft:tm_tailwind"
        },
        {
          "type": "minecraft:item",
          "name": "tmcraft:tm_takedown"
        },
        {
          "type": "minecraft:item",
          "name": "tmcraft:tm_takeheart"
        },
        {
          "type": "minecraft:item",
          "name": "tmcraft:tm_tarshot"
        },
        {
          "type": "minecraft:item",
          "name": "tmcraft:tm_taunt"
        },
        {
          "type": "minecraft:item",
          "name": "tmcraft:tm_tearfullook"
        },
        {
          "type": "minecraft:item",
          "name": "tmcraft:tm_teatime"
        },
        {
          "type": "minecraft:item",
          "name": "tmcraft:tm_technoblast"
        },
        {
          "type": "minecraft:item",
          "name": "tmcraft:tm_tectonicrage"
        },
        {
          "type": "minecraft:item",
          "name": "tmcraft:tm_teeterdance"
        },
        {
          "type": "minecraft:item",
          "name": "tmcraft:tm_telekinesis"
        },
        {
          "type": "minecraft:item",
          "name": "tmcraft:tm_teleport"
        },
        {
          "type": "minecraft:item",
          "name": "tmcraft:tm_terablast"
        },
        {
          "type": "minecraft:item",
          "name": "tmcraft:tm_terrainpulse"
        },
        {
          "type": "minecraft:item",
          "name": "tmcraft:tm_thief"
        },
        {
          "type": "minecraft:item",
          "name": "tmcraft:tm_thousandarrows"
        },
        {
          "type": "minecraft:item",
          "name": "tmcraft:tm_thousandwaves"
        },
        {
          "type": "minecraft:item",
          "name": "tmcraft:tm_thrash"
        },
        {
          "type": "minecraft:item",
          "name": "tmcraft:tm_throatchop"
        },
        {
          "type": "minecraft:item",
          "name": "tmcraft:tm_thunder"
        },
        {
          "type": "minecraft:item",
          "name": "tmcraft:tm_thunderbolt"
        },
        {
          "type": "minecraft:item",
          "name": "tmcraft:tm_thundercage"
        },
        {
          "type": "minecraft:item",
          "name": "tmcraft:tm_thunderfang"
        },
        {
          "type": "minecraft:item",
          "name": "tmcraft:tm_thunderouskick"
        },
        {
          "type": "minecraft:item",
          "name": "tmcraft:tm_thunderpunch"
        },
        {
          "type": "minecraft:item",
          "name": "tmcraft:tm_thundershock"
        },
        {
          "type": "minecraft:item",
          "name": "tmcraft:tm_thunderwave"
        },
        {
          "type": "minecraft:item",
          "name": "tmcraft:tm_tickle"
        },
        {
          "type": "minecraft:item",
          "name": "tmcraft:tm_tidyup"
        },
        {
          "type": "minecraft:item",
          "name": "tmcraft:tm_topsyturvy"
        },
        {
          "type": "minecraft:item",
          "name": "tmcraft:tm_torchsong"
        },
        {
          "type": "minecraft:item",
          "name": "tmcraft:tm_torment"
        },
        {
          "type": "minecraft:item",
          "name": "tmcraft:tm_toxic"
        },
        {
          "type": "minecraft:item",
          "name": "tmcraft:tm_toxicspikes"
        },
        {
          "type": "minecraft:item",
          "name": "tmcraft:tm_toxicthread"
        },
        {
          "type": "minecraft:item",
          "name": "tmcraft:tm_trailblaze"
        },
        {
          "type": "minecraft:item",
          "name": "tmcraft:tm_transform"
        },
        {
          "type": "minecraft:item",
          "name": "tmcraft:tm_triattack"
        },
        {
          "type": "minecraft:item",
          "name": "tmcraft:tm_trick"
        },
        {
          "type": "minecraft:item",
          "name": "tmcraft:tm_trickortreat"
        },
        {
          "type": "minecraft:item",
          "name": "tmcraft:tm_trickroom"
        },
        {
          "type": "minecraft:item",
          "name": "tmcraft:tm_triplearrows"
        },
        {
          "type": "minecraft:item",
          "name": "tmcraft:tm_tripleaxel"
        },
        {
          "type": "minecraft:item",
          "name": "tmcraft:tm_tripledive"
        },
        {
          "type": "minecraft:item",
          "name": "tmcraft:tm_triplekick"
        },
        {
          "type": "minecraft:item",
          "name": "tmcraft:tm_tropkick"
        },
        {
          "type": "minecraft:item",
          "name": "tmcraft:tm_trumpcard"
        },
        {
          "type": "minecraft:item",
          "name": "tmcraft:tm_twinbeam"
        },
        {
          "type": "minecraft:item",
          "name": "tmcraft:tm_twineedle"
        },
        {
          "type": "minecraft:item",
          "name": "tmcraft:tm_twinkletackle"
        },
        {
          "type": "minecraft:item",
          "name": "tmcraft:tm_twister"
        },
        {
          "type": "minecraft:item",
          "name": "tmcraft:tm_uturn"
        },
        {
          "type": "minecraft:item",
          "name": "tmcraft:tm_uproar"
        },
        {
          "type": "minecraft:item",
          "name": "tmcraft:tm_vacuumwave"
        },
        {
          "type": "minecraft:item",
          "name": "tmcraft:tm_vcreate"
        },
        {
          "type": "minecraft:item",
          "name": "tmcraft:tm_veeveevolley"
        },
        {
          "type": "minecraft:item",
          "name": "tmcraft:tm_venomdrench"
        },
        {
          "type": "minecraft:item",
          "name": "tmcraft:tm_venoshock"
        },
        {
          "type": "minecraft:item",
          "name": "tmcraft:tm_victorydance"
        },
        {
          "type": "minecraft:item",
          "name": "tmcraft:tm_vinewhip"
        },
        {
          "type": "minecraft:item",
          "name": "tmcraft:tm_visegrip"
        },
        {
          "type": "minecraft:item",
          "name": "tmcraft:tm_vitalthrow"
        },
        {
          "type": "minecraft:item",
          "name": "tmcraft:tm_voltswitch"
        },
        {
          "type": "minecraft:item",
          "name": "tmcraft:tm_volttackle"
        },
        {
          "type": "minecraft:item",
          "name": "tmcraft:tm_wakeupslap"
        },
        {
          "type": "minecraft:item",
          "name": "tmcraft:tm_waterfall"
        },
        {
          "type": "minecraft:item",
          "name": "tmcraft:tm_watergun"
        },
        {
          "type": "minecraft:item",
          "name": "tmcraft:tm_waterpledge"
        },
        {
          "type": "minecraft:item",
          "name": "tmcraft:tm_waterpulse"
        },
        {
          "type": "minecraft:item",
          "name": "tmcraft:tm_watershuriken"
        },
        {
          "type": "minecraft:item",
          "name": "tmcraft:tm_watersport"
        },
        {
          "type": "minecraft:item",
          "name": "tmcraft:tm_waterspout"
        },
        {
          "type": "minecraft:item",
          "name": "tmcraft:tm_wavecrash"
        },
        {
          "type": "minecraft:item",
          "name": "tmcraft:tm_weatherball"
        },
        {
          "type": "minecraft:item",
          "name": "tmcraft:tm_whirlpool"
        },
        {
          "type": "minecraft:item",
          "name": "tmcraft:tm_whirlwind"
        },
        {
          "type": "minecraft:item",
          "name": "tmcraft:tm_wickedblow"
        },
        {
          "type": "minecraft:item",
          "name": "tmcraft:tm_wickedtorque"
        },
        {
          "type": "minecraft:item",
          "name": "tmcraft:tm_wideguard"
        },
        {
          "type": "minecraft:item",
          "name": "tmcraft:tm_wildboltstorm"
        },
        {
          "type": "minecraft:item",
          "name": "tmcraft:tm_wildcharge"
        },
        {
          "type": "minecraft:item",
          "name": "tmcraft:tm_willowisp"
        },
        {
          "type": "minecraft:item",
          "name": "tmcraft:tm_wingattack"
        },
        {
          "type": "minecraft:item",
          "name": "tmcraft:tm_wish"
        },
        {
          "type": "minecraft:item",
          "name": "tmcraft:tm_withdraw"
        },
        {
          "type": "minecraft:item",
          "name": "tmcraft:tm_wonderroom"
        },
        {
          "type": "minecraft:item",
          "name": "tmcraft:tm_woodhammer"
        },
        {
          "type": "minecraft:item",
          "name": "tmcraft:tm_workup"
        },
        {
          "type": "minecraft:item",
          "name": "tmcraft:tm_worryseed"
        },
        {
          "type": "minecraft:item",
          "name": "tmcraft:tm_wrap"
        },
        {
          "type": "minecraft:item",
          "name": "tmcraft:tm_wringout"
        },
        {
          "type": "minecraft:item",
          "name": "tmcraft:tm_xscissor"
        },
        {
          "type": "minecraft:item",
          "name": "tmcraft:tm_yawn"
        },
        {
          "type": "minecraft:item",
          "name": "tmcraft:tm_zapcannon"
        },
        {
          "type": "minecraft:item",
          "name": "tmcraft:tm_zenheadbutt"
        },
        {
          "type": "minecraft:item",
          "name": "tmcraft:tm_zingzap"
        },
        {
          "type": "minecraft:item",
          "name": "tmcraft:tm_zippyzap"
        },
        {
          "type": "minecraft:item",
          "name": "tmcraft:tm_temperflare"
        },
        {
          "type": "minecraft:item",
          "name": "tmcraft:tm_supercellslam"
        },
        {
          "type": "minecraft:item",
          "name": "tmcraft:tm_hardpress"
        },
        {
          "type": "minecraft:item",
          "name": "tmcraft:tm_dragoncheer"
        },
        {
          "type": "minecraft:item",
          "name": "tmcraft:tm_alluringvoice"
        },
        {
          "type": "minecraft:item",
          "name": "tmcraft:tm_psychicnoise"
        },
        {
          "type": "minecraft:item",
          "name": "tmcraft:tm_upperhand"
        },
        {
          "type": "minecraft:item",
          "name": "tmcraft:tm_electroshot"
        },
        {
          "type": "minecraft:item",
          "name": "tmcraft:tm_ficklebeam"
        },
        {
          "type": "minecraft:item",
          "name": "tmcraft:tm_burningbulwark"
        },
        {
          "type": "minecraft:item",
          "name": "tmcraft:tm_thunderclap"
        },
        {
          "type": "minecraft:item",
          "name": "tmcraft:tm_mightycleave"
        },
        {
          "type": "minecraft:item",
          "name": "tmcraft:tm_tachyoncutter"
        },
        {
          "type": "minecraft:item",
          "name": "tmcraft:tm_terastarstorm"
        }
      ]
    }
  ],
  "random_sequence": "rctmod:generic/team_rocket/tms"
}