{
  "pools": [
    {
      "rolls": {
        "min": 1,
        "max": 1
      },
      "entries": [
        {
          "type": "minecraft:item",
          "name": "cobblemon:tumblestone",
          "weight": 1
        },
        {
          "type": "minecraft:item",
          "name": "cobblemon:black_tumblestone",
          "weight": 1
        },
        {
          "type": "minecraft:item",
          "name": "cobblemon:sky_tumblestone",
          "weight": 1
        },
        {
          "type": "minecraft:item",
          "name": "cobblemon:sky_tumblestone_cluster",
          "weight": 3
        },
        {
          "type": "minecraft:item",
          "name": "cobblemon:black_tumblestone_cluster",
          "weight": 3
        },
        {
          "type": "minecraft:item",
          "name": "cobblemon:tumblestone_cluster",
          "weight": 3
        }
      ]
    }
  ],
  "random_sequence": "rctmod:generic/team_rocket/tumblestones"
}