{
	"format_version": "1.12.0",
	"minecraft:geometry": [
		{
			"description": {
				"identifier": "geometry.baxcalibur",
				"texture_width": 256,
				"texture_height": 256,
				"visible_bounds_width": 7,
				"visible_bounds_height": 5.5,
				"visible_bounds_offset": [0, 2.25, 0]
			},
			"bones": [
				{
					"name": "baxcalibur",
					"pivot": [-0.45, 0, 0]
				},
				{
					"name": "body",
					"parent": "baxcalibur",
					"pivot": [-0.15, 0, 0.075]
				},
				{
					"name": "torso",
					"parent": "body",
					"pivot": [-0.15, 24, 2.075],
					"cubes": [
						{"origin": [-8.9, 16, -8.575], "size": [18, 17, 19], "uv": [0, 70]},
						{"origin": [-8.9, 16, -8.575], "size": [18, 17, 19], "inflate": 0.15, "uv": [74, 0]}
					]
				},
				{
					"name": "bone13",
					"parent": "torso",
					"pivot": [-0.9, 16, -5.575],
					"cubes": [
						{"origin": [-7.9, 12, -6.575], "size": [16, 4, 15], "uv": [58, 125]},
						{"origin": [-7.9, 12, -6.575], "size": [16, 4, 15], "inflate": 0.15, "uv": [120, 125]}
					]
				},
				{
					"name": "bone12",
					"parent": "torso",
					"pivot": [-0.15, 30, 0.075],
					"cubes": [
						{"origin": [-6.9, 28, -7.575], "size": [14, 14, 15], "uv": [76, 37]},
						{"origin": [-6.9, 28, -7.575], "size": [14, 14, 15], "inflate": 0.15, "uv": [76, 67]}
					]
				},
				{
					"name": "bone11",
					"parent": "bone12",
					"pivot": [0.225, 37.75, -0.0625],
					"cubes": [
						{"origin": [-5.4, 37, -6.075], "size": [11, 11, 11], "uv": [134, 97]},
						{"origin": [-5.4, 37, -6.075], "size": [11, 11, 11], "inflate": 0.1, "uv": [136, 68]}
					]
				},
				{
					"name": "neck",
					"parent": "bone11",
					"pivot": [0.35, 47, -0.3],
					"cubes": [
						{"origin": [-4.4, 45, -5.45], "size": [9, 10, 9], "uv": [160, 163]}
					]
				},
				{
					"name": "head",
					"parent": "neck",
					"pivot": [0.6, 54.35, -1.05],
					"rotation": [3.5, 0, 0],
					"cubes": [
						{"origin": [-3.4, 52.83137, -4.70647], "size": [7, 3, 7], "inflate": -0.023, "uv": [160, 196]},
						{"origin": [-3.4, 54.80637, -2.70647], "size": [7, 4, 5], "inflate": -0.03, "uv": [56, 197]}
					]
				},
				{
					"name": "face2",
					"parent": "head",
					"pivot": [0.1, 58.66123, -3.18134],
					"rotation": [2.5, 0, 0]
				},
				{
					"name": "jaw_lower",
					"parent": "face2",
					"pivot": [0.1, 57.66581, -2.11845],
					"rotation": [-2.5, 0, 0],
					"cubes": [
						{"origin": [-2.4, 55.64466, -8.13114], "size": [5, 2, 2], "inflate": 0.01, "uv": [132, 121]},
						{"origin": [-1.4, 55.64466, -10.13114], "size": [3, 2, 2], "inflate": 0.01, "uv": [134, 92]},
						{"origin": [-3.4, 55.64466, -6.13114], "size": [7, 2, 4], "inflate": 0.01, "uv": [180, 85]},
						{"origin": [3.6, 57.64466, -5.13114], "size": [0, 1, 3], "uv": [38, 164]},
						{"origin": [-3.4, 57.64466, -5.13114], "size": [0, 1, 3], "uv": [38, 168]},
						{"origin": [2.6, 57.44466, -8.13114], "size": [0, 1, 2], "uv": [202, 160]},
						{"origin": [1.6, 57.44466, -8.13114], "size": [1, 1, 0], "uv": [56, 143]},
						{"origin": [-2.4, 57.44466, -8.13114], "size": [1, 1, 0], "uv": [168, 95]},
						{"origin": [-2.4, 57.44466, -8.13114], "size": [0, 1, 2], "uv": [206, 160]},
						{"origin": [-1.4, 57.44466, -10.13114], "size": [3, 1, 0], "uv": [148, 35]},
						{"origin": [1.6, 57.44466, -10.13114], "size": [0, 1, 2], "uv": [12, 210]},
						{"origin": [-1.4, 57.44466, -10.13114], "size": [0, 1, 2], "uv": [16, 210]}
					]
				},
				{
					"name": "v",
					"parent": "jaw_lower",
					"pivot": [1.55, 57.64466, -10.05614],
					"rotation": [-24.55891, 11.76912, -25.86143],
					"cubes": [
						{"origin": [-0.45, 53.64466, -10.05614], "size": [2, 4, 0], "uv": [70, 116]},
						{"origin": [1.55, 54.64466, -10.05614], "size": [0, 3, 2], "pivot": [1.55, 56.14466, -10.05614], "rotation": [0, -21, 0], "uv": [70, 106]}
					]
				},
				{
					"name": "v3",
					"parent": "jaw_lower",
					"pivot": [2.05, 56.64466, -8.05614],
					"rotation": [-7.73559, 26.64594, -27.90076],
					"cubes": [
						{"origin": [2.05, 53.64466, -8.05614], "size": [0, 3, 2], "pivot": [2.05, 55.14466, -8.05614], "rotation": [0, -21, 0], "uv": [120, 207]}
					]
				},
				{
					"name": "v5",
					"parent": "jaw_lower",
					"pivot": [3.225, 57.26966, -6.15614],
					"rotation": [-13.23559, 26.64594, -27.90076],
					"cubes": [
						{"origin": [3.225, 55.26966, -6.15614], "size": [0, 2, 2], "pivot": [3.225, 55.76966, -6.15614], "rotation": [0, -21, 0], "uv": [4, 210]}
					]
				},
				{
					"name": "v6",
					"parent": "jaw_lower",
					"pivot": [-3.025, 57.26966, -6.10614],
					"rotation": [-13.23559, -26.64594, 27.90076],
					"cubes": [
						{"origin": [-3.025, 55.26966, -6.10614], "size": [0, 2, 2], "pivot": [-3.025, 55.76966, -6.10614], "rotation": [0, 21, 0], "uv": [8, 210]}
					]
				},
				{
					"name": "v4",
					"parent": "jaw_lower",
					"pivot": [-1.95, 56.64466, -8.05614],
					"rotation": [-7.73559, -26.64594, 27.90076],
					"cubes": [
						{"origin": [-1.95, 53.64466, -8.05614], "size": [0, 3, 2], "pivot": [-1.95, 55.14466, -8.05614], "rotation": [0, 21, 0], "uv": [98, 208]}
					]
				},
				{
					"name": "v2",
					"parent": "jaw_lower",
					"pivot": [-1.35, 57.64466, -10.05614],
					"rotation": [-24.55891, -11.76912, 25.86143],
					"cubes": [
						{"origin": [-1.35, 53.64466, -10.05614], "size": [2, 4, 0], "uv": [62, 193]},
						{"origin": [-1.35, 54.64466, -10.05614], "size": [0, 3, 2], "pivot": [-1.35, 56.14466, -10.05614], "rotation": [0, 21, 0], "uv": [70, 111]}
					]
				},
				{
					"name": "jaw_upper",
					"parent": "face2",
					"pivot": [0.6, 58.56143, -2.54039],
					"cubes": [
						{"origin": [-3.4, 58.43137, -2.73147], "size": [7, 4, 5], "inflate": -0.02, "uv": [188, 196]},
						{"origin": [-2.4, 58.66629, -8.14026], "size": [5, 3, 2], "inflate": 0.01, "uv": [44, 135]},
						{"origin": [-1.4, 58.66629, -10.14026], "size": [3, 3, 2], "inflate": 0.01, "uv": [208, 106]},
						{"origin": [-3.4, 58.66629, -6.14026], "size": [7, 4, 3], "inflate": 0.015, "uv": [202, 85]},
						{"origin": [-3.4, 58.66629, -3.11526], "size": [7, 4, 2], "inflate": 0.015, "uv": [102, 207]}
					]
				},
				{
					"name": "bone5",
					"parent": "jaw_upper",
					"pivot": [0.6, 60.16629, -10.14026]
				},
				{
					"name": "bone3",
					"parent": "bone5",
					"pivot": [0.725, 60.16629, -10.14026],
					"rotation": [0, 0, 17.5],
					"cubes": [
						{"origin": [-0.275, 59.16629, -10.14026], "size": [2, 4, 0], "uv": [66, 193]}
					]
				},
				{
					"name": "bone4",
					"parent": "bone5",
					"pivot": [0.6, 60.16629, -10.14026],
					"rotation": [0, 0, 17.5],
					"cubes": [
						{"origin": [1.675, 60.16629, -10.14026], "size": [0, 2, 1], "uv": [56, 140]}
					]
				},
				{
					"name": "bone6",
					"parent": "jaw_upper",
					"pivot": [-0.5, 60.16629, -10.14026]
				},
				{
					"name": "bone7",
					"parent": "bone6",
					"pivot": [-0.5, 60.16629, -10.14026],
					"rotation": [0, 0, -17.5],
					"cubes": [
						{"origin": [-1.5, 59.16629, -10.14026], "size": [2, 4, 0], "uv": [0, 210]}
					]
				},
				{
					"name": "bone8",
					"parent": "bone6",
					"pivot": [-0.5, 60.16629, -10.14026],
					"rotation": [0, 0, -17.5],
					"cubes": [
						{"origin": [-1.5, 60.16629, -10.14026], "size": [0, 2, 1], "uv": [160, 184]}
					]
				},
				{
					"name": "bone10",
					"parent": "jaw_upper",
					"pivot": [2.65, 58.91629, -3.14026],
					"cubes": [
						{"origin": [3.625, 59.41629, -6.16526], "size": [0, 2, 4], "uv": [72, 177]},
						{"origin": [3.625, 60.51629, -6.16526], "size": [0, 1, 1], "inflate": 0.02, "uv": [36, 191]},
						{"origin": [3.625, 61.01629, -5.66526], "size": [0, 1, 3], "inflate": 0.02, "pivot": [3.625, 61.51629, -3.66526], "rotation": [5, 0, 0], "uv": [38, 160]},
						{"origin": [3.625, 60.66629, -2.66526], "size": [0, 1, 1], "inflate": 0.02, "uv": [160, 191]},
						{"origin": [3.625, 59.04129, -6.16526], "size": [0, 1, 2], "inflate": 0.02, "uv": [210, 33]},
						{"origin": [1.625, 58.59129, -4.16526], "size": [2, 1, 2], "inflate": 0.02, "uv": [162, 92]},
						{"origin": [1.625, 59.26629, -2.61526], "size": [2, 1, 1], "inflate": 0.02, "uv": [190, 142]}
					]
				},
				{
					"name": "bone21",
					"parent": "bone10",
					"pivot": [2.375, 59.41629, -3.11526],
					"cubes": [
						{"origin": [3.375, 59.41629, -6.11526], "size": [0, 2, 4], "inflate": 0.019, "uv": [116, 177]}
					]
				},
				{
					"name": "bone2",
					"parent": "bone10",
					"pivot": [2.625, 58.91629, -5.39026],
					"cubes": [
						{"origin": [1.625, 59.46629, -6.14026], "size": [2, 2, 2], "inflate": 0.01, "uv": [144, 92]},
						{"origin": [1.625, 59.46629, -5.59026], "size": [2, 2, 1], "inflate": 0.015, "uv": [172, 121]}
					]
				},
				{
					"name": "bone22",
					"parent": "jaw_upper",
					"pivot": [-2.45, 58.91629, -3.14026],
					"cubes": [
						{"origin": [-3.425, 59.41629, -6.16526], "size": [0, 2, 4], "uv": [208, 111]},
						{"origin": [-3.425, 60.51629, -6.16526], "size": [0, 1, 1], "inflate": 0.02, "uv": [70, 193]},
						{"origin": [-3.425, 61.01629, -5.66526], "size": [0, 1, 3], "inflate": 0.02, "pivot": [-3.425, 61.51629, -3.66526], "rotation": [5, 0, 0], "uv": [38, 172]},
						{"origin": [-3.425, 60.66629, -2.66526], "size": [0, 1, 1], "inflate": 0.02, "uv": [160, 193]},
						{"origin": [-3.425, 59.04129, -6.16526], "size": [0, 1, 2], "inflate": 0.02, "uv": [210, 36]},
						{"origin": [-3.425, 58.59129, -4.16526], "size": [2, 1, 2], "inflate": 0.02, "uv": [164, 121]},
						{"origin": [-3.425, 59.26629, -2.61526], "size": [2, 1, 1], "inflate": 0.02, "uv": [30, 191]}
					]
				},
				{
					"name": "bone55",
					"parent": "bone22",
					"pivot": [-2.175, 59.41629, -3.11526],
					"cubes": [
						{"origin": [-3.175, 59.41629, -6.11526], "size": [0, 2, 4], "inflate": 0.019, "uv": [208, 117]}
					]
				},
				{
					"name": "bone56",
					"parent": "bone22",
					"pivot": [-2.425, 58.91629, -5.39026],
					"cubes": [
						{"origin": [-3.425, 59.46629, -6.14026], "size": [2, 2, 2], "inflate": 0.01, "uv": [156, 121]},
						{"origin": [-3.425, 59.46629, -5.59026], "size": [2, 2, 1], "inflate": 0.015, "uv": [56, 193]}
					]
				},
				{
					"name": "bone",
					"parent": "jaw_upper",
					"pivot": [0.625, 60.09129, -5.14026],
					"cubes": [
						{"origin": [2.625, 57.66629, -6.14026], "size": [1, 1, 0], "uv": [172, 35]},
						{"origin": [3.625, 57.66629, -6.14026], "size": [0, 1, 1], "uv": [160, 187]}
					]
				},
				{
					"name": "bone9",
					"parent": "jaw_upper",
					"pivot": [-0.425, 60.09129, -5.14026],
					"cubes": [
						{"origin": [-3.425, 57.66629, -6.14026], "size": [1, 1, 0], "uv": [174, 35]},
						{"origin": [-3.425, 57.66629, -6.14026], "size": [0, 1, 1], "uv": [160, 189]}
					]
				},
				{
					"name": "locator_head",
					"parent": "head",
					"pivot": [0, 62.95118, -3.38935],
					"locators": {
						"head": [0, 62.95118, -3.38935]
					}
				},
				{
					"name": "arm_left",
					"parent": "bone12",
					"pivot": [5.6, 38.75, 0.325],
					"cubes": [
						{"origin": [5.6, 35.75, -3.675], "size": [5, 5, 6], "uv": [80, 197]}
					]
				},
				{
					"name": "bone24",
					"parent": "arm_left",
					"pivot": [9.6, 37.75, 0.825],
					"cubes": [
						{"origin": [8.6, 36.25, -3.175], "size": [6, 4, 5], "uv": [202, 151]}
					]
				},
				{
					"name": "bone25",
					"parent": "bone24",
					"pivot": [14.6, 37.75, 1.825],
					"cubes": [
						{"origin": [14.6, 36.25, -3.175], "size": [7, 4, 5], "inflate": 0.01, "uv": [102, 198]}
					]
				},
				{
					"name": "bone26",
					"parent": "bone25",
					"pivot": [20.35, 38, -0.675],
					"cubes": [
						{"origin": [20.35, 37, -3.175], "size": [4, 3, 5], "uv": [56, 206]},
						{"origin": [19.6, 39.75, -2.675], "size": [4, 1, 4], "pivot": [21.6, 40.25, -0.675], "rotation": [0, -45, 0], "uv": [58, 120]}
					]
				},
				{
					"name": "bone27",
					"parent": "bone26",
					"pivot": [24.1, 39.25, -2.175],
					"cubes": [
						{"origin": [23.1, 37.25, -2.175], "size": [4, 2, 0], "uv": [170, 92]}
					]
				},
				{
					"name": "bone28",
					"parent": "bone26",
					"pivot": [24.35, 39.25, -0.675],
					"cubes": [
						{"origin": [23.1, 37.25, -0.675], "size": [4, 2, 0], "uv": [170, 94]}
					]
				},
				{
					"name": "bone29",
					"parent": "bone26",
					"pivot": [24.1, 39.25, 0.825],
					"cubes": [
						{"origin": [23.1, 37.25, 0.825], "size": [4, 2, 0], "uv": [182, 33]}
					]
				},
				{
					"name": "bone16",
					"parent": "bone26",
					"pivot": [23.6, 40.5, -0.675],
					"cubes": [
						{"origin": [23.1, 40.5, -1.675], "size": [4, 0, 2], "uv": [44, 140]}
					]
				},
				{
					"name": "bone19",
					"parent": "bone16",
					"pivot": [27.1, 40.5, -0.675],
					"cubes": [
						{"origin": [27.1, 40.5, -1.175], "size": [2, 0, 1], "uv": [154, 35]}
					]
				},
				{
					"name": "bone23",
					"parent": "bone26",
					"pivot": [21.85, 40.5, -2.175],
					"rotation": [0, 45, 0],
					"cubes": [
						{"origin": [21.35, 40.5, -3.175], "size": [3, 0, 2], "uv": [146, 121]}
					]
				},
				{
					"name": "bone30",
					"parent": "bone23",
					"pivot": [24.35, 40.5, -2.175],
					"cubes": [
						{"origin": [24.35, 40.5, -2.675], "size": [2, 0, 1], "uv": [160, 35]}
					]
				},
				{
					"name": "bone37",
					"parent": "bone26",
					"pivot": [21.85, 40.5, 0.925],
					"rotation": [0, -46.5, 0],
					"cubes": [
						{"origin": [21.35, 40.5, -0.075], "size": [3, 0, 2], "uv": [146, 123]}
					]
				},
				{
					"name": "bone38",
					"parent": "bone37",
					"pivot": [24.35, 40.5, 0.925],
					"cubes": [
						{"origin": [24.35, 40.5, 0.425], "size": [2, 0, 1], "uv": [162, 95]}
					]
				},
				{
					"name": "arm_right",
					"parent": "bone12",
					"pivot": [-5.6, 38.75, 0.325],
					"cubes": [
						{"origin": [-10.6, 35.75, -3.675], "size": [5, 5, 6], "uv": [80, 197], "mirror": true}
					]
				},
				{
					"name": "bone39",
					"parent": "arm_right",
					"pivot": [-9.6, 37.75, 0.825],
					"cubes": [
						{"origin": [-14.6, 36.25, -3.175], "size": [6, 4, 5], "uv": [202, 151], "mirror": true}
					]
				},
				{
					"name": "bone40",
					"parent": "bone39",
					"pivot": [-14.6, 37.75, 1.825],
					"cubes": [
						{"origin": [-21.6, 36.25, -3.175], "size": [7, 4, 5], "inflate": 0.01, "uv": [102, 198], "mirror": true}
					]
				},
				{
					"name": "bone41",
					"parent": "bone40",
					"pivot": [-20.35, 38, -0.675],
					"cubes": [
						{"origin": [-24.35, 37, -3.175], "size": [4, 3, 5], "uv": [56, 206], "mirror": true},
						{"origin": [-23.6, 39.75, -2.675], "size": [4, 1, 4], "pivot": [-21.6, 40.25, -0.675], "rotation": [0, 45, 0], "uv": [58, 120], "mirror": true}
					]
				},
				{
					"name": "bone42",
					"parent": "bone41",
					"pivot": [-24.1, 39.25, -2.175],
					"cubes": [
						{"origin": [-27.1, 37.25, -2.175], "size": [4, 2, 0], "uv": [170, 92], "mirror": true}
					]
				},
				{
					"name": "bone43",
					"parent": "bone41",
					"pivot": [-24.35, 39.25, -0.675],
					"cubes": [
						{"origin": [-27.1, 37.25, -0.675], "size": [4, 2, 0], "uv": [170, 94], "mirror": true}
					]
				},
				{
					"name": "bone44",
					"parent": "bone41",
					"pivot": [-24.1, 39.25, 0.825],
					"cubes": [
						{"origin": [-27.1, 37.25, 0.825], "size": [4, 2, 0], "uv": [182, 33], "mirror": true}
					]
				},
				{
					"name": "bone45",
					"parent": "bone41",
					"pivot": [-23.6, 40.5, -0.675],
					"cubes": [
						{"origin": [-27.1, 40.5, -1.675], "size": [4, 0, 2], "uv": [44, 140], "mirror": true}
					]
				},
				{
					"name": "bone46",
					"parent": "bone45",
					"pivot": [-27.1, 40.5, -0.675],
					"cubes": [
						{"origin": [-29.1, 40.5, -1.175], "size": [2, 0, 1], "uv": [154, 35], "mirror": true}
					]
				},
				{
					"name": "bone47",
					"parent": "bone41",
					"pivot": [-21.85, 40.5, -2.175],
					"rotation": [0, -45, 0],
					"cubes": [
						{"origin": [-24.35, 40.5, -3.175], "size": [3, 0, 2], "uv": [146, 121], "mirror": true}
					]
				},
				{
					"name": "bone48",
					"parent": "bone47",
					"pivot": [-24.35, 40.5, -2.175],
					"cubes": [
						{"origin": [-26.35, 40.5, -2.675], "size": [2, 0, 1], "uv": [160, 35], "mirror": true}
					]
				},
				{
					"name": "bone49",
					"parent": "bone41",
					"pivot": [-21.85, 40.5, 0.925],
					"rotation": [0, 46.5, 0],
					"cubes": [
						{"origin": [-24.35, 40.5, -0.075], "size": [3, 0, 2], "uv": [146, 123], "mirror": true}
					]
				},
				{
					"name": "bone50",
					"parent": "bone49",
					"pivot": [-24.35, 40.5, 0.925],
					"cubes": [
						{"origin": [-26.35, 40.5, 0.425], "size": [2, 0, 1], "uv": [162, 95], "mirror": true}
					]
				},
				{
					"name": "back_spine",
					"parent": "bone12",
					"pivot": [0.1, 35.25, 8.075],
					"rotation": [22, 0, 0],
					"cubes": [
						{"origin": [0.075, 17.5, 6.575], "size": [0, 34, 37], "uv": [0, -1]},
						{"origin": [-0.9, 29.25, 6.075], "size": [2, 11, 19], "inflate": 0.01, "uv": [134, 36]},
						{"origin": [-0.9, 29.25, 6.075], "size": [2, 11, 19], "inflate": 0.25, "uv": [49, 226]},
						{"origin": [-2.4, 25.55, 6.075], "size": [5, 18, 5], "inflate": 0.02, "uv": [140, 184]},
						{"origin": [-0.9, 26.425, 16.1], "size": [2, 17, 17], "pivot": [0.1, 34.925, 24.6], "rotation": [-45, 0, 0], "uv": [0, 222]}
					]
				},
				{
					"name": "tail",
					"parent": "torso",
					"pivot": [0.075, 21, 5.325],
					"rotation": [20, 0, 0],
					"cubes": [
						{"origin": [-6.925, 9.63082, -2.47923], "size": [14, 14, 15], "uv": [74, 96]},
						{"origin": [-6.925, 9.63082, -2.47923], "size": [14, 14, 15], "inflate": 0.15, "uv": [0, 106]}
					]
				},
				{
					"name": "tail2",
					"parent": "tail",
					"pivot": [0.075, 10.75, 4.825],
					"rotation": [-7.5, 0, 0],
					"cubes": [
						{"origin": [-4.925, -0.36918, -1.47923], "size": [10, 13, 12], "uv": [0, 135]},
						{"origin": [-4.925, -0.36918, -1.47923], "size": [10, 13, 12], "inflate": 0.15, "uv": [80, 144]}
					]
				},
				{
					"name": "tail3",
					"parent": "tail2",
					"pivot": [0.075, 1.5, 4.825],
					"cubes": [
						{"origin": [-2.925, -9.36918, 1.02077], "size": [6, 12, 7], "uv": [192, 0]},
						{"origin": [-2.925, -9.36918, 1.02077], "size": [6, 12, 7], "inflate": 0.15, "uv": [30, 193]}
					]
				},
				{
					"name": "tail4",
					"parent": "tail3",
					"pivot": [0.075, -7.5, 4.825],
					"cubes": [
						{"origin": [-1.925, -17.36918, 2.02077], "size": [4, 11, 5], "uv": [196, 163]},
						{"origin": [-1.925, -17.36918, 2.02077], "size": [4, 11, 5], "inflate": 0.15, "uv": [196, 179]}
					]
				},
				{
					"name": "tail5",
					"parent": "tail4",
					"pivot": [-0.425, -16.5, 4.325],
					"cubes": [
						{"origin": [-1.425, -26.36918, 2.77077], "size": [3, 11, 3], "uv": [58, 106]},
						{"origin": [-1.425, -26.36918, 2.77077], "size": [3, 11, 3], "inflate": 0.1, "uv": [126, 198]}
					]
				},
				{
					"name": "leg_left",
					"parent": "body",
					"pivot": [7.85, 23, 4.075],
					"rotation": [-16.12006, -5.07855, -14.13272],
					"cubes": [
						{"origin": [5.59591, 15.87789, -1.7706], "size": [8, 10, 11], "uv": [0, 160]}
					]
				},
				{
					"name": "bone18",
					"parent": "leg_left",
					"pivot": [10.09591, 15.87789, -1.2706],
					"cubes": [
						{"origin": [6.09591, 9.87789, -1.2706], "size": [7, 6, 10], "inflate": 0.01, "uv": [148, 19]},
						{"origin": [6.09591, 9.87789, -1.2706], "size": [7, 6, 10], "inflate": 0.15, "uv": [176, 35]}
					]
				},
				{
					"name": "calf_left",
					"parent": "bone18",
					"pivot": [9.59591, 9.87789, -1.2706],
					"rotation": [25, 0, 0],
					"cubes": [
						{"origin": [6.09591, -0.12211, -1.2706], "size": [7, 10, 8], "uv": [178, 106]},
						{"origin": [6.09591, -0.12211, -1.2706], "size": [7, 10, 8], "inflate": 0.15, "uv": [180, 67]}
					]
				},
				{
					"name": "foot_left",
					"parent": "calf_left",
					"pivot": [9.59591, 0.37789, 4.9794],
					"cubes": [
						{"origin": [6.09591, -3.12211, -3.0206], "size": [7, 4, 10], "inflate": 0.01, "uv": [81, 169]},
						{"origin": [12.09591, -3.12211, -7.0206], "size": [0, 4, 4], "uv": [116, 169]},
						{"origin": [9.59591, -3.12211, -7.0206], "size": [0, 4, 4], "uv": [30, 181]},
						{"origin": [7.09591, -3.12211, -7.0206], "size": [0, 4, 4], "uv": [22, 199]}
					]
				},
				{
					"name": "bone52",
					"parent": "foot_left",
					"pivot": [9.63816, -3.15552, 1.96472],
					"rotation": [0, -45, 0],
					"cubes": [
						{"origin": [7.63816, -3.15552, -0.03528], "size": [4, 2, 4], "inflate": 0.01, "uv": [0, 0]},
						{"origin": [10.61316, -3.15552, 1.26472], "size": [1, 2, 1], "pivot": [11.61316, -2.15552, 1.26472], "rotation": [0, 45, 0], "uv": [1, 11]},
						{"origin": [8.63816, -3.15552, 3.26472], "size": [1, 2, 1], "pivot": [9.63816, -2.15552, 3.26472], "rotation": [0, 45, 0], "uv": [1, 11]}
					]
				},
				{
					"name": "leg_right",
					"parent": "body",
					"pivot": [-6.85, 23, 4.075],
					"rotation": [-16.12006, 5.07855, 14.13272],
					"cubes": [
						{"origin": [-13.56184, 15.61948, -1.78528], "size": [8, 10, 11], "uv": [0, 160], "mirror": true}
					]
				},
				{
					"name": "bone15",
					"parent": "leg_right",
					"pivot": [-10.06184, 15.61948, -1.28528],
					"cubes": [
						{"origin": [-13.06184, 9.61948, -1.28528], "size": [7, 6, 10], "inflate": 0.01, "uv": [148, 19], "mirror": true},
						{"origin": [-13.06184, 9.61948, -1.28528], "size": [7, 6, 10], "inflate": 0.15, "uv": [176, 35], "mirror": true}
					]
				},
				{
					"name": "calf_right",
					"parent": "bone15",
					"pivot": [-9.56184, 9.61948, -1.28528],
					"rotation": [25, 0, 0],
					"cubes": [
						{"origin": [-13.06184, -0.38052, -1.28528], "size": [7, 10, 8], "uv": [178, 106], "mirror": true},
						{"origin": [-13.06184, -0.38052, -1.28528], "size": [7, 10, 8], "inflate": 0.15, "uv": [180, 67], "mirror": true}
					]
				},
				{
					"name": "foot_right",
					"parent": "calf_right",
					"pivot": [-9.56184, 0.11948, 4.96472],
					"cubes": [
						{"origin": [-13.06184, -3.38052, -3.03528], "size": [7, 4, 10], "inflate": 0.01, "uv": [81, 169], "mirror": true},
						{"origin": [-12.06184, -3.38052, -7.03528], "size": [0, 4, 4], "uv": [116, 169], "mirror": true},
						{"origin": [-9.56184, -3.38052, -7.03528], "size": [0, 4, 4], "uv": [30, 181], "mirror": true},
						{"origin": [-7.06184, -3.38052, -7.03528], "size": [0, 4, 4], "uv": [22, 199], "mirror": true}
					]
				},
				{
					"name": "bone51",
					"parent": "foot_right",
					"pivot": [-9.56184, -3.40552, 1.96472],
					"rotation": [0, -45, 0],
					"cubes": [
						{"origin": [-11.56184, -3.40552, -0.03528], "size": [4, 2, 4], "inflate": 0.01, "uv": [0, 0]},
						{"origin": [-8.58684, -3.40552, 1.26472], "size": [1, 2, 1], "pivot": [-7.58684, -2.40552, 1.26472], "rotation": [0, 45, 0], "uv": [1, 11]},
						{"origin": [-10.56184, -3.40552, 3.26472], "size": [1, 2, 1], "pivot": [-9.56184, -2.40552, 3.26472], "rotation": [0, 45, 0], "uv": [1, 11]}
					]
				}
			]
		}
	]
}