{
  "type": "minecraft:chest",
  "pools": [
    {
      "rolls": {
        "type": "minecraft:uniform",
        "min": 3.0,
        "max": 6.0
      },
      "entries": [
        {
          "type": "minecraft:item",
          "name": "minecraft:iron_ingot",
          "weight": 90,
          "functions": [
            {
              "function": "minecraft:set_count",
              "count": {
                "type": "minecraft:uniform",
                "min": 1.0,
                "max": 5.0
              },
              "add": false
            }
          ]
        },
        {
          "type": "minecraft:item",
          "name": "minecraft:gold_ingot",
          "weight": 10,
          "functions": [
            {
              "function": "minecraft:set_count",
              "count": {
                "type": "minecraft:uniform",
                "min": 1.0,
                "max": 5.0
              },
              "add": false
            }
          ]
        },
        {
          "type": "minecraft:item",
          "name": "minecraft:emerald",
          "weight": 40,
          "functions": [
            {
              "function": "minecraft:set_count",
              "count": {
                "type": "minecraft:uniform",
                "min": 1.0,
                "max": 5.0
              },
              "add": false
            }
          ]
        },
        {
          "type": "minecraft:item",
          "name": "minecraft:diamond",
          "weight": 5
        },
        {
          "type": "minecraft:item",
          "name": "minecraft:experience_bottle",
          "weight": 5
        }
      ]
    },
    {
      "rolls": {
        "type": "minecraft:uniform",
        "min": 2.0,
        "max": 5.0
      },
      "entries": [
        {
          "type": "minecraft:item",
          "name": "minecraft:iron_nugget",
          "weight": 50,
          "functions": [
            {
              "function": "minecraft:set_count",
              "count": {
                "type": "minecraft:uniform",
                "min": 1.0,
                "max": 10.0
              },
              "add": false
            }
          ]
        },
        {
          "type": "minecraft:item",
          "name": "minecraft:gold_nugget",
          "weight": 10,
          "functions": [
            {
              "function": "minecraft:set_count",
              "count": {
                "type": "minecraft:uniform",
                "min": 1.0,
                "max": 10.0
              },
              "add": false
            }
          ]
        },
        {
          "type": "minecraft:item",
          "name": "minecraft:lapis_lazuli",
          "weight": 20,
          "functions": [
            {
              "function": "minecraft:set_count",
              "count": {
                "type": "minecraft:uniform",
                "min": 1.0,
                "max": 10.0
              },
              "add": false
            }
          ]
        }
      ]
    },
    {
      "rolls": 1.0,
      "entries": [
        {
          "type": "minecraft:empty",
          "weight": 5
        },
        {
          "type": "minecraft:item",
          "name": "minecraft:coast_armor_trim_smithing_template",
          "weight": 1,
          "functions": [
            {
              "function": "minecraft:set_count",
              "count": 2.0,
              "add": false
            }
          ]
        }
      ]
    },
    {
      "rolls": 1.0,
      "entries": [
        {
          "type": "minecraft:item",
          "name": "cobblemon:dive_ball",
          "weight": 3,
          "functions": [
            {
              "function": "minecraft:set_count",
              "count": {
                "type": "minecraft:uniform",
                "min": 3.0,
                "max": 5.0
              }
            }
          ]
        },
        {
          "type": "minecraft:item",
          "name": "cobblemon:exp_candy_m",
          "functions": [
            {
              "function": "minecraft:set_count",
              "count": {
                "type": "minecraft:uniform",
                "min": 1.0,
                "max": 3.0
              }
            }
          ]
        }
      ]
    }
  ],
  "random_sequence": "minecraft:chests/shipwreck_treasure"
}