{
	"format_version": "1.12.0",
	"minecraft:geometry": [
		{
			"description": {
				"identifier": "geometry.frigibax",
				"texture_width": 128,
				"texture_height": 128,
				"visible_bounds_width": 3,
				"visible_bounds_height": 3.5,
				"visible_bounds_offset": [0, 1.25, 0]
			},
			"bones": [
				{
					"name": "frigibax",
					"pivot": [0, 0, 0]
				},
				{
					"name": "body",
					"parent": "frigibax",
					"pivot": [0, 0, 0.25]
				},
				{
					"name": "torso",
					"parent": "body",
					"pivot": [0, 4.5, 0.25],
					"rotation": [19.5, 0, 0],
					"cubes": [
						{"origin": [-6, 4.88625, -4.3977], "size": [12, 6, 12], "uv": [0, 32]}
					]
				},
				{
					"name": "chest",
					"parent": "torso",
					"pivot": [0, 8.88625, 1.6023],
					"cubes": [
						{"origin": [-7, 8.88625, -6.3977], "size": [14, 17, 15], "uv": [0, 0]},
						{"origin": [2, 25.88625, -6.3977], "size": [5, 2, 9], "uv": [58, 0]},
						{"origin": [-7, 25.88625, -6.3977], "size": [5, 2, 9], "uv": [58, 11]},
						{"origin": [0, 10.88625, 1.6023], "size": [0, 12, 14], "uv": [48, 32]},
						{"origin": [-3, 17.38625, -9.3477], "size": [6, 6, 3], "inflate": 0.01, "uv": [44, 58]},
						{"origin": [-1, 15.92914, -9.3477], "size": [4, 4, 3], "pivot": [0, 18.92914, -7.8477], "rotation": [0, 0, 45], "uv": [0, 64]}
					]
				},
				{
					"name": "mouth_open",
					"parent": "chest",
					"pivot": [0, 13.13625, -5.4477],
					"cubes": [
						{"origin": [-4, 10.88625, -5.4477], "size": [8, 6, 0], "uv": [62, 58]},
						{"origin": [-2.5, 10.88625, -5.4477], "size": [5, 3, 0], "inflate": 0.01, "uv": [74, 69]}
					]
				},
				{
					"name": "bone",
					"parent": "chest",
					"pivot": [5.025, 19.38625, -5.4227],
					"cubes": [
						{"origin": [3.025, 18.38625, -6.4227], "size": [4, 6, 2], "uv": [14, 64]}
					]
				},
				{
					"name": "bone40",
					"parent": "bone",
					"pivot": [4.025, 19.38625, -4.4727],
					"cubes": [
						{"origin": [2.025, 18.38625, -5.4727], "size": [4, 6, 2], "inflate": 0.02, "uv": [42, 67]}
					]
				},
				{
					"name": "bone2",
					"parent": "bone",
					"pivot": [4.275, 19.38625, -5.4477],
					"cubes": [
						{"origin": [4.025, 19.38625, -6.4477], "size": [2, 4, 0], "uv": [44, 50]}
					]
				},
				{
					"name": "bone38",
					"parent": "bone",
					"pivot": [4.275, 22.88625, -5.4477],
					"cubes": [
						{"origin": [2.025, 22.88625, -5.4477], "size": [4, 2, 0], "inflate": 0.01, "uv": [76, 37]}
					]
				},
				{
					"name": "bone3",
					"parent": "chest",
					"pivot": [-5.025, 19.38625, -5.4227],
					"cubes": [
						{"origin": [-7.025, 18.38625, -6.4227], "size": [4, 6, 2], "uv": [62, 64]}
					]
				},
				{
					"name": "bone41",
					"parent": "bone3",
					"pivot": [-4.025, 19.38625, -4.4977],
					"cubes": [
						{"origin": [-6.025, 18.38625, -5.4977], "size": [4, 6, 2], "inflate": 0.02, "uv": [26, 68]}
					]
				},
				{
					"name": "bone4",
					"parent": "bone3",
					"pivot": [-4.275, 19.38625, -5.4477],
					"cubes": [
						{"origin": [-6.025, 19.38625, -6.4477], "size": [2, 4, 0], "uv": [44, 54]}
					]
				},
				{
					"name": "bone39",
					"parent": "bone3",
					"pivot": [-3.825, 22.88625, -5.4477],
					"cubes": [
						{"origin": [-6.075, 22.88625, -5.4477], "size": [4, 2, 0], "inflate": 0.01, "uv": [76, 39]}
					]
				},
				{
					"name": "bone28",
					"parent": "chest",
					"pivot": [-3.2375, 16.78625, -6.4477]
				},
				{
					"name": "bone26",
					"parent": "bone28",
					"pivot": [-3.2375, 16.78625, -6.4477],
					"cubes": [
						{"origin": [-3.75, 16.58625, -6.4477], "size": [2, 1, 0], "inflate": 0.01, "uv": [58, 71]},
						{"origin": [-4.225, 15.98625, -6.4477], "size": [1, 1, 0], "inflate": 0.01, "uv": [42, 66]}
					]
				},
				{
					"name": "bone25",
					"parent": "bone28",
					"pivot": [3.2375, 16.78625, -6.4477],
					"cubes": [
						{"origin": [1.75, 16.58625, -6.4477], "size": [2, 1, 0], "inflate": 0.01, "uv": [54, 71]},
						{"origin": [3.225, 15.98625, -6.4477], "size": [1, 1, 0], "inflate": 0.01, "uv": [42, 65]}
					]
				},
				{
					"name": "bone27",
					"parent": "chest",
					"pivot": [3.5, 14.33625, -6.4477],
					"cubes": [
						{"origin": [2.5, 13.33625, -6.4477], "size": [2, 2, 0], "pivot": [3.5, 14.33625, -6.4477], "rotation": [0, 0, 45], "uv": [76, 45]}
					]
				},
				{
					"name": "arm_left",
					"parent": "chest",
					"pivot": [6, 10.93625, -1.8977],
					"rotation": [25.62135, -22.76557, -20.86075],
					"cubes": [
						{"origin": [5.125, 9.40124, -4.79455], "size": [2, 3, 3], "inflate": 0.01, "uv": [14, 72]}
					]
				},
				{
					"name": "bone8",
					"parent": "arm_left",
					"pivot": [6, 9.93625, -4.7977],
					"cubes": [
						{"origin": [5.125, 9.90124, -6.79455], "size": [2, 2, 2], "uv": [54, 67]}
					]
				},
				{
					"name": "bone13",
					"parent": "bone8",
					"pivot": [7.15, 11.00124, -6.09455],
					"rotation": [13.75, 0, 0],
					"cubes": [
						{"origin": [7.15, 7.50124, -6.59455], "size": [0, 4, 1], "uv": [42, 60]}
					]
				},
				{
					"name": "bone14",
					"parent": "bone13",
					"pivot": [7.15, 7.50124, -6.09455],
					"cubes": [
						{"origin": [7.15, 3.50124, -6.59455], "size": [0, 4, 1], "uv": [38, 68]}
					]
				},
				{
					"name": "bone12",
					"parent": "bone8",
					"pivot": [7.125, 10.90124, -6.79455]
				},
				{
					"name": "bone9",
					"parent": "bone12",
					"pivot": [7.0868, 10.88011, -6.79695],
					"cubes": [
						{"origin": [5.125, 10.40124, -8.79455], "size": [2, 1, 2], "uv": [76, 22]}
					]
				},
				{
					"name": "bone10",
					"parent": "bone12",
					"pivot": [7.0868, 11.88011, -6.79695],
					"cubes": [
						{"origin": [5.125, 11.40124, -8.79455], "size": [2, 1, 2], "uv": [24, 76]}
					]
				},
				{
					"name": "bone11",
					"parent": "bone12",
					"pivot": [7.0868, 9.88011, -6.79695],
					"cubes": [
						{"origin": [5.125, 9.40124, -8.79455], "size": [2, 1, 2], "uv": [76, 25]}
					]
				},
				{
					"name": "arm_right",
					"parent": "chest",
					"pivot": [-6, 10.93625, -1.8977],
					"rotation": [25.62135, 22.76557, 20.86075],
					"cubes": [
						{"origin": [-7.125, 9.40124, -4.79455], "size": [2, 3, 3], "inflate": 0.01, "uv": [68, 72]}
					]
				},
				{
					"name": "bone7",
					"parent": "arm_right",
					"pivot": [-6, 9.93625, -4.7977],
					"cubes": [
						{"origin": [-7.125, 9.90124, -6.79455], "size": [2, 2, 2], "uv": [0, 76]}
					]
				},
				{
					"name": "bone15",
					"parent": "bone7",
					"pivot": [-7.15, 11.00124, -6.09455],
					"rotation": [13.75, 0, 0],
					"cubes": [
						{"origin": [-7.15, 7.50124, -6.59455], "size": [0, 4, 1], "uv": [40, 68]}
					]
				},
				{
					"name": "bone33",
					"parent": "bone15",
					"pivot": [-7.15, 7.50124, -6.09455],
					"cubes": [
						{"origin": [-7.15, 3.50124, -6.59455], "size": [0, 4, 1], "uv": [48, 75]}
					]
				},
				{
					"name": "bone34",
					"parent": "bone7",
					"pivot": [-7.125, 10.90124, -6.79455]
				},
				{
					"name": "bone35",
					"parent": "bone34",
					"pivot": [-7.0868, 10.88011, -6.79695],
					"cubes": [
						{"origin": [-7.125, 10.40124, -8.79455], "size": [2, 1, 2], "uv": [76, 28]}
					]
				},
				{
					"name": "bone36",
					"parent": "bone34",
					"pivot": [-7.0868, 11.88011, -6.79695],
					"cubes": [
						{"origin": [-7.125, 11.40124, -8.79455], "size": [2, 1, 2], "uv": [76, 31]}
					]
				},
				{
					"name": "bone37",
					"parent": "bone34",
					"pivot": [-7.0868, 9.88011, -6.79695],
					"cubes": [
						{"origin": [-7.125, 9.40124, -8.79455], "size": [2, 1, 2], "uv": [76, 34]}
					]
				},
				{
					"name": "bone5",
					"parent": "torso",
					"pivot": [0, 5.71125, 0.8523],
					"rotation": [-42.75, 0, 0],
					"cubes": [
						{"origin": [-2.5, 4.22093, 0.12674], "size": [5, 6, 8], "uv": [0, 50]}
					]
				},
				{
					"name": "bone6",
					"parent": "bone5",
					"pivot": [-0.5, 6.47093, 7.12674],
					"rotation": [25, 0, 0],
					"cubes": [
						{"origin": [-1.5, 4.97093, 7.12674], "size": [3, 3, 5], "uv": [26, 60]}
					]
				},
				{
					"name": "leg_left",
					"parent": "body",
					"pivot": [3.5, 5.3, -0.5],
					"cubes": [
						{"origin": [2.5, 2.05, -2.75], "size": [4, 5, 5], "uv": [26, 50]}
					]
				},
				{
					"name": "bone20",
					"parent": "leg_left",
					"pivot": [5.05, 2.55, -1.25],
					"cubes": [
						{"origin": [3.3, 0.8, -1.5], "size": [2, 2, 3], "uv": [74, 64]}
					]
				},
				{
					"name": "bone21",
					"parent": "bone20",
					"pivot": [4.3, 1.05, 0.75],
					"cubes": [
						{"origin": [2.8, 0.05, -2.25], "size": [3, 1, 4], "uv": [0, 71]},
						{"origin": [3.8, 0.05, -3.25], "size": [1, 1, 1], "uv": [38, 73]},
						{"origin": [5.3, 0.05, -3.25], "size": [1, 1, 1], "uv": [50, 75]},
						{"origin": [2.3, 0.05, -3.25], "size": [1, 1, 1], "uv": [8, 76]}
					]
				},
				{
					"name": "leg_right",
					"parent": "body",
					"pivot": [-3.5, 5.3, -0.5],
					"cubes": [
						{"origin": [-6.5, 2.05, -2.75], "size": [4, 5, 5], "uv": [58, 22]}
					]
				},
				{
					"name": "bone19",
					"parent": "leg_right",
					"pivot": [-5.05, 2.55, -1.25],
					"cubes": [
						{"origin": [-5.3, 0.8, -1.5], "size": [2, 2, 3], "uv": [38, 75]}
					]
				},
				{
					"name": "bone22",
					"parent": "bone19",
					"pivot": [-4.3, 1.05, 0.75],
					"cubes": [
						{"origin": [-5.8, 0.05, -2.25], "size": [3, 1, 4], "uv": [54, 72]},
						{"origin": [-4.8, 0.05, -3.25], "size": [1, 1, 1], "uv": [32, 76]},
						{"origin": [-6.3, 0.05, -3.25], "size": [1, 1, 1], "uv": [76, 41]},
						{"origin": [-3.3, 0.05, -3.25], "size": [1, 1, 1], "uv": [76, 43]}
					]
				}
			]
		}
	]
}