{
	"format_version": "1.8.0",
	"animations": {
		"animation.smoliv_atm.ground_idle": {
			"loop": true,
			"animation_length": 4,
			"bones": {
				"body": {
					"position": [0, "math.cos(query.anim_time*90*2-0)*0.05-0.05", 0]
				},
				"head": {
					"rotation": ["math.sin(query.anim_time*90*2-0)*1", "math.sin(query.anim_time*90*2-0)*1", "-math.sin(query.anim_time*90*2-0)*1"]
				},
				"antenea": {
					"rotation": [0, "math.sin(query.anim_time*90*2-20)*2", 0]
				},
				"leaf": {
					"rotation": [0, 0, "-2.5-math.sin(query.anim_time*90*2-20)*4"]
				},
				"leaf2": {
					"rotation": [0, 0, "-math.sin(query.anim_time*90*2-40)*6"]
				},
				"leaf3": {
					"rotation": [0, 0, "-math.sin(query.anim_time*90*2-20)*4"]
				},
				"leaf4": {
					"rotation": [0, 0, "-math.sin(query.anim_time*90*2-40)*6"]
				},
				"leaf5": {
					"rotation": [-17.5, 0, "-15-math.sin(query.anim_time*90*2-20)*4"]
				},
				"leaf6": {
					"rotation": [0, 0, "-math.sin(query.anim_time*90*2-40)*6"]
				},
				"leaf7": {
					"rotation": [0, 0, "-math.sin(query.anim_time*90*2-20)*4"]
				},
				"leaf8": {
					"rotation": [0, 0, "-math.sin(query.anim_time*90*2-40)*6"]
				},
				"olive": {
					"rotation": ["math.sin(query.anim_time*90*2-20)*4", 0, 0]
				},
				"leg_left": {
					"position": [0, "-math.cos(query.anim_time*90*2-0)*0.05+0.05", 0]
				},
				"leg_right": {
					"position": [0, "-math.cos(query.anim_time*90*2-0)*0.05+0.05", 0]
				}
			}
		},
		"animation.smoliv_atm.ground_walk": {
			"loop": true,
			"animation_length": 4,
			"bones": {
				"head": {
					"rotation": ["math.sin(query.anim_time*90*8-0)*2", "math.sin(query.anim_time*90*4-0)*1", "-math.sin(query.anim_time*90*4-0)*2"]
				},
				"antenea": {
					"rotation": [0, "math.sin(query.anim_time*90*4-20)*2", 0]
				},
				"leaf": {
					"rotation": [0, 0, "-2.5-math.sin(query.anim_time*90*4-20)*4"]
				},
				"leaf2": {
					"rotation": [0, 0, "-math.sin(query.anim_time*90*4-40)*6"]
				},
				"leaf3": {
					"rotation": [0, 0, "-math.sin(query.anim_time*90*4-20)*4"]
				},
				"leaf4": {
					"rotation": [0, 0, "-math.sin(query.anim_time*90*4-40)*6"]
				},
				"leaf5": {
					"rotation": [-17.5, 0, "-15-math.sin(query.anim_time*90*4-20)*4"]
				},
				"leaf6": {
					"rotation": [0, 0, "-math.sin(query.anim_time*90*4-40)*6"]
				},
				"leaf7": {
					"rotation": [-3.08142, 0.96618, "2.5008-math.sin(query.anim_time*90*4-20)*4"]
				},
				"leaf8": {
					"rotation": [0, 0, "-math.sin(query.anim_time*90*4-40)*6"]
				},
				"olive": {
					"rotation": ["math.sin(query.anim_time*90*4-20)*4", 0, 0]
				},
				"leg_left": {
					"rotation": ["-math.clamp(-math.cos(query.anim_time*90*4+180)*5+0,0,5)", 0, "-math.clamp(-math.cos(query.anim_time*90*4+180)*4+0,0,4)"],
					"position": [0, "math.clamp(-math.cos(query.anim_time*90*4+180)*0.4,0,0.4)", "-math.sin(query.anim_time*90*4-0)*0.5"]
				},
				"leg_right": {
					"rotation": ["-math.clamp(-math.cos(query.anim_time*90*4+0)*5+0,0,5)", 0, "math.clamp(-math.cos(query.anim_time*90*4+0)*4+0,0,4)"],
					"position": [0, "math.clamp(-math.cos(query.anim_time*90*4+0)*0.4,0,0.4)", "math.sin(query.anim_time*90*4-0)*0.5"]
				}
			}
		}
	}
}