{
    "enabled": true,
    "neededInstalledMods": [],
    "neededUninstalledMods": [],
    "spawns": [
        {
            "id": "abra-1",
            "pokemon": "abra",
            "presets": [
                "natural"
            ],
            "type": "pokemon",
            "spawnablePositionType": "grounded",
            "bucket": "rare",
            "level": "6-31",
            "weight": 7.5,
            "condition": {
                "minSkyLight": 8,
                "maxSkyLight": 15,
                "biomes": [
                    "#cobblemon:is_hills",
                    "#cobblemon:is_temperate"
                ],
                "timeRange": "night"
            },
            "anticondition": {
                "biomes": [
                    "#cobblemon:is_magical"
                ]
            }
        },
        {
            "id": "abra-2",
            "pokemon": "abra",
            "presets": [
                "natural"
            ],
            "type": "pokemon",
            "spawnablePositionType": "grounded",
            "bucket": "uncommon",
            "level": "6-31",
            "weight": 8.4,
            "condition": {
                "minSkyLight": 8,
                "maxSkyLight": 15,
                "biomes": [
                    "#cobblemon:is_magical"
                ],
                "timeRange": "night"
            }
        },
        {
            "id": "abra-3",
            "pokemon": "abra",
            "presets": [
                "mansion"
            ],
            "type": "pokemon",
            "spawnablePositionType": "grounded",
            "bucket": "common",
            "level": "6-31",
            "weight": 1.8,
            "condition": {
                "canSeeSky": false,
                "biomes": [
                    "#cobblemon:is_overworld"
                ]
            }
        }
    ]
}