{
    "enabled": true,
    "neededInstalledMods": [],
    "neededUninstalledMods": [],
    "spawns": [
        {
            "id": "tentacool-1",
            "pokemon": "tentacool",
            "presets": [
                "water"
            ],
            "type": "pokemon",
            "spawnablePositionType": "surface",
            "bucket": "common",
            "level": "9-34",
            "weight": 0.5,
            "condition": {
                "canSeeSky": true,
                "biomes": [
                    "minecraft:cold_ocean"
                ]
            }
        },
        {
            "id": "tentacool-2",
            "pokemon": "tentacool",
            "type": "pokemon",
            "presets": [
                "water"
            ],
            "spawnablePositionType": "fishing",
            "bucket": "common",
            "level": "9-34",
            "weight": 4.0,
            "condition": {
                "canSeeSky": true,
                "biomes": [
                    "#cobblemon:is_ocean"
                ]
            }
        },
        {
            "id": "tentacool-3",
            "pokemon": "tentacool",
            "type": "pokemon",
            "spawnablePositionType": "fishing",
            "bucket": "common",
            "level": "9-34",
            "weight": 2.0,
            "weightMultiplier": {
                "multiplier": 0.6,
                "condition": {
                    "minLureLevel": 0,
                    "maxLureLevel": 1
                }
            },
            "condition": {
                "canSeeSky": false,
                "minSkyLight": 0,
                "maxSkyLight": 7,
                "biomes": [
                    "#cobblemon:is_overworld"
                ]
            },
            "anticondition": {
                "structures": [
                    "#cobblemon:shipwreck_cove"
                ],
                "minY": -60,
                "maxY": 13,
                "biomes": [
                    "#cobblemon:is_dripstone",
                    "#cobblemon:is_lush"
                ]
            }
        },
        {
            "id": "tentacool-4",
            "pokemon": "tentacool",
            "type": "pokemon",
            "spawnablePositionType": "fishing",
            "bucket": "common",
            "level": "9-34",
            "weight": 2.0,
            "condition": {
                "canSeeSky": false,
                "minSkyLight": 8,
                "maxSkyLight": 15,
                "biomes": [
                    "#cobblemon:is_ocean"
                ]
            }
        }
    ]
}