{
    "enabled": true,
    "neededInstalledMods": [],
    "neededUninstalledMods": [],
    "spawns": [
        {
            "id": "ponyta-1",
            "pokemon": "ponyta",
            "presets": [
                "natural"
            ],
            "type": "pokemon",
            "spawnablePositionType": "grounded",
            "bucket": "uncommon",
            "level": "16-41",
            "weight": 5.04,
            "weightMultiplier": {
                "multiplier": 0.25,
                "condition": {
                    "timeRange": "night"
                }
            },
            "condition": {
                "minSkyLight": 8,
                "maxSkyLight": 15,
                "biomes": [
                    "#cobblemon:is_grassland"
                ],
                "isRaining": false
            },
            "anticondition": {
                "biomes": [
                    "#cobblemon:is_floral",
                    "#cobblemon:is_magical"
                ]
            }
        },
        {
            "id": "ponyta-2",
            "pokemon": "ponyta",
            "presets": [
                "natural"
            ],
            "type": "pokemon",
            "spawnablePositionType": "grounded",
            "bucket": "common",
            "level": "16-41",
            "weight": 5.4,
            "condition": {
                "biomes": [
                    "#cobblemon:nether/is_overgrowth",
                    "#cobblemon:nether/is_wasteland"
                ]
            },
            "drops": {
                "amount": 3,
                "entries": [
                    {
                        "item": "minecraft:leather",
                        "quantityRange": "0-1"
                    },
                    {
                        "item": "minecraft:blaze_powder",
                        "percentage": 5.0
                    },
                    {
                        "item": "cobblemon:shuca_berry",
                        "percentage": 2.5
                    }
                ]
            }
        },
        {
            "id": "ponyta-galarian-3",
            "pokemon": "ponyta galarian",
            "presets": [
                "natural",
                "wild"
            ],
            "type": "pokemon",
            "spawnablePositionType": "grounded",
            "bucket": "uncommon",
            "level": "16-41",
            "weight": 8.4,
            "weightMultiplier": {
                "multiplier": 0.25,
                "condition": {
                    "timeRange": "night"
                }
            },
            "condition": {
                "minSkyLight": 8,
                "maxSkyLight": 15,
                "biomes": [
                    "#cobblemon:is_floral",
                    "#cobblemon:is_magical"
                ]
            }
        },
        {
            "id": "ponyta-galarian-4",
            "pokemon": "ponyta galarian",
            "presets": [
                "natural"
            ],
            "type": "pokemon",
            "spawnablePositionType": "grounded",
            "bucket": "common",
            "level": "16-41",
            "weight": 9.0,
            "condition": {
                "minSkyLight": 8,
                "maxSkyLight": 15,
                "biomes": [
                    "#aether:is_aether"
                ]
            }
        }
    ]
}