{
    "enabled": true,
    "neededInstalledMods": [],
    "neededUninstalledMods": [],
    "spawns": [
        {
            "id": "cubone-1",
            "pokemon": "cubone",
            "presets": [
                "natural",
                "wild"
            ],
            "type": "pokemon",
            "spawnablePositionType": "grounded",
            "bucket": "common",
            "level": "7-32",
            "weight": 1.8,
            "condition": {
                "minSkyLight": 8,
                "maxSkyLight": 15,
                "biomes": [
                    "#cobblemon:is_badlands",
                    "#cobblemon:is_desert"
                ]
            }
        },
        {
            "id": "cubone-alola-2",
            "pokemon": "cubone region_bias=alola",
            "presets": [
                "natural",
                "wild"
            ],
            "type": "pokemon",
            "spawnablePositionType": "grounded",
            "bucket": "common",
            "level": "7-32",
            "weight": 5.4,
            "condition": {
                "minSkyLight": 8,
                "maxSkyLight": 15,
                "biomes": [
                    "#cobblemon:is_volcanic"
                ]
            }
        },
        {
            "id": "cubone-alola-3",
            "pokemon": "cubone region_bias=alola",
            "presets": [
                "natural",
                "wild"
            ],
            "type": "pokemon",
            "spawnablePositionType": "grounded",
            "bucket": "common",
            "level": "7-32",
            "weight": 9.0,
            "condition": {
                "biomes": [
                    "#cobblemon:nether/is_desert"
                ]
            }
        }
    ]
}