{
    "enabled": true,
    "neededInstalledMods": [],
    "neededUninstalledMods": [],
    "spawns": [
        {
            "id": "chinchou-1",
            "pokemon": "chinchou",
            "presets": [
                "water"
            ],
            "type": "pokemon",
            "spawnablePositionType": "submerged",
            "bucket": "common",
            "level": "8-33",
            "weight": 5.4,
            "condition": {
                "canSeeSky": true,
                "biomes": [
                    "#cobblemon:is_deep_ocean"
                ],
                "maxY": 48
            }
        },
        {
            "id": "chinchou-2",
            "pokemon": "chinchou",
            "type": "pokemon",
            "spawnablePositionType": "fishing",
            "bucket": "common",
            "level": "8-33",
            "weight": 9.0,
            "weightMultiplier": {
                "multiplier": 0.6,
                "condition": {
                    "minLureLevel": 0,
                    "maxLureLevel": 1
                }
            },
            "condition": {
                "canSeeSky": true,
                "biomes": [
                    "#cobblemon:is_ocean"
                ]
            }
        },
        {
            "id": "chinchou-3",
            "pokemon": "chinchou",
            "presets": [
                "water"
            ],
            "type": "pokemon",
            "spawnablePositionType": "submerged",
            "bucket": "common",
            "level": "8-33",
            "weight": 5.4,
            "condition": {
                "canSeeSky": false,
                "minSkyLight": 8,
                "maxSkyLight": 15,
                "biomes": [
                    "#cobblemon:is_deep_ocean"
                ],
                "maxY": 48
            }
        },
        {
            "id": "chinchou-4",
            "pokemon": "chinchou",
            "type": "pokemon",
            "spawnablePositionType": "fishing",
            "bucket": "common",
            "level": "8-33",
            "weight": 9.0,
            "weightMultiplier": {
                "multiplier": 0.6,
                "condition": {
                    "minLureLevel": 0,
                    "maxLureLevel": 1
                }
            },
            "condition": {
                "canSeeSky": false,
                "minSkyLight": 8,
                "maxSkyLight": 15,
                "biomes": [
                    "#cobblemon:is_ocean"
                ]
            }
        },
        {
            "id": "chinchou-5",
            "pokemon": "chinchou",
            "presets": [
                "water"
            ],
            "type": "pokemon",
            "spawnablePositionType": "submerged",
            "bucket": "common",
            "level": "8-33",
            "weight": 5.4,
            "condition": {
                "canSeeSky": false,
                "biomes": [
                    "#cobblemon:is_overworld"
                ],
                "structures": [
                    "cobblemon:shipwreck_coves/submerged_shipwreck_cove"
                ],
                "minY": -60,
                "maxY": 13
            }
        },
        {
            "id": "chinchou-6",
            "pokemon": "chinchou",
            "type": "pokemon",
            "spawnablePositionType": "fishing",
            "bucket": "common",
            "level": "8-33",
            "weight": 9.0,
            "weightMultiplier": {
                "multiplier": 0.6,
                "condition": {
                    "minLureLevel": 0,
                    "maxLureLevel": 1
                }
            },
            "condition": {
                "canSeeSky": false,
                "biomes": [
                    "#cobblemon:is_overworld"
                ],
                "structures": [
                    "cobblemon:shipwreck_coves/submerged_shipwreck_cove"
                ],
                "minY": -60,
                "maxY": 13
            }
        }
    ]
}