{
    "enabled": true,
    "neededInstalledMods": [],
    "neededUninstalledMods": [],
    "spawns": [
        {
            "id": "azumarill-1",
            "pokemon": "azumarill",
            "presets": [
                "natural"
            ],
            "type": "pokemon",
            "spawnablePositionType": "grounded",
            "bucket": "uncommon",
            "level": "18-42",
            "weight": 0.1,
            "condition": {
                "minSkyLight": 8,
                "maxSkyLight": 15,
                "biomes": [
                    "#cobblemon:is_river"
                ]
            },
            "anticondition": {
                "biomes": [
                    "#cobblemon:is_freezing"
                ]
            }
        },
        {
            "id": "azumarill-2",
            "pokemon": "azumarill",
            "presets": [
                "water"
            ],
            "type": "pokemon",
            "spawnablePositionType": "surface",
            "bucket": "uncommon",
            "level": "18-42",
            "weight": 0.096,
            "condition": {
                "minSkyLight": 8,
                "maxSkyLight": 15,
                "biomes": [
                    "#cobblemon:is_river"
                ]
            }
        },
        {
            "id": "azumarill-3",
            "pokemon": "azumarill",
            "type": "pokemon",
            "spawnablePositionType": "fishing",
            "bucket": "common",
            "level": "18-42",
            "weight": 0.1,
            "weightMultiplier": {
                "multiplier": 0.6,
                "condition": {
                    "minLureLevel": 0,
                    "maxLureLevel": 1
                }
            },
            "condition": {
                "canSeeSky": true,
                "biomes": [
                    "#cobblemon:is_floral",
                    "#cobblemon:is_hills",
                    "#cobblemon:is_magical",
                    "#cobblemon:is_river",
                    "#cobblemon:is_snowy_forest",
                    "#cobblemon:is_taiga",
                    "#cobblemon:is_temperate"
                ]
            }
        },
        {
            "id": "azumarill-4",
            "pokemon": "azumarill",
            "type": "pokemon",
            "spawnablePositionType": "fishing",
            "bucket": "common",
            "level": "18-42",
            "weight": 0.1,
            "weightMultiplier": {
                "multiplier": 0.6,
                "condition": {
                    "minLureLevel": 0,
                    "maxLureLevel": 1
                }
            },
            "condition": {
                "canSeeSky": false,
                "minSkyLight": 8,
                "maxSkyLight": 15,
                "biomes": [
                    "#cobblemon:is_floral",
                    "#cobblemon:is_hills",
                    "#cobblemon:is_magical",
                    "#cobblemon:is_river",
                    "#cobblemon:is_snowy_forest",
                    "#cobblemon:is_taiga",
                    "#cobblemon:is_temperate"
                ]
            }
        }
    ]
}