{
    "enabled": true,
    "neededInstalledMods": [],
    "neededUninstalledMods": [],
    "spawns": [
        {
            "id": "ursaring-1",
            "pokemon": "ursaring",
            "presets": [
                "natural",
                "wild"
            ],
            "type": "pokemon",
            "spawnablePositionType": "grounded",
            "bucket": "common",
            "level": "30-50",
            "weight": 0.19,
            "condition": {
                "biomes": [
                    "#cobblemon:is_forest",
                    "#cobblemon:is_mountain",
                    "aether:skyroot_forest",
                    "aether:skyroot_woodland",
                    "#cobblemon:is_taiga"
                ],
                "minY": 48
            },
            "anticondition": {
                "neededNearbyBlocks": [
                    "#cobblemon:saccharine_trees"
                ],
                "biomes": [
                    "#cobblemon:is_volcanic"
                ]
            }
        },
        {
            "id": "ursaring-2",
            "pokemon": "ursaring",
            "presets": [
                "natural",
                "wild"
            ],
            "type": "pokemon",
            "spawnablePositionType": "grounded",
            "bucket": "common",
            "level": "30-50",
            "weight": 0.57,
            "condition": {
                "minSkyLight": 8,
                "maxSkyLight": 15,
                "biomes": [
                    "#aether:is_aether",
                    "#cobblemon:is_overworld"
                ],
                "neededNearbyBlocks": [
                    "#cobblemon:saccharine_trees"
                ]
            }
        },
        {
            "id": "ursaring-3",
            "pokemon": "ursaring",
            "type": "pokemon",
            "spawnablePositionType": "grounded",
            "bucket": "common",
            "level": "30-50",
            "weight": 0.19,
            "condition": {
                "biomes": [
                    "the_bumblezone:crystal_canyon",
                    "the_bumblezone:floral_meadow"
                ]
            },
            "anticondition": {
                "structures": [
                    "#the_bumblezone:sempiternal_sanctums"
                ]
            }
        }
    ]
}