{
  "enabled": true,
  "neededInstalledMods": [],
  "neededUninstalledMods": [],
  "spawns": [
    {
      "id": "raikou-1",
      "pokemon": "raikou",
      "presets": [
        "natural"
      ],
      "type": "pokemon",
      "spawnablePositionType": "grounded",
      "bucket": "ultra-rare",
      "level": "60",
      "weight": 33.33,
      "weightMultipliers": [
        {
          "multiplier": 3.0,
          "condition": {
            "isThundering": true
          }
        }
      ],
      "condition": {
        "structures": [
          "cobbleverse:burned_tower"
        ]
      }
    }
  ]
}
