{
    "enabled": true,
    "neededInstalledMods": [],
    "neededUninstalledMods": [],
    "spawns": [
        {
            "id": "dustox-1",
            "pokemon": "dustox",
            "presets": [
                "natural"
            ],
            "type": "pokemon",
            "spawnablePositionType": "grounded",
            "bucket": "uncommon",
            "level": "10-32",
            "weight": 1.0,
            "condition": {
                "minSkyLight": 8,
                "maxSkyLight": 15,
                "biomes": [
                    "#cobblemon:is_forest",
                    "#cobblemon:is_jungle"
                ]
            },
            "anticondition": {
                "biomes": [
                    "#cobblemon:is_floral",
                    "#cobblemon:is_freezing",
                    "#cobblemon:is_swamp"
                ]
            }
        },
        {
            "id": "dustox-2",
            "pokemon": "dustox",
            "presets": [
                "natural"
            ],
            "type": "pokemon",
            "spawnablePositionType": "grounded",
            "bucket": "uncommon",
            "level": "10-40",
            "weight": 5.0,
            "condition": {
                "minSkyLight": 8,
                "maxSkyLight": 15,
                "biomes": [
                    "#cobblemon:is_forest"
                ]
            }
        }
    ]
}