{
    "enabled": true,
    "neededInstalledMods": [],
    "neededUninstalledMods": [],
    "spawns": [
        {
            "id": "seedot-1",
            "pokemon": "seedot",
            "presets": [
                "natural",
                "treetop"
            ],
            "type": "pokemon",
            "spawnablePositionType": "grounded",
            "bucket": "common",
            "level": "1-22",
            "weight": 5.4,
            "condition": {
                "minSkyLight": 8,
                "maxSkyLight": 15,
                "biomes": [
                    "#cobblemon:is_forest",
                    "aether:skyroot_forest",
                    "aether:skyroot_woodland"
                ]
            }
        }
    ]
}