{
    "enabled": true,
    "neededInstalledMods": [],
    "neededUninstalledMods": [],
    "spawns": [
        {
            "id": "spoink-1",
            "pokemon": "spoink",
            "presets": [
                "natural",
                "wild"
            ],
            "type": "pokemon",
            "spawnablePositionType": "grounded",
            "bucket": "common",
            "level": "8-33",
            "weight": 5.4,
            "condition": {
                "minSkyLight": 8,
                "maxSkyLight": 15,
                "biomes": [
                    "#cobblemon:is_hills"
                ]
            }
        },
        {
            "id": "spoink-2",
            "pokemon": "spoink",
            "presets": [
                "natural",
                "wild"
            ],
            "type": "pokemon",
            "spawnablePositionType": "grounded",
            "bucket": "common",
            "level": "8-33",
            "weight": 5.4,
            "condition": {
                "biomes": [
                    "#cobblemon:nether/is_fungus"
                ]
            }
        }
    ]
}