{
    "enabled": true,
    "neededInstalledMods": [],
    "neededUninstalledMods": [],
    "spawns": [
        {
            "id": "snorunt-1",
            "pokemon": "snorunt",
            "presets": [
                "natural",
                "wild"
            ],
            "type": "pokemon",
            "spawnablePositionType": "grounded",
            "bucket": "uncommon",
            "level": "5-30",
            "weight": 1.68,
            "condition": {
                "minSkyLight": 8,
                "maxSkyLight": 15,
                "biomes": [
                    "#cobblemon:is_glacial"
                ]
            }
        },
        {
            "id": "snorunt-2",
            "pokemon": "snorunt",
            "presets": [
                "natural"
            ],
            "type": "pokemon",
            "spawnablePositionType": "grounded",
            "bucket": "uncommon",
            "level": "5-30",
            "weight": 8.4,
            "condition": {
                "minSkyLight": 0,
                "maxSkyLight": 7,
                "biomes": [
                    "#cobblemon:is_snowy",
                    "#cobblemon:is_tundra"
                ],
                "minY": 0
            }
        },
        {
            "id": "snorunt-3",
            "pokemon": "snorunt",
            "presets": [
                "natural"
            ],
            "type": "pokemon",
            "spawnablePositionType": "grounded",
            "bucket": "common",
            "level": "5-30",
            "weight": 9.2,
            "condition": {
                "minSkyLight": 1,
                "maxSkyLight": 15,
                "biomes": [
                    "#cobblemon:is_overworld"
                ],
                "structures": [
                    "minecraft:igloo"
                ]
            }
        },
        {
            "id": "snorunt-4",
            "pokemon": "snorunt",
            "presets": [
                "natural"
            ],
            "type": "pokemon",
            "spawnablePositionType": "grounded",
            "bucket": "uncommon",
            "level": "5-30",
            "weight": 8.4,
            "condition": {
                "biomes": [
                    "#cobblemon:nether/is_frozen"
                ]
            }
        }
    ]
}