{
    "enabled": true,
    "neededInstalledMods": [],
    "neededUninstalledMods": [],
    "spawns": [
        {
            "id": "glalie-1",
            "pokemon": "glalie",
            "presets": [
                "natural",
                "wild"
            ],
            "type": "pokemon",
            "spawnablePositionType": "grounded",
            "bucket": "uncommon",
            "level": "42-48",
            "weight": 0.32,
            "condition": {
                "minSkyLight": 8,
                "maxSkyLight": 15,
                "biomes": [
                    "#cobblemon:is_glacial"
                ],
                "isRaining": false
            }
        },
        {
            "id": "glalie-2",
            "pokemon": "glalie",
            "presets": [
                "natural"
            ],
            "type": "pokemon",
            "spawnablePositionType": "grounded",
            "bucket": "uncommon",
            "level": "42-48",
            "weight": 1.2,
            "condition": {
                "minSkyLight": 0,
                "maxSkyLight": 7,
                "biomes": [
                    "#cobblemon:is_snowy_forest",
                    "#cobblemon:is_tundra"
                ],
                "minY": 0
            }
        },
        {
            "id": "glalie-3",
            "pokemon": "glalie",
            "presets": [
                "natural"
            ],
            "type": "pokemon",
            "spawnablePositionType": "grounded",
            "bucket": "uncommon",
            "level": "42-48",
            "weight": 1.2,
            "condition": {
                "biomes": [
                    "#cobblemon:nether/is_frozen"
                ]
            }
        }
    ]
}