{
    "enabled": true,
    "neededInstalledMods": [],
    "neededUninstalledMods": [],
    "spawns": [
        {
            "id": "beldum-1",
            "pokemon": "beldum",
            "presets": [
                "natural"
            ],
            "type": "pokemon",
            "spawnablePositionType": "grounded",
            "bucket": "ultra-rare",
            "level": "5-30",
            "weight": 6.0,
            "condition": {
                "biomes": [
                    "#cobblemon:is_dripstone",
                    "#cobblemon:is_peak"
                ]
            }
        },
        {
            "id": "beldum-2",
            "pokemon": "beldum",
            "presets": [
                "natural"
            ],
            "type": "pokemon",
            "spawnablePositionType": "grounded",
            "bucket": "rare",
            "level": "5-30",
            "weight": 7.5,
            "condition": {
                "biomes": [
                    "#cobblemon:is_end"
                ]
            }
        },
        {
            "id": "beldum-3",
            "pokemon": "beldum",
            "presets": [
                "natural"
            ],
            "type": "pokemon",
            "spawnablePositionType": "grounded",
            "bucket": "rare",
            "level": "5-30",
            "weight": 7.5,
            "condition": {
                "minSkyLight": 0,
                "maxSkyLight": 7,
                "biomes": [
                    "#aether:is_aether"
                ]
            }
        },
        {
            "id": "beldum-4",
            "pokemon": "beldum",
            "type": "pokemon",
            "spawnablePositionType": "grounded",
            "bucket": "uncommon",
            "level": "5-30",
            "weight": 1.68,
            "condition": {
                "minSkyLight": 0,
                "maxSkyLight": 7,
                "biomes": [
                    "#aether:is_aether"
                ],
                "structures": [
                    "#aether:dungeons"
                ]
            }
        },
        {
            "id": "beldum-5",
            "pokemon": "beldum",
            "type": "pokemon",
            "spawnablePositionType": "grounded",
            "bucket": "rare",
            "level": "5-30",
            "weight": 7.5,
            "condition": {
                "biomes": [
                    "the_bumblezone:howling_constructs"
                ]
            },
            "anticondition": {
                "structures": [
                    "#the_bumblezone:sempiternal_sanctums"
                ]
            }
        }
    ]
}