{
  "enabled": true,
  "neededInstalledMods": [],
  "neededUninstalledMods": [],
  "spawns": [
    {
      "id": "burmy-1",
      "pokemon": "burmy bagworm_cloak=trash",
      "type": "pokemon",
      "spawnablePositionType": "grounded",
      "bucket": "common",
      "level": "7-19",
      "weight": 2.2,
      "condition": {
        "biomes": [
          "#cobblemon:is_floral"
        ]
      }
    },
    {
      "id": "burmy-2",
      "pokemon": "burmy bagworm_cloak=trash",
      "type": "pokemon",
      "spawnablePositionType": "grounded",
      "bucket": "uncommon",
      "level": "5-19",
      "weight": 1.8,
      "condition": {
        "biomes": [
          "#cobblemon:is_forest"
        ]
      }
    }
  ]
}