{
  "enabled": true,
  "neededInstalledMods": [],
  "neededUninstalledMods": [],
  "spawns": [
    {
      "id": "burmy-1",
      "pokemon": "burmy bagworm_cloak=sandy",
      "type": "pokemon",
      "spawnablePositionType": "grounded",
      "bucket": "common",
      "level": "17-19",
      "weight": 3.0,
      "condition": {
        "biomes": [
          "#cobblemon:is_sandy"
        ]
      }
    },
    {
      "id": "burmy-2",
      "pokemon": "burmy bagworm_cloak=sandy",
      "type": "pokemon",
      "spawnablePositionType": "grounded",
      "bucket": "common",
      "level": "5-19",
      "weight": 2.4,
      "condition": {
        "biomes": [
          "#cobblemon:is_desert"
        ]
      }
    }
  ]
}