{
  "enabled": true,
  "neededInstalledMods": [],
  "neededUninstalledMods": [],
  "spawns": [
    {
      "id": "wormadam-1",
      "pokemon": "wormadam bagworm_cloak=sandy",
      "type": "pokemon",
      "spawnablePositionType": "grounded",
      "bucket": "uncommon",
      "level": "35-55",
      "weight": 5.3,
      "condition": {
        "biomes": [
          "#cobblemon:is_sandy"
        ]
      }
    },
    {
      "id": "wormadam-2",
      "pokemon": "wormadam bagworm_cloak=sandy",
      "type": "pokemon",
      "spawnablePositionType": "grounded",
      "bucket": "uncommon",
      "level": "15-32",
      "weight": 2.8,
      "condition": {
        "biomes": [
          "#cobblemon:is_desert"
        ]
      }
    }
  ]
}