{
  "enabled": true,
  "neededInstalledMods": [],
  "neededUninstalledMods": [],
  "spawns": [
    {
      "id": "wormadam-1",
      "pokemon": "wormadam bagworm_cloak=trash",
      "type": "pokemon",
      "spawnablePositionType": "grounded",
      "bucket": "uncommon",
      "level": "35-55",
      "weight": 1.7,
      "condition": {
        "biomes": [
          "#cobblemon:is_floral"
        ]
      }
    },
    {
      "id": "wormadam-2",
      "pokemon": "wormadam bagworm_cloak=trash",
      "type": "pokemon",
      "spawnablePositionType": "grounded",
      "bucket": "uncommon",
      "level": "15-32",
      "weight": 2.2,
      "condition": {
        "biomes": [
          "#cobblemon:is_forest"
        ]
      }
    }
  ]
}