{
    "enabled": true,
    "neededInstalledMods": [],
    "neededUninstalledMods": [],
    "spawns": [
        {
            "id": "mismagius-1",
            "pokemon": "mismagius",
            "presets": [
                "natural"
            ],
            "type": "pokemon",
            "spawnablePositionType": "grounded",
            "bucket": "common",
            "level": "39-50",
            "weight": 0.3,
            "condition": {
                "minSkyLight": 1,
                "maxSkyLight": 7,
                "biomes": [
                    "#cobblemon:is_spooky"
                ],
                "maxLight": 7
            },
            "anticondition": {
                "biomes": [
                    "#cobblemon:is_deep_dark"
                ]
            }
        },
        {
            "id": "mismagius-2",
            "pokemon": "mismagius",
            "presets": [
                "natural"
            ],
            "type": "pokemon",
            "spawnablePositionType": "grounded",
            "bucket": "common",
            "level": "39-50",
            "weight": 0.1,
            "condition": {
                "minSkyLight": 0,
                "maxSkyLight": 7,
                "biomes": [
                    "#cobblemon:is_spooky",
                    "#cobblemon:is_swamp"
                ]
            },
            "anticondition": {
                "biomes": [
                    "#cobblemon:is_deep_dark"
                ]
            }
        },
        {
            "id": "mismagius-3",
            "pokemon": "mismagius",
            "presets": [
                "derelict"
            ],
            "type": "pokemon",
            "spawnablePositionType": "grounded",
            "bucket": "common",
            "level": "39-50",
            "weight": 0.3,
            "condition": {
                "canSeeSky": false,
                "biomes": [
                    "#cobblemon:is_spooky",
                    "#cobblemon:is_swamp"
                ]
            },
            "anticondition": {
                "biomes": [
                    "#cobblemon:is_deep_dark"
                ]
            }
        },
        {
            "id": "mismagius-4",
            "pokemon": "mismagius",
            "presets": [
                "natural"
            ],
            "type": "pokemon",
            "spawnablePositionType": "grounded",
            "bucket": "common",
            "level": "39-50",
            "weight": 0.3,
            "condition": {
                "minSkyLight": 8,
                "maxSkyLight": 15,
                "biomes": [
                    "#cobblemon:is_swamp"
                ],
                "timeRange": "night"
            }
        },
        {
            "id": "mismagius-5",
            "pokemon": "mismagius",
            "presets": [
                "natural"
            ],
            "type": "pokemon",
            "spawnablePositionType": "grounded",
            "bucket": "common",
            "level": "39-50",
            "weight": 0.3,
            "condition": {
                "biomes": [
                    "#cobblemon:nether/is_warped"
                ]
            }
        },
        {
            "id": "mismagius-6",
            "pokemon": "mismagius",
            "type": "pokemon",
            "spawnablePositionType": "grounded",
            "bucket": "common",
            "level": "39-50",
            "weight": 0.3,
            "condition": {
                "canSeeSky": false,
                "biomes": [
                    "#cobblemon:is_overworld"
                ],
                "structures": [
                    "#cobblemon:shipwreck_cove"
                ],
                "minY": -41,
                "maxY": 9
            }
        }
    ]
}