{
    "enabled": true,
    "neededInstalledMods": [],
    "neededUninstalledMods": [],
    "spawns": [
        {
            "id": "bronzor-5",
            "pokemon": "bronzor",
            "type": "pokemon",
            "spawnablePositionType": "grounded",
            "bucket": "common",
            "level": "5-30",
            "weight": 5.4,
            "condition": {
                "biomes": [
                    "the_bumblezone:howling_constructs"
                ]
            },
            "anticondition": {
                "structures": [
                    "#the_bumblezone:sempiternal_sanctums"
                ]
            }
        },
        {
            "id": "bronzor-1",
            "pokemon": "bronzor",
            "presets": [
                "natural"
            ],
            "type": "pokemon",
            "spawnablePositionType": "grounded",
            "bucket": "uncommon",
            "level": "5-30",
            "weight": 8.4,
            "condition": {
                "minSkyLight": 0,
                "maxSkyLight": 7,
                "biomes": [
                    "#cobblemon:is_jungle",
                    "#cobblemon:is_peak"
                ],
                "minY": 0
            },
            "anticondition": {
                "biomes": [
                    "#cobblemon:is_deep_dark"
                ]
            }
        },
        {
            "id": "bronzor-2",
            "pokemon": "bronzor",
            "presets": [
                "natural",
                "jungle_pyramid"
            ],
            "type": "pokemon",
            "spawnablePositionType": "grounded",
            "bucket": "common",
            "level": "5-30",
            "weight": 54.0,
            "condition": {
                "biomes": [
                    "#cobblemon:is_overworld"
                ],
                "minY": 48
            }
        },
        {
            "id": "bronzor-3",
            "pokemon": "bronzor",
            "type": "pokemon",
            "spawnablePositionType": "grounded",
            "bucket": "common",
            "level": "5-30",
            "weight": 54.0,
            "condition": {
                "biomes": [
                    "#cobblemon:is_overworld"
                ],
                "structures": [
                    "#cobblemon:ruin"
                ],
                "minY": -37,
                "maxY": 10
            }
        },
        {
            "id": "bronzor-4",
            "pokemon": "bronzor",
            "presets": [
                "trail_ruins"
            ],
            "type": "pokemon",
            "spawnablePositionType": "grounded",
            "bucket": "common",
            "level": "5-30",
            "weight": 54.0,
            "condition": {
                "biomes": [
                    "#cobblemon:is_overworld"
                ],
                "minY": 48
            }
        }
    ]
}