{
    "enabled": true,
    "neededInstalledMods": [],
    "neededUninstalledMods": [],
    "spawns": [
        {
            "id": "hippowdon-1",
            "pokemon": "hippowdon",
            "presets": [
                "natural",
                "wild"
            ],
            "type": "pokemon",
            "spawnablePositionType": "grounded",
            "bucket": "common",
            "level": "34-53",
            "weight": 0.2,
            "weightMultiplier": {
                "multiplier": 5.0,
                "condition": {
                    "isRaining": true
                }
            },
            "condition": {
                "minSkyLight": 8,
                "maxSkyLight": 15,
                "biomes": [
                    "#cobblemon:is_desert"
                ]
            }
        }
    ]
}