{
	"format_version": "1.8.0",
	"animations": {
		"animation.delphox.ground_idle": {
			"loop": true,
			"animation_length": 8,
			"bones": {
				"arm_left": {
					"rotation": [0, -5, 60]
				},
				"arm_left2": {
					"rotation": [0, 12.5, 0]
				},
				"hand_left": {
					"rotation": [0, 0, 15]
				},
				"finger_front_left": {
					"rotation": [0, 0, 17.5]
				},
				"finger_middle_left": {
					"rotation": [0, 0, 12.5]
				},
				"finger_back_left": {
					"rotation": [0, 0, 30]
				},
				"arm_right": {
					"rotation": [0, 5, -60]
				},
				"arm_right2": {
					"rotation": [0, -12.5, 0]
				},
				"hand_right": {
					"rotation": [0, 0, -15]
				},
				"finger_front_right": {
					"rotation": [0, 0, -17.5]
				},
				"finger_back_right": {
					"rotation": [0, 0, -30]
				},
				"head": {
					"rotation": ["5+math.sin(q.anim_time*90*1)*-1", 0, 0]
				},
				"ear_left_ruff_main": {
					"rotation": [0, -15, "-(math.sin(q.anim_time*90*0.75-90)*2)"]
				},
				"ear_ruff_top_left": {
					"rotation": [0, -5, "-(math.sin(q.anim_time*90*0.75-150)*3)"]
				},
				"ear_ruff_middle_left": {
					"rotation": [-5, 10, "-(math.sin(q.anim_time*90*0.75-120)*3)"]
				},
				"ear_right_ruff_main": {
					"rotation": [0, 15, "math.sin(q.anim_time*90*0.75-90)*2"]
				},
				"ear_ruff_top_right": {
					"rotation": [0, 5, "math.sin(q.anim_time*90*0.75-150)*3"]
				},
				"ear_ruff_middle_right": {
					"rotation": [-5, -10, "math.sin(q.anim_time*90*0.75-120)*3"]
				},
				"leg_left": {
					"rotation": [-10.50431, -1.61684, -2.5578],
					"position": [0, 0, -0.5]
				},
				"leg_left3": {
					"rotation": [1.5, 0, 0]
				},
				"foot_left": {
					"rotation": [4.48529, -0.57217, 2.94498]
				},
				"leg_right": {
					"rotation": [1.10693, 12.45167, 5.12076]
				},
				"leg_right3": {
					"rotation": [0, 0, -2.5]
				},
				"foot_right": {
					"rotation": [0, 0, -3]
				},
				"torso": {
					"rotation": ["2.5+math.sin(q.anim_time*90*1)*1", 0, 0],
					"position": [0, "math.cos(q.anim_time*90*1)*0.2", 0]
				},
				"waist": {
					"rotation": ["-1+math.sin(q.anim_time*90*1-30)*1", 0, 0]
				},
				"tail": {
					"rotation": [-23, 0, 0]
				},
				"robe_left": {
					"rotation": [0, 2.5, 0]
				},
				"robe_left_outer2": {
					"rotation": [0, -2.5, 0]
				},
				"tail2": {
					"rotation": [-12.5, 0, 0]
				},
				"tail3": {
					"rotation": [-20, 0, 0]
				},
				"tail4": {
					"rotation": [5, 0, 0]
				},
				"tail5": {
					"rotation": [25, 0, 0]
				},
				"tail6": {
					"rotation": [17.5, 0, 0]
				},
				"tail7": {
					"rotation": [-7.5, 0, 0]
				},
				"ear_ruff_shock_left": {
					"rotation": [0, -5, 0],
					"scale": 0
				},
				"ear_ruff_shock_right": {
					"rotation": [0, 5, 0],
					"scale": 0
				},
				"body": {
					"position": [0, -0.2, 0]
				},
				"torso_cloak": {
					"rotation": [-1, 0, 0]
				},
				"finger_middle_right": {
					"rotation": [0, 0, -12.5]
				},
				"neck": {
					"rotation": ["-2.5+math.sin(q.anim_time*90*1-30)*-2", 0, 0]
				},
				"ear_ruff_bottom_left": {
					"rotation": [0, -2.5, 15]
				},
				"ear_ruff_bottom_right": {
					"rotation": [0, 2.5, -15]
				},
				"leg_left2": {
					"rotation": [5, 0, 0]
				},
				"leg_right2": {
					"rotation": [2.5, 0, 0]
				},
				"robe_left_outer": {
					"rotation": [0, 2.5, 0]
				},
				"robe_left_outer3": {
					"rotation": [0, -2.5, 0]
				},
				"chest": {
					"rotation": ["math.sin(q.anim_time*90*1)*-1", 0, 0]
				},
				"ear_right": {
					"rotation": [0, 0, "math.sin(q.anim_time*90*1-60)*2"]
				},
				"ear_right_main": {
					"rotation": [0, 0, "math.sin(q.anim_time*90*1-30)*1"]
				},
				"robe_right": {
					"rotation": [0, 2.5, 0]
				},
				"robe_right_outer": {
					"rotation": [0, 2.5, 0]
				},
				"robe_right_outer2": {
					"rotation": [0, -2.5, 0]
				},
				"robe_right_outer3": {
					"rotation": [0, -2.5, 0]
				},
				"wand": {
					"scale": 0
				},
				"head_ruff_left": {
					"rotation": [0, -52.5, -5]
				},
				"head_ruff_right": {
					"rotation": [0, 52.5, 5]
				},
				"ear_ruff_top_left2": {
					"rotation": [0, 0, "7.5+math.sin(q.anim_time*90*0.75-210)*-5"]
				},
				"ear_ruff_top_left3": {
					"rotation": [0, 0, "-10+math.sin(q.anim_time*90*0.75-270)*-8"]
				},
				"ear_ruff_top_left4": {
					"rotation": [0, 0, "-15+math.sin(q.anim_time*90*0.75-310)*-12"]
				},
				"ear_ruff_middle_left2": {
					"rotation": [0, 0, "-(math.sin(q.anim_time*90*0.75-180)*5)"]
				},
				"ear_ruff_middle_left3": {
					"rotation": [0, 0, "-17.5+math.sin(q.anim_time*90*0.75-210)*-8"]
				},
				"ear_ruff_middle_left4": {
					"rotation": [0, 0, "-17.5+math.sin(q.anim_time*90*0.75-270)*-14"]
				},
				"ear_ruff_bottom_left2": {
					"rotation": [0, 0, "-(math.sin(q.anim_time*90*0.75-90)*5)"]
				},
				"ear_ruff_bottom_left3": {
					"rotation": [0, 0, "-7.5+math.sin(q.anim_time*90*0.75-150)*-8"]
				},
				"ear_ruff_top_right2": {
					"rotation": [0, 0, "-7.5+math.sin(q.anim_time*90*0.75-210)*5"]
				},
				"ear_ruff_top_right3": {
					"rotation": [0, 0, "10+math.sin(q.anim_time*90*0.75-270)*8"]
				},
				"ear_ruff_top_right4": {
					"rotation": [0, 0, "15+math.sin(q.anim_time*90*0.75-310)*12"]
				},
				"ear_ruff_middle_right2": {
					"rotation": [0, 0, "math.sin(q.anim_time*90*0.75-180)*5"]
				},
				"ear_ruff_middle_right3": {
					"rotation": [0, 0, "17.5+math.sin(q.anim_time*90*0.75-210)*8"]
				},
				"ear_ruff_middle_right4": {
					"rotation": [0, 0, "17.5+math.sin(q.anim_time*90*0.75-270)*14"]
				},
				"ear_ruff_bottom_right2": {
					"rotation": [0, 0, "math.sin(q.anim_time*90*0.75-90)*5"]
				},
				"ear_ruff_bottom_right3": {
					"rotation": [0, 0, "7.5+math.sin(q.anim_time*90*0.75-150)*8"]
				}
			}
		},
		"animation.delphox.ground_walk": {
			"loop": true,
			"animation_length": 1.5,
			"bones": {
				"wand": {
					"rotation": [90, 0, -27.5],
					"position": [32, -5, 0],
					"scale": 0
				},
				"torso": {
					"rotation": ["2.5+math.sin(q.anim_time*90*16/3)*3", "math.sin(q.anim_time*90*8/3+75)*15", "math.sin(q.anim_time*90*8/3)*3"],
					"position": [0, 0.2, 0]
				},
				"torso_cloak": {
					"rotation": ["-7.75+math.sin(q.anim_time*90*16/3-60)*3", 0, "0+math.sin(q.anim_time*90*8/3-60)*6"]
				},
				"waist": {
					"rotation": ["-1.5+math.sin(q.anim_time*90*16/3-15)*-2", "math.sin(q.anim_time*90*8/3+60)*-5", "math.sin(q.anim_time*90*8/3-15)*-1"]
				},
				"chest": {
					"rotation": ["math.sin(q.anim_time*90*16/3-60)*2", "math.sin(q.anim_time*90*8/3+60)*-8", "math.sin(q.anim_time*90*8/3-30)*-2"]
				},
				"arm_left2": {
					"rotation": [0, "20+math.sin(q.anim_time*90*8/3)*-18", 0]
				},
				"hand_left": {
					"rotation": [0, 0, 15]
				},
				"finger_front_left": {
					"rotation": [0, 0, 17.5]
				},
				"finger_middle_left": {
					"rotation": [0, 0, 12.5]
				},
				"finger_back_left": {
					"rotation": [0, 0, 30]
				},
				"arm_right": {
					"rotation": ["0+math.sin(q.anim_time*90*8/3-60)*-10", "5+math.sin(q.anim_time*90*8/3+60)*-15", "-60+math.sin(q.anim_time*90*16/3+45)*-2"],
					"position": [0, "math.sin(q.anim_time*90*8/3-90)*-0.15-0.05", "math.sin(q.anim_time*90*8/3+75)*-0.5"]
				},
				"arm_right2": {
					"rotation": [0, "-20+math.sin(q.anim_time*90*8/3)*-18", 0]
				},
				"hand_right": {
					"rotation": [0, 0, -15]
				},
				"finger_front_right": {
					"rotation": [0, 0, -17.5]
				},
				"finger_middle_right": {
					"rotation": [0, 0, -12.5]
				},
				"finger_back_right": {
					"rotation": [0, 0, -30]
				},
				"neck": {
					"rotation": [-1.5, 0, 0]
				},
				"head": {
					"rotation": [5, 0, 0]
				},
				"head_ruff_left": {
					"rotation": [0, -52.5, -5]
				},
				"head_ruff_right": {
					"rotation": [0, 52.5, 5]
				},
				"ear_left": {
					"rotation": [0, 0, 1.73205]
				},
				"ear_left_ruff_main": {
					"rotation": [0, -15, "-(math.sin(q.anim_time*90*0.75-90)*2)"]
				},
				"ear_ruff_shock_left": {
					"rotation": [0, -5, 0],
					"scale": 0
				},
				"ear_ruff_top_left": {
					"rotation": [0, -5, "-(math.sin(q.anim_time*90*0.75-150)*3)"]
				},
				"ear_ruff_top_left2": {
					"rotation": [0, 0, "7.5+math.sin(q.anim_time*90*0.75-210)*-5"]
				},
				"ear_ruff_top_left3": {
					"rotation": [0, 0, "-10+math.sin(q.anim_time*90*0.75-270)*-8"]
				},
				"ear_ruff_top_left4": {
					"rotation": [0, 0, "-15+math.sin(q.anim_time*90*0.75-310)*-12"]
				},
				"ear_ruff_middle_left": {
					"rotation": [-5, 10, "-(math.sin(q.anim_time*90*0.75-120)*3)"]
				},
				"ear_ruff_middle_left2": {
					"rotation": [0, 0, "-(math.sin(q.anim_time*90*0.75-180)*5)"]
				},
				"ear_ruff_middle_left3": {
					"rotation": [0, 0, "-17.5+math.sin(q.anim_time*90*0.75-210)*-8"]
				},
				"ear_ruff_middle_left4": {
					"rotation": [0, 0, "-17.5+math.sin(q.anim_time*90*0.75-270)*-14"]
				},
				"ear_ruff_bottom_left": {
					"rotation": [0, -2.5, 15]
				},
				"ear_ruff_bottom_left2": {
					"rotation": [0, 0, "-(math.sin(q.anim_time*90*0.75-90)*5)"]
				},
				"ear_ruff_bottom_left3": {
					"rotation": [0, 0, "-7.5+math.sin(q.anim_time*90*0.75-150)*-8"]
				},
				"ear_right_main": {
					"rotation": [0, 0, -0.5]
				},
				"ear_right": {
					"rotation": [0, 0, -1.73205]
				},
				"ear_right_ruff_main": {
					"rotation": [0, 15, "math.sin(q.anim_time*90*0.75-90)*2"]
				},
				"ear_ruff_shock_right": {
					"rotation": [0, 5, 0],
					"scale": 0
				},
				"ear_ruff_top_right": {
					"rotation": [0, 5, "math.sin(q.anim_time*90*0.75-150)*3"]
				},
				"ear_ruff_top_right2": {
					"rotation": [0, 0, "-7.5+math.sin(q.anim_time*90*0.75-210)*5"]
				},
				"ear_ruff_top_right3": {
					"rotation": [0, 0, "10+math.sin(q.anim_time*90*0.75-270)*8"]
				},
				"ear_ruff_top_right4": {
					"rotation": [0, 0, "15+math.sin(q.anim_time*90*0.75-310)*12"]
				},
				"ear_ruff_middle_right": {
					"rotation": [-5, -10, "math.sin(q.anim_time*90*0.75-120)*3"]
				},
				"ear_ruff_middle_right2": {
					"rotation": [0, 0, "math.sin(q.anim_time*90*0.75-180)*5"]
				},
				"ear_ruff_middle_right3": {
					"rotation": [0, 0, "17.5+math.sin(q.anim_time*90*0.75-210)*8"]
				},
				"ear_ruff_middle_right4": {
					"rotation": [0, 0, "17.5+math.sin(q.anim_time*90*0.75-270)*14"]
				},
				"ear_ruff_bottom_right": {
					"rotation": [0, 2.5, -15]
				},
				"ear_ruff_bottom_right2": {
					"rotation": [0, 0, "math.sin(q.anim_time*90*0.75-90)*5"]
				},
				"ear_ruff_bottom_right3": {
					"rotation": [0, 0, "7.5+math.sin(q.anim_time*90*0.75-150)*8"]
				},
				"shoulder_fur_left": {
					"rotation": [0, 0, -35]
				},
				"shoulder_fur_right": {
					"rotation": [0, 0, 35]
				},
				"tail2": {
					"rotation": ["-7.5+math.sin(q.anim_time*90*16/3-30)*2", "0+math.sin(q.anim_time*90*8/3-30)*18", 0]
				},
				"tail3": {
					"rotation": ["-15+math.sin(q.anim_time*90*16/3-90)*4", "0+math.sin(q.anim_time*90*8/3-90)*15", 0]
				},
				"tail4": {
					"rotation": ["math.sin(q.anim_time*90*16/3-150)*10", "0+math.sin(q.anim_time*90*8/3-120)*18", "0+math.sin(q.anim_time*90*8/3)*-5"]
				},
				"tail5": {
					"rotation": [
						"25+math.sin(q.anim_time*90*16/3-180)*4+math.sin(q.anim_time*90*8)*1",
						"0+math.sin(q.anim_time*90*8/3-130)*20",
						"0+math.sin(q.anim_time*90*8/3-30)*-8"
					]
				},
				"tail6": {
					"rotation": [
						"17.5+math.sin(q.anim_time*90*16/3-210)*10+math.sin(q.anim_time*90*8-30)*2",
						"0+math.sin(q.anim_time*90*8/3-150)*22",
						"0+math.sin(q.anim_time*90*8/3-90)*-12"
					]
				},
				"tail7": {
					"rotation": [
						"10+math.sin(q.anim_time*90*16/3-240)*13+math.sin(q.anim_time*90*8-90)*3",
						"0+math.sin(q.anim_time*90*8/3-180)*25",
						"0+math.sin(q.anim_time*90*8/3-150)*-15"
					]
				},
				"leg_left": {
					"rotation": {
						"0.0": {
							"post": [-20, -5, 0],
							"lerp_mode": "catmullrom"
						},
						"0.25": {
							"post": [-6.25, -5, 0],
							"lerp_mode": "catmullrom"
						},
						"0.75": {
							"post": [22.5, -5, 0],
							"lerp_mode": "catmullrom"
						},
						"1.125": {
							"post": [-16.25, -5, 0],
							"lerp_mode": "catmullrom"
						},
						"1.5": {
							"post": [-20, -5, 0],
							"lerp_mode": "catmullrom"
						}
					},
					"position": {
						"0.0": {
							"post": [0, -0.7, -1],
							"lerp_mode": "catmullrom"
						},
						"0.25": {
							"post": [0, 0.05, 0],
							"lerp_mode": "catmullrom"
						},
						"0.75": {
							"post": [0, -0.7, 1],
							"lerp_mode": "catmullrom"
						},
						"1.5": {
							"post": [0, -0.7, -1],
							"lerp_mode": "catmullrom"
						}
					}
				},
				"leg_left2": {
					"rotation": {
						"0.0": [0, 0, 0],
						"0.25": [0, 0, 0],
						"0.4167": [0.66, 0, 0],
						"0.5417": [0, 0, 0],
						"0.75": {
							"pre": [11.73, 0, 0],
							"post": [11.73, 0, 0],
							"lerp_mode": "catmullrom"
						},
						"0.9167": {
							"post": [29.25, 0, 0],
							"lerp_mode": "catmullrom"
						},
						"1.125": {
							"post": [29, 0, 0],
							"lerp_mode": "catmullrom"
						},
						"1.5": {
							"post": [0, 0, 0],
							"lerp_mode": "catmullrom"
						}
					}
				},
				"leg_left3": {
					"rotation": {
						"0.0": {
							"post": [2.5, 0, 0],
							"lerp_mode": "catmullrom"
						},
						"0.25": {
							"post": [0, 0, 0],
							"lerp_mode": "catmullrom"
						},
						"0.4167": {
							"post": [2.35, 0, 0],
							"lerp_mode": "catmullrom"
						},
						"0.5417": {
							"post": [4.5, 0, 0],
							"lerp_mode": "catmullrom"
						},
						"0.75": {
							"post": [-6.68, 0, 0],
							"lerp_mode": "catmullrom"
						},
						"0.9167": {
							"post": [-19.13, 0, 0],
							"lerp_mode": "catmullrom"
						},
						"1.1667": {
							"post": [-23, 0, 0],
							"lerp_mode": "catmullrom"
						},
						"1.5": {
							"post": [2.5, 0, 0],
							"lerp_mode": "catmullrom"
						}
					}
				},
				"foot_left": {
					"rotation": {
						"0.0": [18.5, 0, 0],
						"0.0417": [14.6, 0, -0.02],
						"0.125": [13.18, -0.02, -0.07],
						"0.25": [7.99, -0.05, -0.18],
						"0.4167": [-7.72, -0.08, -0.27],
						"0.5417": [-3.62867, -0.21865, -1.03989],
						"0.75": {
							"pre": [18.47112, -0.10389, -0.36667],
							"post": [18.47112, -0.10389, -0.36667],
							"lerp_mode": "catmullrom"
						},
						"1.125": {
							"post": [25.99, -0.05, -0.18],
							"lerp_mode": "catmullrom"
						},
						"1.5": {
							"post": [18.5, 0, 0],
							"lerp_mode": "catmullrom"
						}
					},
					"position": {
						"0.0": [0, 0, 0],
						"0.0417": [0, 0.1, 0],
						"0.1667": [0, 0, 0],
						"0.25": [0, 0, 0],
						"0.375": [0, 0.2, 0],
						"0.5417": [0, 0, 0]
					}
				},
				"foot_left2": {
					"rotation": {
						"0.0": {
							"post": [0, 0, 0],
							"lerp_mode": "catmullrom"
						},
						"0.2917": {
							"post": [0, 0, 0],
							"lerp_mode": "catmullrom"
						},
						"0.4167": {
							"post": [0, 0, 0],
							"lerp_mode": "catmullrom"
						},
						"0.5417": {
							"post": [-7.5, 0, 0],
							"lerp_mode": "catmullrom"
						},
						"0.75": {
							"post": [0, 0, 0],
							"lerp_mode": "catmullrom"
						},
						"1.125": {
							"post": [0, 0, 0],
							"lerp_mode": "catmullrom"
						},
						"1.5": {
							"post": [0, 0, 0],
							"lerp_mode": "catmullrom"
						}
					}
				},
				"robe": {
					"rotation": [0, 0, 0],
					"position": [0, 0.0866, 0]
				},
				"robe_left": {
					"rotation": {
						"0.0": {
							"post": [-12.52835, 6.53808, 3.80164],
							"lerp_mode": "catmullrom"
						},
						"0.25": {
							"post": [-8.30355, 0.02613, 3.73128],
							"lerp_mode": "catmullrom"
						},
						"0.5833": {
							"post": [15, -7.5, 3.36603],
							"lerp_mode": "catmullrom"
						},
						"0.875": {
							"post": [14, -10, 3.36603],
							"lerp_mode": "catmullrom"
						},
						"1.2917": {
							"post": [-8.56727, -0.28604, 3.63441],
							"lerp_mode": "catmullrom"
						},
						"1.5": {
							"post": [-12.52835, 6.53808, 3.80164],
							"lerp_mode": "catmullrom"
						}
					},
					"position": {
						"0.0": {
							"post": [0.5, 0, -0.2],
							"lerp_mode": "catmullrom"
						},
						"0.25": {
							"post": [0, 0, 0.14],
							"lerp_mode": "catmullrom"
						},
						"0.75": {
							"post": [0, 1.2, 0.5],
							"lerp_mode": "catmullrom"
						},
						"1.0417": {
							"post": [0, 1, 0.5],
							"lerp_mode": "catmullrom"
						},
						"1.5": {
							"post": [0.5, 0, -0.2],
							"lerp_mode": "catmullrom"
						}
					}
				},
				"robe_left2": {
					"rotation": {
						"0.0": {
							"post": [0, 0, 0],
							"lerp_mode": "catmullrom"
						},
						"0.375": {
							"post": [-2, 0, 2.5],
							"lerp_mode": "catmullrom"
						},
						"0.75": {
							"post": [-1.88, 0, 1.5],
							"lerp_mode": "catmullrom"
						},
						"0.9583": {
							"post": [2.62, 0, 0.5],
							"lerp_mode": "catmullrom"
						},
						"1.2083": {
							"post": [2.1, 0, -0.4],
							"lerp_mode": "catmullrom"
						},
						"1.5": {
							"post": [0, 0, 0],
							"lerp_mode": "catmullrom"
						}
					},
					"position": {
						"0.0": {
							"post": [0, 0, 0],
							"lerp_mode": "catmullrom"
						},
						"0.75": {
							"post": [0, 0, 0],
							"lerp_mode": "catmullrom"
						},
						"1.125": {
							"post": [0, 1.1, 0],
							"lerp_mode": "catmullrom"
						},
						"1.5": {
							"post": [0, 0, 0],
							"lerp_mode": "catmullrom"
						}
					}
				},
				"robe_left3": {
					"rotation": {
						"0.0": {
							"post": [7.5, 3.5, 9.63397],
							"lerp_mode": "catmullrom"
						},
						"0.3333": {
							"post": [5.53, 2.3, 9.56],
							"lerp_mode": "catmullrom"
						},
						"0.75": {
							"post": [2.5, -5, 9.13],
							"lerp_mode": "catmullrom"
						},
						"1.0833": {
							"post": [3.8, -4, 8.23],
							"lerp_mode": "catmullrom"
						},
						"1.5": {
							"post": [7.5, 3.5, 9.63397],
							"lerp_mode": "catmullrom"
						}
					},
					"position": {
						"0.0": {
							"post": [0, 0, 0],
							"lerp_mode": "catmullrom"
						},
						"0.4583": {
							"post": [0, 0.9, 0],
							"lerp_mode": "catmullrom"
						},
						"0.75": {
							"post": [0, 0, 0],
							"lerp_mode": "catmullrom"
						},
						"0.9583": {
							"post": [0, -0.39, 0],
							"lerp_mode": "catmullrom"
						},
						"1.2083": {
							"post": [0, 0.21, 0],
							"lerp_mode": "catmullrom"
						},
						"1.5": {
							"post": [0, 0, 0],
							"lerp_mode": "catmullrom"
						}
					}
				},
				"robe_left_outer": {
					"rotation": {
						"0.0": {
							"post": [0, -2.5, -0.5],
							"lerp_mode": "catmullrom"
						},
						"0.3333": {
							"post": [-2.5, 1.5, -0.5],
							"lerp_mode": "catmullrom"
						},
						"0.9167": {
							"post": [-1.25, -2.5, 1.5],
							"lerp_mode": "catmullrom"
						},
						"1.5": {
							"post": [0, -2.5, -0.5],
							"lerp_mode": "catmullrom"
						}
					}
				},
				"robe_left_outer2": {
					"rotation": ["math.sin(q.anim_time*90*8/3-30)*-3", "math.sin(q.anim_time*90*8/3-45)*7", "-3+math.sin(q.anim_time*90*8/3-15)*-3"]
				},
				"robe_left_outer3": {
					"rotation": ["math.sin(q.anim_time*90*8/3-60)*-4", "math.sin(q.anim_time*90*8/3-75)*10", "math.sin(q.anim_time*90*8/3-45)*-4"]
				},
				"robe_left_outer4": {
					"rotation": ["math.sin(q.anim_time*90*8/3-90)*-2", "math.sin(q.anim_time*90*8/3-105)*14", "math.sin(q.anim_time*90*16/3-75)*6"]
				},
				"robe_left_outer5": {
					"rotation": ["math.sin(q.anim_time*90*8/3-90)*-2", "math.sin(q.anim_time*90*8/3-160)*16", "math.sin(q.anim_time*90*16/3-115)*5"]
				},
				"robe_right": {
					"rotation": {
						"0.0": {
							"post": [17.21, 10.05, -3.33],
							"lerp_mode": "catmullrom"
						},
						"0.25": {
							"post": [9, 7, -3.36603],
							"lerp_mode": "catmullrom"
						},
						"0.5417": {
							"post": [-8.56727, -1.91396, -3.63441],
							"lerp_mode": "catmullrom"
						},
						"0.75": {
							"post": [-12.52835, -6.53808, -3.80164],
							"lerp_mode": "catmullrom"
						},
						"1.0": {
							"post": [-8.30355, -0.02613, -3.73128],
							"lerp_mode": "catmullrom"
						},
						"1.2917": {
							"post": [12, 7.5, -3.36603],
							"lerp_mode": "catmullrom"
						},
						"1.5": {
							"post": [17.21, 10.05, -3.33],
							"lerp_mode": "catmullrom"
						}
					},
					"position": {
						"0.0": {
							"post": [0, 1.2, 0.5],
							"lerp_mode": "catmullrom"
						},
						"0.2917": {
							"post": [0, 1, 0.4],
							"lerp_mode": "catmullrom"
						},
						"0.6667": {
							"post": [-0.5, 0, -0.3],
							"lerp_mode": "catmullrom"
						},
						"1.0417": {
							"post": [0, 0, 0.14],
							"lerp_mode": "catmullrom"
						},
						"1.5": {
							"post": [0, 1.2, 0.5],
							"lerp_mode": "catmullrom"
						}
					}
				},
				"robe_right2": {
					"rotation": {
						"0.0": {
							"post": [-1.88, 0, -1.5],
							"lerp_mode": "catmullrom"
						},
						"0.2083": {
							"post": [2.62, 0, -0.5],
							"lerp_mode": "catmullrom"
						},
						"0.4583": {
							"post": [2.1, 0, 0.4],
							"lerp_mode": "catmullrom"
						},
						"0.75": {
							"post": [0, 0, 0],
							"lerp_mode": "catmullrom"
						},
						"1.125": {
							"post": [-2, 0, -2.5],
							"lerp_mode": "catmullrom"
						},
						"1.5": {
							"post": [-1.88, 0, -1.5],
							"lerp_mode": "catmullrom"
						}
					},
					"position": {
						"0.0": {
							"post": [0, 0, 0],
							"lerp_mode": "catmullrom"
						},
						"0.375": {
							"post": [0, 1.1, 0],
							"lerp_mode": "catmullrom"
						},
						"0.75": {
							"post": [0, 0, 0],
							"lerp_mode": "catmullrom"
						},
						"1.5": {
							"post": [0, 0, 0],
							"lerp_mode": "catmullrom"
						}
					}
				},
				"robe_right3": {
					"rotation": {
						"0.0": {
							"post": [2.5, 5, -9.13],
							"lerp_mode": "catmullrom"
						},
						"0.3333": {
							"post": [3.8, 4, -8.23],
							"lerp_mode": "catmullrom"
						},
						"0.75": {
							"post": [7.5, -3.5, -9.63397],
							"lerp_mode": "catmullrom"
						},
						"1.0833": {
							"post": [5.53, -2.3, -9.56],
							"lerp_mode": "catmullrom"
						},
						"1.5": {
							"post": [2.5, 5, -9.13],
							"lerp_mode": "catmullrom"
						}
					},
					"position": {
						"0.0": {
							"post": [0, 0, 0],
							"lerp_mode": "catmullrom"
						},
						"0.2083": {
							"post": [0, -0.39, 0],
							"lerp_mode": "catmullrom"
						},
						"0.4583": {
							"post": [0, 0.21, 0],
							"lerp_mode": "catmullrom"
						},
						"0.75": {
							"post": [0, 0, 0],
							"lerp_mode": "catmullrom"
						},
						"1.2083": {
							"post": [0, 0.9, 0],
							"lerp_mode": "catmullrom"
						},
						"1.5": {
							"post": [0, 0, 0],
							"lerp_mode": "catmullrom"
						}
					}
				},
				"robe_right_outer": {
					"rotation": {
						"0.0": {
							"post": [-1.72, 1.42, -1.16],
							"lerp_mode": "catmullrom"
						},
						"0.1667": {
							"post": [-1.25, 2.5, -1.5],
							"lerp_mode": "catmullrom"
						},
						"0.75": {
							"post": [0, 2.5, 0.5],
							"lerp_mode": "catmullrom"
						},
						"1.0833": {
							"post": [-2.5, -1.5, 0.5],
							"lerp_mode": "catmullrom"
						},
						"1.5": {
							"post": [-1.72, 1.42, -1.16],
							"lerp_mode": "catmullrom"
						}
					}
				},
				"robe_right_outer2": {
					"rotation": ["math.sin(q.anim_time*90*8/3-30)*-3", "math.sin(q.anim_time*90*8/3-45)*7", "3+math.sin(q.anim_time*90*8/3-15)*-3"]
				},
				"robe_right_outer3": {
					"rotation": ["math.sin(q.anim_time*90*8/3-60)*-4", "math.sin(q.anim_time*90*8/3-75)*10", "math.sin(q.anim_time*90*8/3-45)*-4"]
				},
				"robe_right_outer4": {
					"rotation": ["math.sin(q.anim_time*90*8/3-90)*-2", "math.sin(q.anim_time*90*8/3-105)*14", "math.sin(q.anim_time*90*16/3-75)*-6"]
				},
				"robe_right_outer5": {
					"rotation": ["math.sin(q.anim_time*90*8/3-90)*-2", "math.sin(q.anim_time*90*8/3-160)*16", "math.sin(q.anim_time*90*16/3-115)*-5"]
				},
				"robe_front_middle3": {
					"position": [0, 3, 0]
				},
				"robe_middle_back_fur": {
					"position": [0, 2, 0]
				},
				"arm_left": {
					"rotation": ["0+math.sin(q.anim_time*90*8/3-60)*10", "-5+math.sin(q.anim_time*90*8/3+60)*-15", "60+math.sin(q.anim_time*90*16/3+45)*-2"],
					"position": [0, "math.sin(q.anim_time*90*8/3-90)*-0.15-0.05", "math.sin(q.anim_time*90*8/3+75)*0.5"]
				},
				"arm_left_ruff": {
					"rotation": ["-15+math.sin(q.anim_time*90*8/3)*10", "7.5+math.sin(q.anim_time*90*8/3-60)*-9", 0]
				},
				"arm_left_ruff2": {
					"rotation": ["0+math.sin(q.anim_time*90*8/3-30)*10", "0+math.sin(q.anim_time*90*8/3-90)*-4", 0]
				},
				"arm_right_ruff": {
					"rotation": ["-15+math.sin(q.anim_time*90*8/3)*10", "-7.5+math.sin(q.anim_time*90*8/3-60)*-9", 0]
				},
				"arm_right_ruff2": {
					"rotation": ["0+math.sin(q.anim_time*90*8/3-30)*10", "0+math.sin(q.anim_time*90*8/3-90)*-4", 0]
				},
				"leg_right": {
					"rotation": {
						"0.0": {
							"post": [22.5, 5, 0],
							"lerp_mode": "catmullrom"
						},
						"0.375": {
							"post": [-16.25, 5, 0],
							"lerp_mode": "catmullrom"
						},
						"0.75": {
							"post": [-20, 5, 0],
							"lerp_mode": "catmullrom"
						},
						"1.0": {
							"post": [-6.25, 5, 0],
							"lerp_mode": "catmullrom"
						},
						"1.5": {
							"post": [22.5, 5, 0],
							"lerp_mode": "catmullrom"
						}
					},
					"position": {
						"0.0": {
							"post": [0, -0.7, 1],
							"lerp_mode": "catmullrom"
						},
						"0.75": {
							"post": [0, -0.7, -1],
							"lerp_mode": "catmullrom"
						},
						"1.0": {
							"post": [0, 0.05, 0],
							"lerp_mode": "catmullrom"
						},
						"1.5": {
							"post": [0, -0.7, 1],
							"lerp_mode": "catmullrom"
						}
					}
				},
				"leg_right2": {
					"rotation": {
						"0.0": {
							"post": [11.73, 0, 0],
							"lerp_mode": "catmullrom"
						},
						"0.1667": {
							"post": [29.25, 0, 0],
							"lerp_mode": "catmullrom"
						},
						"0.375": {
							"post": [29, 0, 0],
							"lerp_mode": "catmullrom"
						},
						"0.75": [0, 0, 0],
						"1.0": [0, 0, 0],
						"1.1667": [0.66, 0, 0],
						"1.2917": [0, 0, 0],
						"1.5": {
							"pre": [11.73, 0, 0],
							"post": [11.73, 0, 0],
							"lerp_mode": "catmullrom"
						}
					}
				},
				"leg_right3": {
					"rotation": {
						"0.0": {
							"post": [-6.68, 0, 0],
							"lerp_mode": "catmullrom"
						},
						"0.1667": {
							"post": [-19.13, 0, 0],
							"lerp_mode": "catmullrom"
						},
						"0.4167": {
							"post": [-23, 0, 0],
							"lerp_mode": "catmullrom"
						},
						"0.75": {
							"post": [2.5, 0, 0],
							"lerp_mode": "catmullrom"
						},
						"1.0": {
							"post": [0, 0, 0],
							"lerp_mode": "catmullrom"
						},
						"1.1667": {
							"post": [2.35, 0, 0],
							"lerp_mode": "catmullrom"
						},
						"1.2917": {
							"post": [4.5, 0, 0],
							"lerp_mode": "catmullrom"
						},
						"1.5": {
							"post": [-6.68, 0, 0],
							"lerp_mode": "catmullrom"
						}
					}
				},
				"foot_right": {
					"rotation": {
						"0.0": {
							"post": [18.47112, 0.10389, 0.36667],
							"lerp_mode": "catmullrom"
						},
						"0.375": {
							"post": [25.99, 0.05, 0.18],
							"lerp_mode": "catmullrom"
						},
						"0.75": [18.5, 0, 0],
						"0.7917": [14.6, 0, 0.02],
						"0.875": [13.18, 0.02, 0.07],
						"1.0": [7.99, 0.05, 0.18],
						"1.1667": [-7.72, 0.08, 0.27],
						"1.2917": [-3.62867, 0.21865, 1.03989],
						"1.5": {
							"pre": [18.47112, 0.10389, 0.36667],
							"post": [18.47112, 0.10389, 0.36667],
							"lerp_mode": "catmullrom"
						}
					},
					"position": {
						"0.0": [0, 0, 0],
						"0.75": [0, 0, 0],
						"0.7917": [0, 0.1, 0],
						"0.9167": [0, 0, 0],
						"1.0": [0, 0, 0],
						"1.125": [0, 0.2, 0],
						"1.2917": [0, 0, 0],
						"1.5": [0, 0, 0]
					}
				},
				"foot_right2": {
					"rotation": {
						"0.0": {
							"post": [0, 0, 0],
							"lerp_mode": "catmullrom"
						},
						"0.375": {
							"post": [0, 0, 0],
							"lerp_mode": "catmullrom"
						},
						"0.75": {
							"post": [0, 0, 0],
							"lerp_mode": "catmullrom"
						},
						"1.0417": {
							"post": [0, 0, 0],
							"lerp_mode": "catmullrom"
						},
						"1.1667": {
							"post": [0, 0, 0],
							"lerp_mode": "catmullrom"
						},
						"1.2917": {
							"post": [-7.5, 0, 0],
							"lerp_mode": "catmullrom"
						},
						"1.5": {
							"post": [0, 0, 0],
							"lerp_mode": "catmullrom"
						}
					}
				},
				"robe_front_middle": {
					"position": [0, 0, 2.5]
				},
				"tail": {
					"rotation": ["-15.5+math.sin(q.anim_time*90*16/3+75)*3", "0+math.sin(q.anim_time*90*8/3+30)*15", 0]
				}
			}
		},
		"animation.delphox.battle_idle": {
			"loop": true,
			"animation_length": 8,
			"bones": {
				"body": {
					"rotation": [0, -10, 0],
					"position": [0, -3, 0]
				},
				"torso": {
					"rotation": ["30+math.sin(q.anim_time*90*1.5)*1", -17.5, -2.5],
					"position": [0.25, "0.25+math.cos(q.anim_time*90*1.5)*-0.2", -0.5]
				},
				"waist": {
					"rotation": ["-12.5+math.sin(q.anim_time*90*1.5-30)*1", -2.5, 5]
				},
				"chest": {
					"rotation": ["-7.5+math.sin(q.anim_time*90*1.5-75)*1", -5, -2.5]
				},
				"arm_left": {
					"rotation": [-10, -27.5, 25],
					"position": [1, -0.35, 1]
				},
				"arm_left2": {
					"rotation": [-7.5, 75, -7.5]
				},
				"finger_front_left": {
					"rotation": [0, 0, 47.5]
				},
				"finger_middle_left": {
					"rotation": [0, 0, 62.5]
				},
				"finger_back_left": {
					"rotation": [0, 0, 75]
				},
				"arm_right": {
					"rotation": [-57.5, -30, -25],
					"position": [-1, -0.75, 0.25]
				},
				"arm_right2": {
					"rotation": [7.5, -55, -17.5]
				},
				"arm_right_ruff": {
					"rotation": [-15, 15, -7.5]
				},
				"hand_right": {
					"rotation": [0, 22.5, 0],
					"position": [-0.25, 0, 0]
				},
				"finger_front_right": {
					"rotation": [0, 0, -50]
				},
				"finger_middle_right": {
					"rotation": [0, 0, -55]
				},
				"finger_back_right": {
					"rotation": [0, 0, -65]
				},
				"ear_left_ruff_main": {
					"rotation": [0, -15, "5+math.sin(q.anim_time*90*1.5-130)*3"]
				},
				"ear_ruff_top_left": {
					"rotation": [-2.5, "-5+math.sin(q.anim_time*90*1-150)*5", "-10+math.sin(q.anim_time*90*1.5-150)*4"]
				},
				"ear_ruff_middle_left": {
					"rotation": [-2.5, "-5+math.sin(q.anim_time*90*1-150)*-4", "-10+math.sin(q.anim_time*90*1.5-90)*2"]
				},
				"ear_ruff_bottom_left": {
					"rotation": [-2.5, "-5+math.sin(q.anim_time*90*1-150-90)*5", "-10+math.sin(q.anim_time*90*1.5-30)*4"]
				},
				"ear_right_ruff_main": {
					"rotation": [0, 15, "-5+math.sin(q.anim_time*90*1.5-130)*3"]
				},
				"ear_ruff_top_right": {
					"rotation": [-2.5, "5+math.sin(q.anim_time*90*1-150-90)*5", "10+math.sin(q.anim_time*90*1.5-150)*4"]
				},
				"ear_ruff_middle_right": {
					"rotation": [-2.5, "5+math.sin(q.anim_time*90*1-150)*-4", "10+math.sin(q.anim_time*90*1.5-90)*2"]
				},
				"ear_ruff_bottom_right": {
					"rotation": [-2.5, "5+math.sin(q.anim_time*90*1-150)*5", "10+math.sin(q.anim_time*90*1.5-30)*4"]
				},
				"leg_left": {
					"rotation": [7.5, -10, -15],
					"position": [0.25, -0.25, 1]
				},
				"leg_left2": {
					"rotation": [22.5, 0, -7.5]
				},
				"leg_left3": {
					"rotation": [-2.5, 0, 0]
				},
				"foot_left": {
					"rotation": [-21.5, 0, 20],
					"position": [-0.5, -1.5, -0.75]
				},
				"leg_right": {
					"rotation": [-27.5, 0, 7.5],
					"position": [0, 0, -1]
				},
				"leg_right2": {
					"rotation": [17.5, 0, 0]
				},
				"leg_right3": {
					"rotation": [-7.5, 7.5, 10]
				},
				"foot_right": {
					"rotation": [17.5, 17.5, -12.5],
					"position": [0.25, -0.25, 0]
				},
				"wand": {
					"rotation": [0, 0, 77.5],
					"position": [1, 0, 0]
				},
				"ear_ruff_shock_left": {
					"rotation": [0, -5, 0],
					"scale": 0
				},
				"ear_ruff_shock_right": {
					"rotation": [0, 5, 0],
					"scale": 0
				},
				"body_wand": {
					"rotation": [0, -10, 0],
					"position": [0, -3, 0]
				},
				"torso_wand": {
					"rotation": ["30+math.sin(q.anim_time*90*1.5)*1", -17.5, -2.5],
					"position": [0.25, "0.25+math.cos(q.anim_time*90*1.5)*-0.2", -0.5]
				},
				"waist_wand": {
					"rotation": ["-12.5+math.sin(q.anim_time*90*1.5-30)*1", -2.5, 5]
				},
				"chest_wand": {
					"rotation": ["-7.5+math.sin(q.anim_time*90*1.5-75)*1", -5, -2.5]
				},
				"arm_wand": {
					"rotation": [-57.5, -30, -25],
					"position": [-1, -0.75, 0.25]
				},
				"arm2_wand": {
					"rotation": [7.5, -55, -17.5]
				},
				"hand_wand": {
					"rotation": [0, 22.5, 0],
					"position": [-0.25, 0, 0]
				},
				"hand_left": {
					"rotation": [-12.5, 32.5, -15]
				},
				"shoulder_right_ruff": {
					"rotation": [0, 10, 0]
				},
				"torso_cloak": {
					"rotation": [-27.5, 0, 0]
				},
				"shoulder_left_ruff": {
					"rotation": [-12.5, 0, 0]
				},
				"arm_left_ruff": {
					"rotation": [-35, 0, 0]
				},
				"arm_left_ruff2": {
					"rotation": [-15, 0, 0]
				},
				"neck": {
					"rotation": ["17.5+math.sin(q.anim_time*90*1.5-110)*-2", 20, 5],
					"position": [0, -1, 0]
				},
				"head": {
					"rotation": ["-20+math.sin(q.anim_time*90*1.5-90)*3", "15+math.sin(q.anim_time*90*1.5-90)*-2", -15]
				},
				"eye_angry_left": {
					"position": [0.1, 0, -0.1]
				},
				"eye_angry_right": {
					"position": [-0.1, 0, -0.1]
				},
				"head_ruff_right": {
					"rotation": [-1.64071, -0.82614, -1.75664]
				},
				"shoulder_fur_left": {
					"rotation": [0, 0, -35]
				},
				"shoulder_fur_right": {
					"rotation": [0, 0, 35]
				},
				"tail": {
					"rotation": ["-8+math.sin(q.anim_time*90*1.5-90)*10", "math.sin(q.anim_time*90*1-90)*20", 0],
					"position": [0, 1, 0]
				},
				"tail2": {
					"rotation": ["-12.5+math.sin(q.anim_time*90*1.5-120)*12", "math.sin(q.anim_time*90*1-120)*25", 0]
				},
				"tail3": {
					"rotation": ["-12.5+math.sin(q.anim_time*90*1.5-170)*13", "math.sin(q.anim_time*90*1-170)*30", 0]
				},
				"tail4": {
					"rotation": ["-12.5+math.sin(q.anim_time*90*1.5-210)*18", "math.sin(q.anim_time*90*1-200)*35", 0]
				},
				"tail5": {
					"rotation": ["10+math.sin(q.anim_time*90*1.5-260)*22", "math.sin(q.anim_time*90*1-250)*35", 0]
				},
				"tail6": {
					"rotation": ["5+math.sin(q.anim_time*90*1.5-260)*25", "math.sin(q.anim_time*90*1-290)*40", 0]
				},
				"tail7": {
					"rotation": ["math.sin(q.anim_time*90*1.5-290)*50", "math.sin(q.anim_time*90*1-310)*45", 0]
				},
				"robe_left": {
					"rotation": [20, -15, -15],
					"position": [0, 0, 1]
				},
				"robe_left2_rotation": {
					"rotation": [-5, 0, 2.5]
				},
				"robe_left3_rotation": {
					"rotation": [-2.5, 0, 0]
				},
				"robe_left_outer": {
					"rotation": [0, -2.5, 0]
				},
				"robe_left_outer2": {
					"rotation": [0, -5, 0]
				},
				"robe_right": {
					"rotation": [-15, -2.5, 15],
					"position": [0, -0.75, -1]
				},
				"robe_right2_rotation": {
					"rotation": [5, 0, 2.5]
				},
				"robe_right3_rotation": {
					"rotation": [5, 0, -2.5]
				},
				"robe_right_outer": {
					"rotation": [0, 2.5, 0]
				},
				"robe_right_outer2": {
					"rotation": [2.5, 5, 0]
				},
				"robe_right_outer3": {
					"rotation": [0, 5, 0]
				},
				"robe_front_middle": {
					"rotation": [-7.5, -20, -5],
					"position": [1.5, 0, -1.65]
				},
				"robe_front_middle2_rotation": {
					"rotation": [-2.5, -7.5, -0.5],
					"position": [-1, -1, 0]
				},
				"robe_front_middle3_rotation": {
					"rotation": [5, 7.5, -5],
					"position": [-1.86367, 0.85692, -0.23757]
				},
				"robe_middle_front_fur": {
					"rotation": [-10, 0, 0]
				},
				"robe_front_middle3": {
					"rotation": [0, -10, 7.5]
				},
				"ear_ruff_top_left2": {
					"rotation": [0, "0+math.sin(q.anim_time*90*1-190)*10", "15+math.sin(q.anim_time*90*1.5-200)*10"]
				},
				"ear_ruff_top_left3": {
					"rotation": [0, "0+math.sin(q.anim_time*90*1-250)*15", "-5+math.sin(q.anim_time*90*1.5-250)*16"]
				},
				"ear_ruff_top_left4": {
					"rotation": [0, "0+math.sin(q.anim_time*90*1-300)*20", "-7.5+math.sin(q.anim_time*90*1.5-300)*26"]
				},
				"ear_ruff_middle_left2": {
					"rotation": [0, "0+math.sin(q.anim_time*90*1-190)*-10", "15+math.sin(q.anim_time*90*1.5-150)*10"]
				},
				"ear_ruff_middle_left3": {
					"rotation": [0, "0+math.sin(q.anim_time*90*1-250)*-15", "-5+math.sin(q.anim_time*90*1.5-200)*16"]
				},
				"ear_ruff_middle_left4": {
					"rotation": [0, "0+math.sin(q.anim_time*90*1-300)*-20", "-7.5+math.sin(q.anim_time*90*1.5-260)*26"]
				},
				"ear_ruff_bottom_left2": {
					"rotation": [0, "0+math.sin(q.anim_time*90*1-190-90)*10", "15+math.sin(q.anim_time*90*1.5-120)*10"]
				},
				"ear_ruff_bottom_left3": {
					"rotation": [0, "0+math.sin(q.anim_time*90*1-250-90)*15", "-5+math.sin(q.anim_time*90*1.5-160)*16"]
				},
				"ear_ruff_top_right2": {
					"rotation": [0, "0+math.sin(q.anim_time*90*1-190-90)*10", "-15+math.sin(q.anim_time*90*1.5-200)*10"]
				},
				"ear_ruff_top_right3": {
					"rotation": [0, "0+math.sin(q.anim_time*90*1-250-90)*15", "5+math.sin(q.anim_time*90*1.5-250)*16"]
				},
				"ear_ruff_top_right4": {
					"rotation": [0, "0+math.sin(q.anim_time*90*1-300-90)*20", "7.5+math.sin(q.anim_time*90*1.5-300)*26"]
				},
				"ear_ruff_middle_right2": {
					"rotation": [0, "0+math.sin(q.anim_time*90*1-190)*-10", "-15+math.sin(q.anim_time*90*1.5-150)*10"]
				},
				"ear_ruff_middle_right3": {
					"rotation": [0, "0+math.sin(q.anim_time*90*1-250)*-15", "5+math.sin(q.anim_time*90*1.5-200)*16"]
				},
				"ear_ruff_middle_right4": {
					"rotation": [0, "0+math.sin(q.anim_time*90*1-300)*-20", "7.5+math.sin(q.anim_time*90*1.5-260)*26"]
				},
				"ear_ruff_bottom_right2": {
					"rotation": [0, "0+math.sin(q.anim_time*90*1-190)*10", "-15+math.sin(q.anim_time*90*1.5-120)*10"]
				},
				"ear_ruff_bottom_right3": {
					"rotation": [0, "0+math.sin(q.anim_time*90*1-250)*15", "5+math.sin(q.anim_time*90*1.5-160)*16"]
				},
				"fire": {
					"rotation": ["-2.5+math.sin(q.anim_time*90*1.5-150)*6", 0, 0],
					"scale": ["1+math.sin(q.anim_time*90*24-60)*0.075", "1+math.sin(q.anim_time*90*24-0)*0.125", "1+math.sin(q.anim_time*90*24-120)*0.025"]
				}
			}
		},
		"animation.delphox.blink": {
			"animation_length": 0.1667,
			"bones": {
				"eyelid_left": {
					"position": {
						"0.0": [0.1, 0, -0.1],
						"0.1667": {
							"pre": [0.1, 0, -0.1],
							"post": [0, 0, 0]
						}
					}
				},
				"eyelid_right": {
					"position": {
						"0.0": [-0.1, 0, -0.1],
						"0.1667": {
							"pre": [-0.1, 0, -0.1],
							"post": [0, 0, 0]
						}
					}
				}
			}
		},
		"animation.delphox.cry": {
			"animation_length": 1.75,
			"bones": {
				"head": {
					"rotation": {
						"0.0": [0, 0, 0],
						"0.0833": [-2.5, 0, 0],
						"0.125": [-2.24, 0, 0],
						"0.2083": [-0.23, 0, 0],
						"0.25": [0, 0, 0],
						"0.3333": [-3.67, 0, 0],
						"0.375": [-4, 0, 0],
						"0.4167": [-3.7, 0, 0],
						"0.5833": [0, 0, 0],
						"0.625": [-0.21, 0, 0],
						"0.7917": [-4.57, 0, 0],
						"0.8333": [-5, 0, 0],
						"0.9167": [-4.8, 0, 0],
						"1.3333": [-0.2, 0, 0],
						"1.4583": [0, 0, 0]
					}
				},
				"jaw": {
					"rotation": {
						"0.0": [0, 0, 0],
						"0.0417": [34.6, 0, 0],
						"0.0833": [38, 0, 0],
						"0.125": [20, 0, 0],
						"0.1667": [15.4, 0, 0],
						"0.2083": [20, 0, 0],
						"0.2917": [49.07, 0, 0],
						"0.3333": [54, 0, 0],
						"0.375": [47.9, 0, 0],
						"0.5": [15, 0, 0],
						"0.5417": [11.9, 0, 0],
						"0.5833": [15, 0, 0],
						"0.7083": [62.35, 0, 0],
						"0.75": [67.3, 0, 0],
						"0.8333": [70.1, 0, 0],
						"0.9167": [67.3, 0, 0],
						"0.9583": [61.7, 0, 0],
						"1.4167": [4.77, 0, 0],
						"1.5417": [0, 0, 0]
					}
				},
				"fangs": {
					"position": {
						"0.0": [0, 0, 0],
						"0.0417": [0, -0.6, 0],
						"0.125": [0, -0.6, 0],
						"0.1667": [0, 0, 0],
						"0.2083": [0, 0, 0],
						"0.25": [0, -0.6, 0],
						"0.4583": [0, -0.6, 0],
						"0.5": [0, 0, 0],
						"0.5833": [0, 0, 0],
						"0.625": [0, -0.6, 0],
						"1.25": [0, -0.6, 0],
						"1.2917": [0, 0, 0]
					}
				}
			},
			"sound_effects": {
				"0.0": {
					"effect": "pokemon.delphox.cry"
				}
			}
		}
	}
}