{
  "portraitScale": 2.4,
  "portraitTranslation": [ -0.07, -0.95, 0 ],
  "profileScale": 0.74,
  "profileTranslation": [ 0, 0.69, 0 ],
  "poses": { 
    "battle-standing": {
      "poseTypes": ["STAND"],
      "isBattle": true,
      "animations": [
        "q.look('head')",
        "q.bedrock('chiyu', 'ground_idle')"
      ]
    },
    "standing": {
      "poseTypes": ["STAND", "NONE", "PORTRAIT", "PROFILE"],
      "isBattle": false,
      "animations": [
        "q.look('head')",
        "q.bedrock('chiyu', 'ground_idle')"
      ]
    },
    "walking": {
      "poseTypes": ["WALK"],
      "animations": [
        "q.look('head')",
        "q.bedrock('chiyu', 'ground_idle')"
      ]
    }
  }
}