{
  "name": {
    "literal": "Morn27015"
  },
  "ai": {
    "type": "rct",
    "data": {
      "moveBias": 1,
      "switchBias": 0.5,
      "statMoveBias": 1,
      "itemBias": 0.8,
      "maxSelectMargin": 0.15
    }
  },
  "battleRules": {},
  "team": [
    {
      "moveset": [
        "mimic",
        "feintattack",
        "woodhammer",
        "astonish"
      ],
      "ivs": {
        "spe": 15,
        "spd": 15,
        "spa": 15,
        "def": 15,
        "atk": 15,
        "hp": 15
      },
      "heldItem": [
        "spell_tag"
      ],
      "species": "mimikyu",
      "gender": "MALE",
      "level": 29,
      "nature": "rash",
      "ability": "disguise"
    },
    {
      "moveset": [
        "thundershock",
        "spark",
        "quickattack",
        "tailwhip"
      ],
      "ivs": {
        "spe": 15,
        "spd": 15,
        "spa": 15,
        "def": 15,
        "atk": 15,
        "hp": 15
      },
      "species": "pikachu",
      "gender": "FEMALE",
      "level": 25,
      "nature": "sassy",
      "ability": "static"
    }
  ],
  "battleFormat": "GEN_9_SINGLES"
}