{
  "name": {
    "literal": "Perula"
  },
  "ai": {
    "type": "rct",
    "data": {
      "moveBias": 1,
      "switchBias": 0.5,
      "statMoveBias": 1,
      "itemBias": 0.8,
      "maxSelectMargin": 0.15
    }
  },
  "battleRules": {
    "maxItemUses": 5
  },
  "bag": [
    {
      "item": "cobblemon:full_restore",
      "quantity": 5
    }
  ],
  "team": [
    {
      "moveset": [
        "stoneaxe",
        "xscissor",
        "closecombat",
        "stealthrock"
      ],
      "ivs": {
        "spe": 31,
        "spd": 31,
        "spa": 31,
        "def": 31,
        "atk": 31,
        "hp": 31
      },
      "evs": {
        "spe": 4,
        "atk": 252,
        "hp": 252
      },
      "heldItem": [
        "leftovers"
      ],
      "species": "kleavor",
      "gender": "MALE",
      "level": 96,
      "nature": "adamant",
      "ability": "sharpness"
    },
    {
      "moveset": [
        "headsmash",
        "flareblitz",
        "wildcharge",
        "extremespeed"
      ],
      "ivs": {
        "spe": 31,
        "spd": 31,
        "spa": 31,
        "def": 31,
        "atk": 31,
        "hp": 31
      },
      "evs": {
        "spe": 252,
        "atk": 252,
        "hp": 4
      },
      "heldItem": [
        "choice_scarf"
      ],
      "aspects": [
        "hisuian"
      ],
      "species": "arcanine",
      "gender": "MALE",
      "level": 96,
      "nature": "adamant",
      "ability": "rockhead"
    },
    {
      "moveset": [
        "avalanche",
        "bodypress",
        "rapidspin",
        "recover"
      ],
      "ivs": {
        "spe": 31,
        "spd": 31,
        "spa": 31,
        "def": 31,
        "atk": 31,
        "hp": 31
      },
      "evs": {
        "spd": 4,
        "def": 252,
        "hp": 252
      },
      "heldItem": [
        "heavy_duty_boots"
      ],
      "aspects": [
        "hisuian"
      ],
      "species": "avalugg",
      "gender": "MALE",
      "level": 96,
      "nature": "impish",
      "ability": "sturdy"
    },
    {
      "moveset": [
        "lastrespects",
        "wavecrash",
        "icefang",
        "protect"
      ],
      "ivs": {
        "spe": 31,
        "spd": 31,
        "spa": 31,
        "def": 31,
        "atk": 31,
        "hp": 31
      },
      "evs": {
        "spe": 252,
        "atk": 252,
        "hp": 4
      },
      "heldItem": [
        "choice_band"
      ],
      "species": "basculegion",
      "gender": "MALE",
      "level": 96,
      "nature": "adamant",
      "ability": "adaptability"
    },
    {
      "moveset": [
        "direclaw",
        "closecombat",
        "acrobatics",
        "swordsdance"
      ],
      "ivs": {
        "spe": 31,
        "spd": 31,
        "spa": 31,
        "def": 31,
        "atk": 31,
        "hp": 31
      },
      "evs": {
        "spe": 252,
        "atk": 252,
        "hp": 4
      },
      "heldItem": [
        "white_herb"
      ],
      "species": "sneasler",
      "gender": "FEMALE",
      "level": 96,
      "nature": "jolly",
      "ability": "unburden"
    },
    {
      "moveset": [
        "snowscape",
        "freezedry",
        "calmmind",
        "wish"
      ],
      "ivs": {
        "spe": 31,
        "spd": 31,
        "spa": 31,
        "def": 31,
        "atk": 31,
        "hp": 31
      },
      "evs": {
        "spa": 4,
        "def": 252,
        "hp": 252
      },
      "heldItem": [
        "leftovers"
      ],
      "species": "glaceon",
      "gender": "FEMALE",
      "level": 96,
      "nature": "bold",
      "ability": "icebody"
    }
  ],
  "battleFormat": "GEN_9_SINGLES"
}