{
  "name": {
    "literal": "Damon"
  },
  "ai": {
    "type": "rct",
    "data": {
      "moveBias": 1,
      "switchBias": 0.5,
      "statMoveBias": 1,
      "itemBias": 0.8,
      "maxSelectMargin": 0.15
    }
  },
  "battleRules": {
    "maxItemUses": 5
  },
  "bag": [
    {
      "item": "cobblemon:full_restore",
      "quantity": 5
    }
  ],
  "team": [
    {
      "moveset": [
        "closecombat",
        "leafblade",
        "icepunch",
        "swordsdance"
      ],
      "ivs": {
        "spe": 31,
        "spd": 31,
        "spa": 31,
        "def": 31,
        "atk": 31,
        "hp": 31
      },
      "evs": {
        "spe": 252,
        "atk": 252,
        "hp": 4
      },
      "heldItem": [
        "wide_lens"
      ],
      "aspects": [
        "hisuian"
      ],
      "species": "lilligant",
      "gender": "FEMALE",
      "level": 96,
      "nature": "jolly",
      "ability": "hustle"
    },
    {
      "moveset": [
        "voltswitch",
        "thunderbolt",
        "taunt",
        "explosion"
      ],
      "ivs": {
        "spe": 31,
        "spd": 31,
        "spa": 31,
        "def": 31,
        "atk": 31,
        "hp": 31
      },
      "evs": {
        "spe": 252,
        "spa": 252,
        "hp": 4
      },
      "heldItem": [
        "focus_sash"
      ],
      "aspects": [
        "hisuian"
      ],
      "species": "electrode",
      "gender": "MALE",
      "level": 96,
      "nature": "timid",
      "ability": "aftermath"
    },
    {
      "moveset": [
        "psyshieldbash",
        "earthquake",
        "megahorn",
        "trickroom"
      ],
      "ivs": {
        "spe": 31,
        "spd": 31,
        "spa": 31,
        "def": 31,
        "atk": 31,
        "hp": 31
      },
      "evs": {
        "spd": 4,
        "atk": 252,
        "hp": 252
      },
      "heldItem": [
        "sitrus_berry"
      ],
      "species": "wyrdeer",
      "gender": "MALE",
      "level": 96,
      "nature": "adamant",
      "ability": "intimidate"
    },
    {
      "moveset": [
        "facade",
        "headlongrush",
        "icespinner",
        "protect"
      ],
      "ivs": {
        "spe": 31,
        "spd": 31,
        "spa": 31,
        "def": 31,
        "atk": 31,
        "hp": 31
      },
      "evs": {
        "spd": 4,
        "atk": 252,
        "hp": 252
      },
      "heldItem": [
        "flame_orb"
      ],
      "species": "ursaluna",
      "gender": "MALE",
      "level": 96,
      "nature": "adamant",
      "ability": "guts"
    },
    {
      "moveset": [
        "leafblade",
        "knockoff",
        "xscissor",
        "swordsdance"
      ],
      "ivs": {
        "spe": 31,
        "spd": 31,
        "spa": 31,
        "def": 31,
        "atk": 31,
        "hp": 31
      },
      "evs": {
        "spe": 252,
        "atk": 252,
        "hp": 4
      },
      "heldItem": [
        "life_orb"
      ],
      "species": "leafeon",
      "gender": "FEMALE",
      "level": 96,
      "nature": "jolly",
      "ability": "chlorophyll"
    },
    {
      "moveset": [
        "esperwing",
        "airslash",
        "heatwave",
        "roost"
      ],
      "ivs": {
        "spe": 31,
        "spd": 31,
        "spa": 31,
        "def": 31,
        "atk": 31,
        "hp": 31
      },
      "evs": {
        "spe": 252,
        "spa": 252,
        "hp": 4
      },
      "heldItem": [
        "life_orb"
      ],
      "aspects": [
        "hisuian"
      ],
      "species": "braviary",
      "gender": "MALE",
      "level": 96,
      "nature": "modest",
      "ability": "sheerforce"
    }
  ],
  "battleFormat": "GEN_9_SINGLES"
}