{
  "name": {
    "literal": "Norman"
  },
  "ai": {
    "type": "rct",
    "data": {
      "moveBias": 1,
      "switchBias": 0.5,
      "statMoveBias": 1,
      "itemBias": 0.8,
      "maxSelectMargin": 0.15
    }
  },
  "battleRules": {
    "maxItemUses": 3
  },
  "bag": [
    {
      "item": "cobblemon:full_restore",
      "quantity": 3
    }
  ],
  "team": [
    {
      "moveset": [
        "psychic",
        "shockwave",
        "uproar",
        "shadowball"
      ],
      "ivs": {
        "spe": 31,
        "spd": 31,
        "spa": 31,
        "def": 31,
        "atk": 31,
        "hp": 31
      },
      "evs": {
        "spa": 252,
        "def": 252,
        "hp": 6
      },
      "heldItem": [
        "focus_sash"
      ],
      "species": "spinda",
      "gender": "MALE",
      "level": 48,
      "nature": "bold",
      "ability": "contrary"
    },
    {
      "moveset": [
        "zenheadbutt",
        "bodyslam",
        "rocktomb",
        "seedbomb"
      ],
      "ivs": {
        "spe": 31,
        "spd": 31,
        "spa": 31,
        "def": 31,
        "atk": 31,
        "hp": 31
      },
      "evs": {
        "spe": 252,
        "spd": 252,
        "def": 6
      },
      "heldItem": [
        "leftovers"
      ],
      "species": "slaking",
      "gender": "MALE",
      "level": 49,
      "nature": "timid",
      "ability": "truant"
    },
    {
      "moveset": [
        "aerialace",
        "earthquake",
        "strength",
        "drainpunch"
      ],
      "ivs": {
        "spe": 31,
        "spd": 31,
        "spa": 31,
        "def": 31,
        "atk": 31,
        "hp": 31
      },
      "evs": {
        "spe": 252,
        "def": 252,
        "hp": 6
      },
      "heldItem": [
        "mega_showdown:kangaskhanite"
      ],
      "gimmicks": {
        "mega": true
      },
      "species": "kangaskhan",
      "gender": "FEMALE",
      "level": 50,
      "nature": "jolly",
      "ability": "scrappy"
    },
    {
      "moveset": [
        "disarmingvoice",
        "lifedew",
        "covet",
        "sing"
      ],
      "ivs": {
        "spe": 31,
        "spd": 31,
        "spa": 31,
        "def": 31,
        "atk": 31,
        "hp": 31
      },
      "evs": {
        "spe": 6,
        "spa": 252,
        "def": 252
      },
      "heldItem": [
        "shell_bell"
      ],
      "species": "blissey",
      "gender": "FEMALE",
      "level": 48,
      "nature": "timid",
      "ability": "naturalcure"
    },
    {
      "moveset": [
        "facade",
        "shadowclaw",
        "dig",
        "protect"
      ],
      "ivs": {
        "spe": 31,
        "spd": 31,
        "spa": 31,
        "def": 31,
        "atk": 31,
        "hp": 31
      },
      "evs": {
        "spd": 252,
        "def": 252,
        "atk": 6
      },
      "heldItem": [
        "focus_sash"
      ],
      "species": "linoone",
      "gender": "MALE",
      "level": 49,
      "nature": "adamant",
      "ability": "quickfeet"
    }
  ],
  "battleFormat": "GEN_9_SINGLES"
}