{
  "name": {
    "literal": "Fiammetta"
  },
  "ai": {
    "type": "rct",
    "data": {
      "moveBias": 1,
      "switchBias": 0.5,
      "statMoveBias": 1,
      "itemBias": 0.8,
      "maxSelectMargin": 0.15
    }
  },
  "battleRules": {
    "maxItemUses": 3
  },
  "bag": [
    {
      "item": "cobblemon:full_restore",
      "quantity": 3
    }
  ],
  "team": [
    {
      "moveset": [
        "mudshot",
        "burningjealousy",
        "gyroball",
        "reflect"
      ],
      "ivs": {
        "spe": 31,
        "spd": 31,
        "spa": 31,
        "def": 31,
        "atk": 31,
        "hp": 31
      },
      "evs": {
        "spe": 252,
        "atk": 252,
        "hp": 6
      },
      "heldItem": [
        "weakness_policy"
      ],
      "species": "magcargo",
      "gender": "FEMALE",
      "level": 39,
      "nature": "adamant",
      "ability": "flamebody"
    },
    {
      "moveset": [
        "thunderfang",
        "trailblaze",
        "flamethrower",
        "sludgebomb"
      ],
      "ivs": {
        "spe": 31,
        "spd": 31,
        "spa": 31,
        "def": 30,
        "atk": 30,
        "hp": 31
      },
      "evs": {
        "spe": 252,
        "spa": 252,
        "hp": 6
      },
      "heldItem": [
        "mega_showdown:houndoominite"
      ],
      "gimmicks": {
        "mega": true
      },
      "species": "houndoom",
      "gender": "FEMALE",
      "level": 38,
      "nature": "brave",
      "ability": "earlybird"
    },
    {
      "moveset": [
        "flashcannon",
        "highhorsepower",
        "lashout",
        "temperflare"
      ],
      "ivs": {
        "spe": 30,
        "spd": 31,
        "spa": 30,
        "def": 31,
        "atk": 30,
        "hp": 31
      },
      "evs": {
        "spd": 252,
        "def": 252,
        "hp": 6
      },
      "heldItem": [
        "leftovers"
      ],
      "species": "camerupt",
      "gender": "MALE",
      "level": 42,
      "nature": "timid",
      "ability": "angerpoint"
    },
    {
      "moveset": [
        "smartstrike",
        "flamethrower",
        "poisonjab",
        "protect"
      ],
      "ivs": {
        "spe": 31,
        "spd": 31,
        "spa": 31,
        "def": 31,
        "atk": 31,
        "hp": 31
      },
      "evs": {
        "spd": 252,
        "def": 6,
        "atk": 252
      },
      "heldItem": [
        "life_orb"
      ],
      "species": "rapidash",
      "gender": "FEMALE",
      "level": 41,
      "nature": "jolly",
      "ability": "flashfire"
    }
  ],
  "battleFormat": "GEN_9_SINGLES"
}