{
  "name": {
    "literal": "Tell"
  },
  "ai": {
    "type": "rct",
    "data": {
      "moveBias": 1,
      "switchBias": 0.5,
      "statMoveBias": 1,
      "itemBias": 0.8,
      "maxSelectMargin": 0.15
    }
  },
  "battleRules": {
    "maxItemUses": 5
  },
  "bag": [
    {
      "item": "cobblemon:full_restore",
      "quantity": 5
    }
  ],
  "team": [
    {
      "moveset": [
        "gyroball",
        "shadowball",
        "psychic",
        "stoneedge"
      ],
      "ivs": {
        "spe": 31,
        "spd": 31,
        "spa": 31,
        "def": 31,
        "atk": 31,
        "hp": 31
      },
      "evs": {
        "spd": 252,
        "spa": 252,
        "hp": 6
      },
      "heldItem": [
        "scope_lens"
      ],
      "species": "solrock",
      "gender": "GENDERLESS",
      "level": 61,
      "nature": "modest",
      "ability": "levitate"
    },
    {
      "moveset": [
        "moonblast",
        "icebeam",
        "bulldoze",
        "grassknot"
      ],
      "ivs": {
        "spe": 31,
        "spd": 31,
        "spa": 31,
        "def": 31,
        "atk": 31,
        "hp": 31
      },
      "evs": {
        "spe": 6,
        "spa": 252,
        "def": 252
      },
      "heldItem": [
        "choice_scarf"
      ],
      "species": "lunatone",
      "gender": "GENDERLESS",
      "level": 62,
      "nature": "modest",
      "ability": "levitate"
    },
    {
      "moveset": [
        "drainingkiss",
        "sacredsword",
        "psychocut",
        "nightshade"
      ],
      "ivs": {
        "spe": 31,
        "spd": 31,
        "spa": 31,
        "def": 31,
        "atk": 31,
        "hp": 31
      },
      "evs": {
        "spa": 252,
        "def": 6,
        "hp": 252
      },
      "heldItem": [
        "mega_showdown:galladite"
      ],
      "gimmicks": {
        "mega": true
      },
      "species": "gallade",
      "gender": "MALE",
      "level": 60,
      "nature": "brave",
      "ability": "justified"
    },
    {
      "moveset": [
        "lifedew",
        "mistyterrain",
        "moonblast",
        "shadowball"
      ],
      "ivs": {
        "spe": 31,
        "spd": 31,
        "spa": 31,
        "def": 31,
        "atk": 31,
        "hp": 31
      },
      "evs": {
        "spe": 252,
        "def": 252,
        "hp": 6
      },
      "heldItem": [
        "mega_showdown:gardevoirite"
      ],
      "gimmicks": {
        "mega": true
      },
      "species": "gardevoir",
      "gender": "FEMALE",
      "level": 62,
      "nature": "modest",
      "ability": "synchronize"
    },
    {
      "moveset": [
        "earthpower",
        "extrasensory",
        "substitute",
        "dazzlinggleam"
      ],
      "ivs": {
        "spe": 31,
        "spd": 31,
        "spa": 31,
        "def": 31,
        "atk": 31,
        "hp": 31
      },
      "evs": {
        "spa": 252,
        "atk": 4,
        "hp": 252
      },
      "heldItem": [
        "choice_scarf"
      ],
      "species": "claydol",
      "gender": "GENDERLESS",
      "level": 62,
      "nature": "mild",
      "ability": "levitate"
    },
    {
      "moveset": [
        "zenheadbutt",
        "drainpunch",
        "darkpulse",
        "shadowball"
      ],
      "ivs": {
        "spe": 31,
        "spd": 31,
        "spa": 31,
        "def": 31,
        "atk": 31,
        "hp": 31
      },
      "evs": {
        "spe": 252,
        "spa": 252,
        "def": 6
      },
      "heldItem": [
        "leftovers"
      ],
      "species": "gothitelle",
      "gender": "FEMALE",
      "level": 61,
      "nature": "adamant",
      "ability": "competitive"
    }
  ],
  "battleFormat": "GEN_9_DOUBLES"
}