{
  "name": {
    "literal": "Petra"
  },
  "ai": {
    "type": "rct",
    "data": {
      "moveBias": 1,
      "switchBias": 0.5,
      "statMoveBias": 1,
      "itemBias": 0.8,
      "maxSelectMargin": 0.15
    }
  },
  "battleRules": {
    "maxItemUses": 1
  },
  "bag": [
    {
      "item": "cobblemon:full_restore",
      "quantity": 1
    }
  ],
  "team": [
    {
      "moveset": [
        "rockthrow",
        "bulldoze",
        "thunderpunch",
        "flamethrower"
      ],
      "ivs": {
        "spe": 31,
        "spd": 31,
        "spa": 31,
        "def": 31,
        "atk": 31,
        "hp": 31
      },
      "evs": {
        "spe": 80,
        "def": 92,
        "hp": 92
      },
      "heldItem": [
        "oran_berry"
      ],
      "species": "geodude",
      "gender": "MALE",
      "level": 20,
      "nature": "relaxed",
      "ability": "sturdy"
    },
    {
      "moveset": [
        "smackdown",
        "earthquake",
        "irontail",
        "facade"
      ],
      "ivs": {
        "spe": 31,
        "spd": 31,
        "spa": 31,
        "def": 31,
        "atk": 31,
        "hp": 31
      },
      "evs": {
        "spe": 100,
        "atk": 252,
        "hp": 124
      },
      "heldItem": [
        "oran_berry"
      ],
      "species": "onix",
      "gender": "MALE",
      "level": 20,
      "nature": "jolly",
      "ability": "sturdy"
    },
    {
      "moveset": [
        "watergun",
        "icebeam",
        "ancientpower",
        "surf"
      ],
      "ivs": {
        "spe": 31,
        "spd": 31,
        "spa": 31,
        "def": 31,
        "atk": 31,
        "hp": 31
      },
      "evs": {
        "spe": 80,
        "atk": 80,
        "hp": 180
      },
      "heldItem": [
        "oran_berry"
      ],
      "species": "omanyte",
      "gender": "MALE",
      "level": 19,
      "nature": "modest",
      "ability": "shellarmor"
    },
    {
      "moveset": [
        "powergem",
        "thunderbolt",
        "earthpower",
        "terablast"
      ],
      "ivs": {
        "spe": 31,
        "spd": 31,
        "spa": 31,
        "def": 31,
        "atk": 31,
        "hp": 31
      },
      "evs": {
        "spa": 252,
        "atk": 6,
        "hp": 252
      },
      "heldItem": [
        "oran_berry"
      ],
      "species": "nosepass",
      "gender": "FEMALE",
      "level": 21,
      "nature": "quiet",
      "ability": "magnetpull"
    }
  ],
  "battleFormat": "GEN_9_SINGLES"
}