{
  "name": {
    "literal": "Adriano"
  },
  "ai": {
    "type": "rct",
    "data": {
      "moveBias": 1,
      "switchBias": 0.5,
      "statMoveBias": 1,
      "itemBias": 0.8,
      "maxSelectMargin": 0.15
    }
  },
  "battleRules": {
    "maxItemUses": 5
  },
  "bag": [
    {
      "item": "cobblemon:full_restore",
      "quantity": 5
    }
  ],
  "team": [
    {
      "moveset": [
        "waterfall",
        "earthquake",
        "dragondance",
        "crunch"
      ],
      "ivs": {
        "spe": 31,
        "spd": 31,
        "spa": 31,
        "def": 31,
        "atk": 31,
        "hp": 31
      },
      "evs": {
        "spe": 252,
        "atk": 252,
        "hp": 4
      },
      "heldItem": [
        "mega_showdown:gyaradosite"
      ],
      "gimmicks": {
        "mega": true
      },
      "species": "gyarados",
      "gender": "MALE",
      "level": 70,
      "nature": "adamant",
      "ability": "intimidate"
    },
    {
      "moveset": [
        "surf",
        "sludgebomb",
        "toxicspikes",
        "thief"
      ],
      "ivs": {
        "spe": 31,
        "spd": 31,
        "spa": 31,
        "def": 31,
        "atk": 31,
        "hp": 31
      },
      "evs": {
        "spe": 4,
        "spa": 252,
        "hp": 252
      },
      "heldItem": [
        "leftovers"
      ],
      "species": "tentacruel",
      "gender": "MALE",
      "level": 70,
      "nature": "timid",
      "ability": "clearbody"
    },
    {
      "moveset": [
        "surf",
        "icebeam",
        "recover",
        "dragontail"
      ],
      "ivs": {
        "spe": 31,
        "spd": 31,
        "spa": 31,
        "def": 31,
        "atk": 31,
        "hp": 31
      },
      "evs": {
        "spe": 6,
        "spa": 252,
        "hp": 252
      },
      "heldItem": [
        "weakness_policy"
      ],
      "species": "milotic",
      "gender": "FEMALE",
      "level": 70,
      "nature": "modest",
      "ability": "marvelscale"
    },
    {
      "moveset": [
        "waterfall",
        "knockoff",
        "poisonjab",
        "earthquake"
      ],
      "ivs": {
        "spe": 31,
        "spd": 31,
        "spa": 31,
        "def": 31,
        "atk": 31,
        "hp": 31
      },
      "evs": {
        "spe": 252,
        "def": 6,
        "atk": 252
      },
      "heldItem": [
        "mega_showdown:swampertite"
      ],
      "gimmicks": {
        "mega": true
      },
      "species": "swampert",
      "gender": "MALE",
      "level": 70,
      "nature": "adamant",
      "ability": "damp"
    },
    {
      "moveset": [
        "raindance",
        "disarmingvoice",
        "energyball",
        "surf"
      ],
      "ivs": {
        "spe": 31,
        "spd": 31,
        "spa": 31,
        "def": 31,
        "atk": 31,
        "hp": 31
      },
      "evs": {
        "spa": 252,
        "def": 252,
        "hp": 4
      },
      "heldItem": [
        "focus_sash"
      ],
      "species": "ludicolo",
      "gender": "MALE",
      "level": 70,
      "nature": "timid",
      "ability": "raindish"
    },
    {
      "moveset": [
        "earthquake",
        "waterspout",
        "avalanche",
        "waterpulse"
      ],
      "ivs": {
        "spe": 31,
        "spd": 31,
        "spa": 31,
        "def": 31,
        "atk": 31,
        "hp": 31
      },
      "evs": {
        "spd": 252,
        "def": 252,
        "atk": 6
      },
      "heldItem": [
        "leftovers"
      ],
      "species": "wailord",
      "gender": "MALE",
      "level": 70,
      "nature": "calm",
      "ability": "pressure"
    }
  ],
  "battleFormat": "GEN_9_SINGLES"
}