{
  "name": {
    "literal": "Rudi"
  },
  "ai": {
    "type": "rct",
    "data": {
      "moveBias": 1,
      "switchBias": 0.5,
      "statMoveBias": 1,
      "itemBias": 0.8,
      "maxSelectMargin": 0.15
    }
  },
  "battleRules": {
    "maxItemUses": 1
  },
  "bag": [
    {
      "item": "cobblemon:full_restore",
      "quantity": 1
    }
  ],
  "team": [
    {
      "moveset": [
        "lowsweep",
        "knockoff",
        "earthquake",
        "icepunch"
      ],
      "ivs": {
        "spe": 31,
        "spd": 31,
        "spa": 31,
        "def": 31,
        "atk": 31,
        "hp": 31
      },
      "evs": {
        "spe": 252,
        "spd": 150,
        "hp": 4
      },
      "heldItem": [
        "leftovers"
      ],
      "species": "conkeldurr",
      "gender": "MALE",
      "level": 29,
      "nature": "adamant",
      "ability": "guts"
    },
    {
      "moveset": [
        "closecombat",
        "knockoff",
        "facade",
        "bulletpunch"
      ],
      "ivs": {
        "spe": 31,
        "spd": 31,
        "spa": 31,
        "def": 31,
        "atk": 31,
        "hp": 31
      },
      "evs": {
        "spe": 100,
        "atk": 100,
        "hp": 100
      },
      "heldItem": [
        "oran_berry"
      ],
      "species": "hariyama",
      "gender": "MALE",
      "level": 28,
      "nature": "adamant",
      "ability": "thickfat"
    },
    {
      "moveset": [
        "stoneedge",
        "brickbreak",
        "hornattack",
        "bulldoze"
      ],
      "ivs": {
        "spe": 31,
        "spd": 31,
        "spa": 31,
        "def": 31,
        "atk": 31,
        "hp": 31
      },
      "evs": {
        "spe": 100,
        "atk": 100,
        "hp": 6
      },
      "heldItem": [
        "mega_showdown:heracronite"
      ],
      "gimmicks": {
        "mega": true
      },
      "species": "heracross",
      "gender": "MALE",
      "level": 27,
      "nature": "adamant",
      "ability": "moxie"
    },
    {
      "moveset": [
        "stoneedge",
        "brickbreak",
        "seismictoss",
        "knockoff"
      ],
      "ivs": {
        "spe": 31,
        "spd": 31,
        "spa": 31,
        "def": 31,
        "atk": 31,
        "hp": 31
      },
      "evs": {
        "spe": 100,
        "def": 6,
        "atk": 100
      },
      "heldItem": [
        "leftovers"
      ],
      "species": "machamp",
      "gender": "FEMALE",
      "level": 30,
      "nature": "adamant",
      "ability": "guts"
    }
  ],
  "battleFormat": "GEN_9_SINGLES"
}