{
  "name": {
    "literal": "Fosco"
  },
  "ai": {
    "type": "rct",
    "data": {
      "moveBias": 1,
      "switchBias": 0.5,
      "statMoveBias": 1,
      "itemBias": 0.8,
      "maxSelectMargin": 77.15
    }
  },
  "battleRules": {
    "maxItemUses": 5
  },
  "bag": [
    {
      "item": "cobblemon:full_restore",
      "quantity": 5
    }
  ],
  "team": [
    {
      "moveset": [
        "playrough",
        "firefang",
        "psychicfangs",
        "throatchop"
      ],
      "ivs": {
        "spe": 31,
        "spd": 31,
        "spa": 31,
        "def": 31,
        "atk": 31,
        "hp": 31
      },
      "evs": {
        "spe": 6,
        "spd": 252,
        "def": 252
      },
      "heldItem": [
        "scope_lens"
      ],
      "species": "mightyena",
      "gender": "FEMALE",
      "level": 77,
      "nature": "adamant",
      "ability": "quickfeet"
    },
    {
      "moveset": [
        "extrasensory",
        "gigadrain",
        "darkpulse",
        "airslash"
      ],
      "ivs": {
        "spe": 31,
        "spd": 31,
        "spa": 31,
        "def": 31,
        "atk": 31,
        "hp": 31
      },
      "evs": {
        "spd": 252,
        "def": 252,
        "atk": 6
      },
      "heldItem": [
        "focus_sash"
      ],
      "species": "shiftry",
      "gender": "MALE",
      "level": 77,
      "nature": "quiet",
      "ability": "chlorophyll"
    },
    {
      "moveset": [
        "flamethrower",
        "extrasensory",
        "sludgebomb",
        "suckerpunch"
      ],
      "ivs": {
        "spe": 31,
        "spd": 31,
        "spa": 31,
        "def": 31,
        "atk": 31,
        "hp": 31
      },
      "evs": {
        "spd": 252,
        "def": 252,
        "hp": 6
      },
      "heldItem": [
        "choice_scarf"
      ],
      "species": "zoroark",
      "gender": "FEMALE",
      "level": 77,
      "nature": "hardy",
      "ability": "illusion"
    },
    {
      "moveset": [
        "knockoff",
        "crabhammer",
        "metalclaw",
        "sludgewave"
      ],
      "ivs": {
        "spe": 31,
        "spd": 31,
        "spa": 31,
        "def": 31,
        "atk": 31,
        "hp": 31
      },
      "evs": {
        "spd": 252,
        "spa": 252,
        "hp": 6
      },
      "heldItem": [
        "scope_lens"
      ],
      "species": "crawdaunt",
      "gender": "MALE",
      "level": 77,
      "nature": "timid",
      "ability": "shellarmor"
    },
    {
      "moveset": [
        "zenheadbutt",
        "lowsweep",
        "rocktomb",
        "dig"
      ],
      "ivs": {
        "spe": 31,
        "spd": 31,
        "spa": 31,
        "def": 31,
        "atk": 31,
        "hp": 31
      },
      "evs": {
        "spd": 252,
        "def": 252,
        "atk": 6
      },
      "heldItem": [
        "focus_sash"
      ],
      "species": "zangoose",
      "gender": "MALE",
      "level": 77,
      "nature": "timid",
      "ability": "immunity"
    },
    {
      "moveset": [
        "knockoff",
        "zenheadbutt",
        "aerialace",
        "playrough"
      ],
      "ivs": {
        "spe": 31,
        "spd": 31,
        "spa": 31,
        "def": 31,
        "atk": 31,
        "hp": 31
      },
      "evs": {
        "spe": 252,
        "atk": 252,
        "hp": 6
      },
      "heldItem": [
        "mega_showdown:absolite"
      ],
      "gimmicks": {
        "mega": true
      },
      "species": "absol",
      "gender": "MALE",
      "level": 77,
      "nature": "adamant",
      "ability": "superluck"
    }
  ],
  "battleFormat": "GEN_9_SINGLES"
}