{
  "name": {
    "literal": "Ester"
  },
  "ai": {
    "type": "rct",
    "data": {
      "moveBias": 1,
      "switchBias": 0.5,
      "statMoveBias": 1,
      "itemBias": 0.8,
      "maxSelectMargin": 0.15
    }
  },
  "battleRules": {
    "maxItemUses": 5
  },
  "bag": [
    {
      "item": "cobblemon:full_restore",
      "quantity": 5
    }
  ],
  "team": [
    {
      "moveset": [
        "phantomforce",
        "darkpulse",
        "psychic",
        "icebeam"
      ],
      "ivs": {
        "spe": 31,
        "spd": 31,
        "spa": 31,
        "def": 31,
        "atk": 31,
        "hp": 31
      },
      "evs": {
        "spe": 252,
        "spd": 6,
        "hp": 252
      },
      "heldItem": [
        "leftovers"
      ],
      "species": "dusknoir",
      "gender": "MALE",
      "level": 82,
      "nature": "timid",
      "ability": "pressure"
    },
    {
      "moveset": [
        "terablast",
        "psychic",
        "shadowball",
        "fireblast"
      ],
      "ivs": {
        "spe": 31,
        "spd": 31,
        "spa": 31,
        "def": 31,
        "atk": 31,
        "hp": 31
      },
      "evs": {
        "spe": 252,
        "def": 252,
        "hp": 6
      },
      "heldItem": [
        "focus_sash"
      ],
      "species": "chandelure",
      "gender": "FEMALE",
      "level": 82,
      "nature": "modest",
      "ability": "flamebody"
    },
    {
      "moveset": [
        "phantomforce",
        "suckerpunch",
        "facade",
        "dazzlinggleam"
      ],
      "ivs": {
        "spe": 31,
        "spd": 31,
        "spa": 31,
        "def": 31,
        "atk": 31,
        "hp": 31
      },
      "evs": {
        "spe": 252,
        "spd": 6,
        "spa": 252
      },
      "heldItem": [
        "mega_showdown:banettite"
      ],
      "gimmicks": {
        "mega": true
      },
      "species": "banette",
      "gender": "FEMALE",
      "level": 82,
      "nature": "hardy",
      "ability": "cursedbody"
    },
    {
      "moveset": [
        "airslash",
        "shadowball",
        "psychic",
        "thunderbolt"
      ],
      "ivs": {
        "spe": 31,
        "spd": 31,
        "spa": 31,
        "def": 31,
        "atk": 31,
        "hp": 31
      },
      "evs": {
        "spd": 252,
        "spa": 6,
        "def": 252
      },
      "heldItem": [
        "leftovers"
      ],
      "species": "drifblim",
      "gender": "MALE",
      "level": 82,
      "nature": "timid",
      "ability": "aftermath"
    },
    {
      "moveset": [
        "dazzlinggleam",
        "sludgewave",
        "shadowball",
        "drainpunch"
      ],
      "ivs": {
        "spe": 31,
        "spd": 31,
        "spa": 31,
        "def": 31,
        "atk": 31,
        "hp": 31
      },
      "evs": {
        "spd": 252,
        "spa": 6,
        "def": 252
      },
      "heldItem": [
        "life_orb"
      ],
      "species": "gengar",
      "gender": "MALE",
      "level": 82,
      "nature": "modest",
      "ability": "cursedbody"
    },
    {
      "moveset": [
        "woodhammer",
        "phantomforce",
        "earthquake",
        "knockoff"
      ],
      "ivs": {
        "spe": 31,
        "spd": 31,
        "spa": 31,
        "def": 31,
        "atk": 31,
        "hp": 31
      },
      "evs": {
        "spe": 252,
        "spd": 252,
        "hp": 6
      },
      "heldItem": [
        "choice_specs"
      ],
      "species": "trevenant",
      "gender": "MALE",
      "level": 82,
      "nature": "impish",
      "ability": "naturalcure",
      "shiny": "true"
    }
  ],
  "battleFormat": "GEN_9_SINGLES"
}