{
  "name": {
    "literal": "Furio"
  },
  "ai": {
    "type": "rct",
    "data": {
      "moveBias": 1,
      "switchBias": 0.5,
      "statMoveBias": 1,
      "itemBias": 0.8,
      "maxSelectMargin": 0.15
    }
  },
  "battleRules": {
    "maxItemUses": 3
  },
  "bag": [
    {
      "item": "cobblemon:full_restore",
      "quantity": 3
    }
  ],
  "team": [
    {
      "moveset": [
        "brickbreak",
        "closecombat",
        "rockslide",
        "thunderpunch"
      ],
      "ivs": {
        "spe": 31,
        "spd": 31,
        "spa": 31,
        "def": 31,
        "atk": 31,
        "hp": 31
      },
      "evs": {
        "def": 130,
        "atk": 130,
        "hp": 100
      },
      "heldItem": [
        "black_belt"
      ],
      "species": "sawk",
      "gender": "MALE",
      "level": 48,
      "nature": "adamant",
      "ability": "sturdy"
    },
    {
      "moveset": [
        "vitalthrow",
        "icepunch",
        "fling",
        "stompingtantrum"
      ],
      "ivs": {
        "spe": 31,
        "spd": 31,
        "spa": 31,
        "def": 31,
        "atk": 31,
        "hp": 31
      },
      "evs": {
        "spd": 120,
        "def": 130,
        "atk": 120
      },
      "heldItem": [
        "iron_ball"
      ],
      "species": "throh",
      "gender": "MALE",
      "level": 48,
      "nature": "brave",
      "ability": "guts"
    },
    {
      "moveset": [
        "forcepalm",
        "rocktomb",
        "earthquake",
        "closecombat"
      ],
      "ivs": {
        "spe": 31,
        "spd": 31,
        "spa": 31,
        "def": 31,
        "atk": 31,
        "hp": 31
      },
      "evs": {
        "spd": 130,
        "atk": 140,
        "hp": 120
      },
      "heldItem": [
        "leftovers"
      ],
      "species": "hariyama",
      "gender": "MALE",
      "level": 49,
      "nature": "adamant",
      "ability": "thickfat"
    },
    {
      "moveset": [
        "seismictoss",
        "thief",
        "brickbreak",
        "thunderbolt"
      ],
      "ivs": {
        "spe": 31,
        "spd": 31,
        "spa": 31,
        "def": 31,
        "atk": 31,
        "hp": 31
      },
      "evs": {
        "spe": 150,
        "spd": 120,
        "atk": 150
      },
      "heldItem": [
        "choice_band"
      ],
      "species": "primeape",
      "gender": "MALE",
      "level": 48,
      "nature": "adamant",
      "ability": "defiant"
    },
    {
      "moveset": [
        "drainpunch",
        "surf",
        "poisonjab",
        "rocktomb"
      ],
      "ivs": {
        "spe": 31,
        "spd": 31,
        "spa": 31,
        "def": 31,
        "atk": 31,
        "hp": 31
      },
      "evs": {
        "spe": 100,
        "def": 100,
        "atk": 200
      },
      "heldItem": [
        "assault_vest"
      ],
      "species": "poliwrath",
      "gender": "MALE",
      "level": 50,
      "nature": "adamant",
      "ability": "waterabsorb"
    }
  ],
  "battleFormat": "GEN_9_SINGLES"
}