{
  "name": {
    "literal": "Alfredo"
  },
  "ai": {
    "type": "rct",
    "data": {
      "moveBias": 1,
      "switchBias": 0.5,
      "statMoveBias": 1,
      "itemBias": 0.8,
      "maxSelectMargin": 0.15
    }
  },
  "battleRules": {
    "maxItemUses": 4
  },
  "bag": [
    {
      "item": "cobblemon:full_restore",
      "quantity": 4
    }
  ],
  "team": [
    {
      "moveset": [
        "earthquake",
        "stoneedge",
        "icefang",
        "avalanche"
      ],
      "ivs": {
        "spe": 31,
        "spd": 31,
        "spa": 31,
        "def": 31,
        "atk": 31,
        "hp": 31
      },
      "evs": {
        "spe": 252,
        "atk": 252,
        "hp": 4
      },
      "heldItem": [
        "shell_bell"
      ],
      "species": "mamoswine",
      "gender": "MALE",
      "level": 64,
      "nature": "jolly",
      "ability": "thickfat"
    },
    {
      "moveset": [
        "avalanche",
        "iciclecrash",
        "weatherball",
        "astonish"
      ],
      "ivs": {
        "spe": 31,
        "spd": 31,
        "spa": 31,
        "def": 31,
        "atk": 31,
        "hp": 31
      },
      "evs": {
        "spd": 4,
        "def": 252,
        "hp": 252
      },
      "heldItem": [
        "focus_sash"
      ],
      "species": "vanilluxe",
      "gender": "MALE",
      "level": 64,
      "nature": "modest",
      "ability": "snowwarning"
    },
    {
      "moveset": [
        "icefang",
        "stompingtantrum",
        "surf",
        "hail"
      ],
      "ivs": {
        "spe": 31,
        "spd": 31,
        "spa": 31,
        "def": 31,
        "atk": 31,
        "hp": 31
      },
      "evs": {
        "spd": 252,
        "spa": 252,
        "atk": 4
      },
      "heldItem": [
        "shell_bell"
      ],
      "species": "avalugg",
      "gender": "MALE",
      "level": 63,
      "nature": "brave",
      "ability": "icebody"
    },
    {
      "moveset": [
        "hail",
        "waterpulse",
        "blizzard",
        "irontail"
      ],
      "ivs": {
        "spe": 31,
        "spd": 31,
        "spa": 31,
        "def": 31,
        "atk": 31,
        "hp": 31
      },
      "evs": {
        "spa": 252,
        "def": 252,
        "hp": 4
      },
      "heldItem": [
        "focus_sash"
      ],
      "species": "dewgong",
      "gender": "MALE",
      "level": 65,
      "nature": "modest",
      "ability": "icebody"
    },
    {
      "moveset": [
        "shadowball",
        "drainpunch",
        "psychic",
        "icebeam"
      ],
      "ivs": {
        "spe": 31,
        "spd": 31,
        "spa": 31,
        "def": 31,
        "atk": 31,
        "hp": 31
      },
      "evs": {
        "spe": 4,
        "spa": 252,
        "hp": 252
      },
      "heldItem": [
        "shell_bell"
      ],
      "species": "jynx",
      "gender": "FEMALE",
      "level": 64,
      "nature": "adamant",
      "ability": "levitate"
    }
  ],
  "battleFormat": "GEN_9_SINGLES"
}