{
  "name": {
    "literal": "Raffaello"
  },
  "ai": {
    "type": "rct",
    "data": {
      "moveBias": 1,
      "switchBias": 0.5,
      "statMoveBias": 1,
      "itemBias": 0.8,
      "maxSelectMargin": 0.15
    }
  },
  "battleRules": {
    "maxItemUses": 1
  },
  "bag": [
    {
      "item": "cobblemon:full_restore",
      "quantity": 1
    }
  ],
  "team": [
    {
      "moveset": [
        "psybeam",
        "stunspore",
        "quickattack",
        "bugbuzz"
      ],
      "ivs": {
        "spe": 31,
        "spd": 31,
        "spa": 31,
        "def": 31,
        "atk": 31,
        "hp": 31
      },
      "evs": {
        "spe": 100,
        "spd": 6,
        "spa": 100
      },
      "heldItem": [
        "focus_sash"
      ],
      "species": "butterfree",
      "gender": "FEMALE",
      "level": 29,
      "nature": "modest",
      "ability": "compoundeyes"
    },
    {
      "moveset": [
        "venoshock",
        "gigadrain",
        "furycutter",
        "endure"
      ],
      "ivs": {
        "spe": 31,
        "spd": 31,
        "spa": 31,
        "def": 31,
        "atk": 31,
        "hp": 31
      },
      "evs": {
        "spe": 100,
        "atk": 100,
        "hp": 6
      },
      "heldItem": [
        "oran_berry"
      ],
      "species": "beedrill",
      "gender": "MALE",
      "level": 28,
      "nature": "jolly",
      "ability": "sniper"
    },
    {
      "moveset": [
        "stoneedge",
        "focuspunch",
        "hornattack",
        "bulldoze"
      ],
      "ivs": {
        "spe": 31,
        "spd": 31,
        "spa": 31,
        "def": 31,
        "atk": 31,
        "hp": 31
      },
      "evs": {
        "spe": 100,
        "atk": 100,
        "hp": 6
      },
      "heldItem": [
        "leftovers"
      ],
      "species": "heracross",
      "gender": "MALE",
      "level": 27,
      "nature": "adamant",
      "ability": "unnerve"
    },
    {
      "moveset": [
        "aerialace",
        "xscissor",
        "thief",
        "brickbreak"
      ],
      "ivs": {
        "spe": 31,
        "spd": 31,
        "spa": 31,
        "def": 31,
        "atk": 31,
        "hp": 31
      },
      "evs": {
        "spe": 100,
        "def": 6,
        "atk": 100
      },
      "heldItem": [
        "choice_band"
      ],
      "species": "scyther",
      "gender": "FEMALE",
      "level": 30,
      "nature": "adamant",
      "ability": "swarm"
    }
  ],
  "battleFormat": "GEN_9_SINGLES"
}