{
  "name": {
    "literal": "Jasmine"
  },
  "ai": {
    "type": "rct",
    "data": {
      "moveBias": 1,
      "switchBias": 0.5,
      "statMoveBias": 1,
      "itemBias": 0.8,
      "maxSelectMargin": 0.15
    }
  },
  "battleRules": {
    "maxItemUses": 3
  },
  "bag": [
    {
      "item": "cobblemon:full_restore",
      "quantity": 3
    }
  ],
  "team": [
    {
      "moveset": [
        "rockslide",
        "psychic",
        "grassknot",
        "ironhead"
      ],
      "ivs": {
        "spe": 31,
        "spd": 31,
        "spa": 31,
        "def": 31,
        "atk": 31,
        "hp": 31
      },
      "evs": {
        "def": 252,
        "atk": 4,
        "hp": 252
      },
      "heldItem": [
        "rocky_helmet"
      ],
      "species": "bronzong",
      "gender": "MALE",
      "level": 59,
      "nature": "bold",
      "ability": "heatproof"
    },
    {
      "moveset": [
        "flashcannon",
        "earthquake",
        "darkpulse",
        "icefang"
      ],
      "ivs": {
        "spe": 31,
        "spd": 31,
        "spa": 31,
        "def": 31,
        "atk": 31,
        "hp": 31
      },
      "evs": {
        "spd": 4,
        "atk": 252,
        "hp": 252
      },
      "heldItem": [
        "leftovers"
      ],
      "species": "steelix",
      "gender": "MALE",
      "level": 60,
      "nature": "brave",
      "ability": "sturdy"
    },
    {
      "moveset": [
        "meteormash",
        "zenheadbutt",
        "rockslide",
        "earthquake"
      ],
      "ivs": {
        "spe": 31,
        "spd": 31,
        "spa": 31,
        "def": 31,
        "atk": 31,
        "hp": 31
      },
      "evs": {
        "spd": 4,
        "def": 252,
        "hp": 252
      },
      "heldItem": [
        "leftovers"
      ],
      "species": "metagross",
      "gender": "MALE",
      "level": 58,
      "nature": "calm",
      "ability": "clearbody"
    },
    {
      "moveset": [
        "rocktomb",
        "steelwing",
        "darkpulse",
        "aerialace"
      ],
      "ivs": {
        "spe": 31,
        "spd": 31,
        "spa": 31,
        "def": 31,
        "atk": 31,
        "hp": 31
      },
      "evs": {
        "spd": 252,
        "atk": 252,
        "hp": 4
      },
      "heldItem": [
        "choice_band"
      ],
      "species": "skarmory",
      "gender": "MALE",
      "level": 58,
      "nature": "adamant",
      "ability": "sturdy"
    },
    {
      "moveset": [
        "thunderbolt",
        "flashcannon",
        "thunderwave",
        "shockwave"
      ],
      "ivs": {
        "spe": 31,
        "spd": 31,
        "spa": 31,
        "def": 31,
        "atk": 31,
        "hp": 31
      },
      "evs": {
        "spe": 4,
        "spa": 252,
        "hp": 252
      },
      "heldItem": [
        "shell_bell"
      ],
      "species": "magnezone",
      "gender": "MALE",
      "level": 59,
      "nature": "adamant",
      "ability": "levitate"
    }
  ],
  "battleFormat": "GEN_9_SINGLES"
}