{
  "name": {
    "literal": "Angelo"
  },
  "ai": {
    "type": "rct",
    "data": {
      "moveBias": 1,
      "switchBias": 0.5,
      "statMoveBias": 1,
      "itemBias": 0.8,
      "maxSelectMargin": 0.15
    }
  },
  "battleRules": {
    "maxItemUses": 3
  },
  "bag": [
    {
      "item": "cobblemon:full_restore",
      "quantity": 3
    }
  ],
  "team": [
    {
      "moveset": [
        "brickbreak",
        "shadowpunch",
        "rocktomb",
        "thunderpunch"
      ],
      "ivs": {
        "spe": 31,
        "spd": 31,
        "spa": 31,
        "def": 31,
        "atk": 31,
        "hp": 31
      },
      "evs": {
        "def": 120,
        "atk": 100,
        "hp": 120
      },
      "heldItem": [
        "spell_tag"
      ],
      "species": "dusknoir",
      "gender": "MALE",
      "level": 43,
      "nature": "hardy",
      "ability": "pressure"
    },
    {
      "moveset": [
        "disarmingvoice",
        "waterpulse",
        "shadowball",
        "icebeam"
      ],
      "ivs": {
        "spe": 31,
        "spd": 31,
        "spa": 31,
        "def": 31,
        "atk": 31,
        "hp": 31
      },
      "evs": {
        "spe": 120,
        "atk": 120,
        "hp": 10
      },
      "heldItem": [
        "focus_sash"
      ],
      "species": "sableye",
      "gender": "MALE",
      "level": 43,
      "nature": "brave",
      "ability": "keeneye"
    },
    {
      "moveset": [
        "focusblast",
        "toxic",
        "shadowball",
        "gigadrain"
      ],
      "ivs": {
        "spe": 31,
        "spd": 31,
        "spa": 31,
        "def": 31,
        "atk": 31,
        "hp": 31
      },
      "evs": {
        "spd": 100,
        "spa": 130,
        "atk": 130
      },
      "heldItem": [
        "life_orb"
      ],
      "species": "gengar",
      "gender": "MALE",
      "level": 45,
      "nature": "timid",
      "ability": "levitate"
    },
    {
      "moveset": [
        "phantomforce",
        "psychic",
        "mysticalfire",
        "dazzlinggleam"
      ],
      "ivs": {
        "spe": 31,
        "spd": 31,
        "spa": 31,
        "def": 31,
        "atk": 31,
        "hp": 31
      },
      "evs": {
        "spe": 100,
        "spd": 100,
        "spa": 100,
        "hp": 100
      },
      "heldItem": [
        "spell_tag"
      ],
      "species": "mismagius",
      "gender": "FEMALE",
      "level": 44,
      "nature": "modest",
      "ability": "levitate"
    },
    {
      "moveset": [
        "focuspunch",
        "shadowpunch",
        "firepunch",
        "highhorsepower"
      ],
      "ivs": {
        "spe": 31,
        "spd": 31,
        "spa": 31,
        "def": 31,
        "atk": 31,
        "hp": 31
      },
      "evs": {
        "spe": 130,
        "def": 130,
        "atk": 180
      },
      "heldItem": [
        "colbur_berry"
      ],
      "species": "golurk",
      "gender": "MALE",
      "level": 44,
      "nature": "modest",
      "ability": "ironfist"
    }
  ],
  "battleFormat": "GEN_9_SINGLES"
}