{
  "name": {
    "literal": "Bruno"
  },
  "ai": {
    "type": "rct",
    "data": {
      "moveBias": 1,
      "switchBias": 0.5,
      "statMoveBias": 1,
      "itemBias": 0.8,
      "maxSelectMargin": 0.15
    }
  },
  "battleRules": {
    "maxItemUses": 4
  },
  "bag": [
    {
      "item": "cobblemon:full_restore",
      "quantity": 4
    }
  ],
  "team": [
    {
      "moveset": [
        "throatchop",
        "ironhead",
        "rockslide",
        "forcepalm"
      ],
      "ivs": {
        "spe": 31,
        "spd": 31,
        "spa": 31,
        "def": 31,
        "atk": 31,
        "hp": 31
      },
      "evs": {
        "spe": 252,
        "atk": 252,
        "hp": 6
      },
      "heldItem": [
        "punching_glove"
      ],
      "species": "hariyama",
      "gender": "MALE",
      "level": 80,
      "nature": "adamant",
      "ability": "thickfat"
    },
    {
      "moveset": [
        "knockoff",
        "thunderpunch",
        "poisonjab",
        "earthquake"
      ],
      "ivs": {
        "spe": 31,
        "spd": 31,
        "spa": 31,
        "def": 31,
        "atk": 31,
        "hp": 31
      },
      "evs": {
        "spe": 252,
        "atk": 252,
        "hp": 6
      },
      "heldItem": [
        "shell_bell"
      ],
      "species": "machamp",
      "gender": "MALE",
      "level": 80,
      "nature": "jolly",
      "ability": "guts"
    },
    {
      "moveset": [
        "icespinner",
        "suckerpunch",
        "gyroball",
        "brickbreak"
      ],
      "ivs": {
        "spe": 31,
        "spd": 31,
        "spa": 31,
        "def": 31,
        "atk": 31,
        "hp": 31
      },
      "evs": {
        "spe": 252,
        "atk": 252,
        "hp": 6
      },
      "heldItem": [
        "leftovers"
      ],
      "species": "hitmontop",
      "gender": "FEMALE",
      "level": 80,
      "nature": "adamant",
      "ability": "steadfast"
    },
    {
      "moveset": [
        "lowkick",
        "icepunch",
        "trailblaze",
        "knockoff"
      ],
      "ivs": {
        "spe": 31,
        "spd": 31,
        "spa": 31,
        "def": 31,
        "atk": 31,
        "hp": 31
      },
      "evs": {
        "spd": 252,
        "hp": 252
      },
      "heldItem": [
        "shell_bell"
      ],
      "species": "hitmonchan",
      "gender": "MALE",
      "level": 80,
      "nature": "impish",
      "ability": "innerfocus"
    },
    {
      "moveset": [
        "throatchop",
        "highjumpkick",
        "blazekick",
        "reversal"
      ],
      "ivs": {
        "spe": 31,
        "spd": 31,
        "spa": 31,
        "def": 31,
        "atk": 31,
        "hp": 31
      },
      "evs": {
        "spe": 252,
        "atk": 252,
        "hp": 6
      },
      "heldItem": [
        "wide_lens"
      ],
      "species": "hitmonlee",
      "gender": "MALE",
      "level": 80,
      "nature": "jolly",
      "ability": "limber"
    },
    {
      "moveset": [
        "waterpulse",
        "flashcannon",
        "shadowball",
        "aurasphere"
      ],
      "ivs": {
        "spe": 31,
        "spd": 31,
        "spa": 31,
        "def": 31,
        "atk": 31,
        "hp": 31
      },
      "evs": {
        "spe": 252,
        "spa": 252,
        "hp": 6
      },
      "heldItem": [
        "scope_lens"
      ],
      "species": "lucario",
      "gender": "MALE",
      "level": 80,
      "nature": "timid",
      "ability": "innerfocus"
    }
  ],
  "battleFormat": "GEN_9_SINGLES"
}