{
  "name": {
    "literal": "Lance"
  },
  "ai": {
    "type": "rct",
    "data": {
      "moveBias": 1,
      "switchBias": 0.5,
      "statMoveBias": 1,
      "itemBias": 0.8,
      "maxSelectMargin": 0.15
    }
  },
  "battleRules": {
    "maxItemUses": 4
  },
  "bag": [
    {
      "item": "cobblemon:full_restore",
      "quantity": 4
    }
  ],
  "team": [
    {
      "moveset": [
        "ironhead",
        "dragonpulse",
        "flamethrower",
        "bulldoze"
      ],
      "ivs": {
        "spe": 31,
        "spd": 31,
        "spa": 31,
        "def": 31,
        "atk": 31,
        "hp": 31
      },
      "evs": {
        "spe": 252,
        "atk": 252,
        "hp": 6
      },
      "heldItem": [
        "expert_belt"
      ],
      "species": "aerodactyl",
      "gender": "MALE",
      "level": 90,
      "nature": "mild",
      "ability": "pressure"
    },
    {
      "moveset": [
        "temperflare",
        "earthquake",
        "waterfall",
        "thunder"
      ],
      "ivs": {
        "spe": 31,
        "spd": 31,
        "spa": 31,
        "def": 31,
        "atk": 31,
        "hp": 31
      },
      "evs": {
        "spe": 252,
        "atk": 252,
        "hp": 6
      },
      "heldItem": [
        "focus_sash"
      ],
      "species": "gyarados",
      "gender": "MALE",
      "level": 90,
      "nature": "adamant",
      "ability": "moxie",
      "shiny": "true"
    },
    {
      "moveset": [
        "zenheadbutt",
        "earthquake",
        "outrage",
        "bodypress"
      ],
      "ivs": {
        "spe": 31,
        "spd": 31,
        "spa": 31,
        "def": 31,
        "atk": 31,
        "hp": 31
      },
      "evs": {
        "spe": 6,
        "atk": 252,
        "hp": 252
      },
      "heldItem": [
        "destiny_knot"
      ],
      "species": "baxcalibur",
      "gender": "MALE",
      "level": 90,
      "nature": "adamant",
      "ability": "thermalexchange"
    },
    {
      "moveset": [
        "ironhead",
        "thunderfang",
        "dragonclaw",
        "earthquake"
      ],
      "ivs": {
        "spe": 31,
        "spd": 31,
        "spa": 31,
        "def": 31,
        "atk": 31,
        "hp": 31
      },
      "evs": {
        "spe": 252,
        "atk": 252,
        "hp": 6
      },
      "heldItem": [
        "focus_sash"
      ],
      "species": "salamence",
      "gender": "MALE",
      "level": 90,
      "nature": "adamant",
      "ability": "moxie"
    },
    {
      "moveset": [
        "ironhead",
        "flamethrower",
        "icebeam",
        "dragonclaw"
      ],
      "ivs": {
        "spe": 31,
        "spd": 31,
        "spa": 31,
        "def": 31,
        "atk": 31,
        "hp": 31
      },
      "evs": {
        "spd": 252,
        "hp": 252
      },
      "heldItem": [
        "expert_belt"
      ],
      "species": "dragonite",
      "gender": "MALE",
      "level": 90,
      "nature": "calm",
      "ability": "multiscale"
    },
    {
      "moveset": [
        "brutalswing",
        "rockslide",
        "earthquake",
        "firefang"
      ],
      "ivs": {
        "spe": 31,
        "spd": 31,
        "spa": 31,
        "def": 31,
        "atk": 31,
        "hp": 31
      },
      "evs": {
        "spe": 252,
        "atk": 252
      },
      "heldItem": [
        "shell_bell"
      ],
      "species": "tyrantrum",
      "gender": "FEMALE",
      "level": 90,
      "nature": "sassy",
      "ability": "rockhead"
    }
  ],
  "battleFormat": "GEN_9_SINGLES"
}