{
  "name": {
    "literal": "Agatha"
  },
  "ai": {
    "type": "rct",
    "data": {
      "moveBias": 1,
      "switchBias": 0.5,
      "statMoveBias": 1,
      "itemBias": 0.8,
      "maxSelectMargin": 0.15
    }
  },
  "battleRules": {
    "maxItemUses": 4
  },
  "bag": [
    {
      "item": "cobblemon:full_restore",
      "quantity": 4
    }
  ],
  "team": [
    {
      "moveset": [
        "suckerpunch",
        "shadowball",
        "dazzlinggleam",
        "gunkshot"
      ],
      "ivs": {
        "spe": 31,
        "spd": 31,
        "spa": 31,
        "def": 31,
        "atk": 31,
        "hp": 31
      },
      "evs": {
        "spe": 252,
        "spa": 252,
        "hp": 6
      },
      "heldItem": [
        "wise_glasses"
      ],
      "species": "banette",
      "gender": "FEMALE",
      "level": 85,
      "nature": "quiet",
      "ability": "insomnia"
    },
    {
      "moveset": [
        "shadowball",
        "hiddenpower",
        "rocktomb",
        "psyshock"
      ],
      "ivs": {
        "spe": 31,
        "spd": 31,
        "spa": 31,
        "def": 31,
        "atk": 31,
        "hp": 31
      },
      "evs": {
        "spe": 252,
        "spa": 252,
        "hp": 6
      },
      "heldItem": [
        "black_glasses"
      ],
      "species": "spiritomb",
      "gender": "GENDERLESS",
      "level": 85,
      "nature": "timid",
      "ability": "infiltrator"
    },
    {
      "moveset": [
        "darkpulse",
        "leechlife",
        "shadowball",
        "destinybond"
      ],
      "ivs": {
        "spe": 31,
        "spd": 31,
        "spa": 31,
        "def": 31,
        "atk": 31,
        "hp": 31
      },
      "evs": {
        "spe": 252,
        "spa": 252,
        "hp": 6
      },
      "heldItem": [
        "leftovers"
      ],
      "species": "dusknoir",
      "gender": "MALE",
      "level": 85,
      "nature": "rash",
      "ability": "pressure"
    },
    {
      "moveset": [
        "dazzlinggleam",
        "psybeam",
        "phantomforce",
        "darkpulse"
      ],
      "ivs": {
        "spe": 31,
        "spd": 31,
        "spa": 31,
        "def": 31,
        "atk": 31,
        "hp": 31
      },
      "evs": {
        "spe": 252,
        "spa": 252,
        "hp": 6
      },
      "heldItem": [
        "leftovers"
      ],
      "species": "fluttermane",
      "gender": "FEMALE",
      "level": 85,
      "nature": "adamant",
      "ability": "protosynthesis"
    },
    {
      "moveset": [
        "playrough",
        "phantomforce",
        "bulldoze",
        "psychicfangs"
      ],
      "ivs": {
        "spe": 31,
        "spd": 31,
        "spa": 31,
        "def": 31,
        "atk": 31,
        "hp": 31
      },
      "evs": {
        "spe": 252,
        "atk": 252,
        "hp": 6
      },
      "heldItem": [
        "focus_sash"
      ],
      "species": "houndstone",
      "gender": "MALE",
      "level": 85,
      "nature": "jolly",
      "ability": "technician"
    },
    {
      "moveset": [
        "shadowball",
        "sludgewave",
        "nastyplot",
        "thunderbolt"
      ],
      "ivs": {
        "spe": 31,
        "spd": 31,
        "spa": 31,
        "def": 31,
        "atk": 31,
        "hp": 31
      },
      "evs": {
        "spe": 252,
        "spa": 252,
        "hp": 6
      },
      "heldItem": [
        "expert_belt"
      ],
      "species": "gengar",
      "gender": "MALE",
      "level": 85,
      "nature": "timid",
      "ability": "levitate"
    }
  ],
  "battleFormat": "GEN_9_SINGLES"
}