{
  "name": {
    "literal": "Blue"
  },
  "ai": {
    "type": "rct",
    "data": {
      "moveBias": 1,
      "switchBias": 0.5,
      "statMoveBias": 1,
      "itemBias": 0.8,
      "maxSelectMargin": 0.15
    }
  },
  "battleRules": {
    "maxItemUses": 6
  },
  "bag": [
    {
      "item": "cobblemon:full_restore",
      "quantity": 6
    }
  ],
  "team": [
    {
      "moveset": [
        "discharge",
        "aircutter",
        "thunderbolt",
        "ancientpower"
      ],
      "ivs": {
        "spe": 31,
        "spd": 31,
        "spa": 31,
        "def": 31,
        "atk": 31,
        "hp": 31
      },
      "evs": {
        "spe": 252,
        "atk": 252,
        "hp": 6
      },
      "heldItem": [
        "leftovers"
      ],
      "species": "zapdos",
      "gender": "GENDERLESS",
      "level": 100,
      "nature": "mild",
      "ability": "static"
    },
    {
      "moveset": [
        "ancientpower",
        "aerialace",
        "waterpulse",
        "icebeam"
      ],
      "ivs": {
        "spe": 31,
        "spd": 31,
        "spa": 31,
        "def": 31,
        "atk": 31,
        "hp": 31
      },
      "evs": {
        "spe": 252,
        "atk": 252,
        "hp": 6
      },
      "heldItem": [
        "choice_specs"
      ],
      "species": "articuno",
      "gender": "GENDERLESS",
      "level": 100,
      "nature": "jolly",
      "ability": "pressure"
    },
    {
      "moveset": [
        "scorchingsands",
        "flamethrower",
        "aerialace",
        "bravebird"
      ],
      "ivs": {
        "spe": 31,
        "spd": 31,
        "spa": 31,
        "def": 31,
        "atk": 31,
        "hp": 31
      },
      "evs": {
        "spe": 252,
        "atk": 252,
        "hp": 6
      },
      "heldItem": [
        "leftovers"
      ],
      "species": "moltres",
      "gender": "GENDERLESS",
      "level": 100,
      "nature": "modest",
      "ability": "flamebody"
    },
    {
      "moveset": [
        "pollenpuff",
        "crunch",
        "temperflare",
        "psychicnoise"
      ],
      "ivs": {
        "spe": 31,
        "spd": 31,
        "spa": 31,
        "def": 31,
        "atk": 31,
        "hp": 31
      },
      "evs": {
        "spe": 252,
        "atk": 252,
        "hp": 6
      },
      "heldItem": [
        "air_balloon"
      ],
      "species": "mew",
      "gender": "GENDERLESS",
      "level": 100,
      "nature": "jolly",
      "ability": "synchronize"
    },
    {
      "moveset": [
        "sludgebomb",
        "earthpower",
        "energyball",
        "gigadrain"
      ],
      "ivs": {
        "spe": 31,
        "spd": 31,
        "spa": 31,
        "def": 31,
        "atk": 31,
        "hp": 31
      },
      "evs": {
        "spe": 252,
        "spa": 252,
        "hp": 6
      },
      "heldItem": [
        "shell_bell"
      ],
      "species": "venusaur",
      "gender": "GENDERLESS",
      "level": 100,
      "nature": "jolly",
      "ability": "overgrow"
    },
    {
      "moveset": [
        "transform"
      ],
      "ivs": {
        "spe": 31,
        "spd": 31,
        "spa": 31,
        "def": 31,
        "atk": 31,
        "hp": 31
      },
      "evs": {
        "spe": 252,
        "atk": 4,
        "hp": 252
      },
      "heldItem": [
        "choice_scarf"
      ],
      "species": "ditto",
      "gender": "GENDERLESS",
      "level": 100,
      "nature": "jolly",
      "ability": "imposter"
    }
  ],
  "battleFormat": "GEN_9_SINGLES"
}