{
  "name": {
    "literal": "RickAlly"
  },
  "ai": {
    "type": "rct",
    "data": {
      "moveBias": 1,
      "switchBias": 0.5,
      "statMoveBias": 1,
      "itemBias": 0.8,
      "maxSelectMargin": 0.15
    }
  },
  "battleRules": {},
  "team": [
    {
      "moveset": [
        "magicalleaf",
        "leaftornado",
        "megadrain",
        "tackle"
      ],
      "ivs": {
        "spe": 12,
        "spd": 12,
        "spa": 12,
        "def": 12,
        "atk": 12,
        "hp": 12
      },
      "species": "serperior",
      "gender": "MALE",
      "level": 36,
      "nature": "bashful",
      "ability": "overgrow"
    },
    {
      "moveset": [
        "dig",
        "crunch",
        "foulplay",
        "retaliate"
      ],
      "ivs": {
        "spe": 12,
        "spd": 12,
        "spa": 12,
        "def": 12,
        "atk": 12,
        "hp": 12
      },
      "species": "krookodile",
      "gender": "MALE",
      "level": 36,
      "nature": "impish",
      "ability": "moxie"
    },
    {
      "moveset": [
        "thundershock",
        "spark",
        "bite",
        "voltswitch"
      ],
      "ivs": {
        "spe": 12,
        "spd": 12,
        "spa": 12,
        "def": 12,
        "atk": 12,
        "hp": 12
      },
      "species": "luxray",
      "gender": "MALE",
      "level": 37,
      "nature": "lonely",
      "ability": "intimidate"
    }
  ],
  "battleFormat": "GEN_9_SINGLES"
}