{
  "name": {
    "literal": "Edo_Leone"
  },
  "ai": {
    "type": "rct",
    "data": {
      "moveBias": 1,
      "switchBias": 0.5,
      "statMoveBias": 1,
      "itemBias": 0.8,
      "maxSelectMargin": 0.15
    }
  },
  "battleRules": {
    "maxItemUses": 2
  },
  "bag": [
    {
      "item": "cobblemon:hyper_potion",
      "quantity": 2
    }
  ],
  "team": [
    {
      "moveset": [
        "firstimpression",
        "brickbreak",
        "furycutter",
        "leer"
      ],
      "ivs": {
        "spe": 31,
        "spd": 31,
        "spa": 31,
        "def": 31,
        "atk": 31,
        "hp": 31
      },
      "evs": {
        "spe": 6,
        "spa": 252,
        "hp": 252
      },
      "heldItem": [
        "medicinal_leek"
      ],
      "species": "sirfetchd",
      "gender": "MALE",
      "level": 50,
      "nature": "modest",
      "ability": "steadfast"
    },
    {
      "moveset": [
        "rest",
        "tackle",
        "rollout",
        "bodyslam"
      ],
      "ivs": {
        "spe": 31,
        "spd": 31,
        "spa": 31,
        "def": 31,
        "atk": 31,
        "hp": 31
      },
      "evs": {
        "spe": 40,
        "hp": 4
      },
      "heldItem": [
        "chesto_berry"
      ],
      "species": "snorlax",
      "gender": "MALE",
      "level": 48,
      "nature": "naughty",
      "ability": "immunity"
    }
  ],
  "battleFormat": "GEN_9_SINGLES"
}