{
  "name": {
    "literal": "Ash"
  },
  "ai": {
    "type": "rct",
    "data": {
      "moveBias": 1,
      "switchBias": 0.5,
      "statMoveBias": 1,
      "itemBias": 0.8,
      "maxSelectMargin": 0.15
    }
  },
  "battleRules": {
    "maxItemUses": 2
  },
  "bag": [
    {
      "item": "cobblemon:full_restore",
      "quantity": 2
    }
  ],
  "team": [
    {
      "moveset": [
        "flamethrower",
        "rocktomb",
        "firepunch",
        "dragonclaw"
      ],
      "ivs": {
        "spe": 31,
        "spd": 31,
        "spa": 31,
        "def": 31,
        "atk": 31,
        "hp": 31
      },
      "evs": {
        "spa": 252,
        "atk": 252,
        "hp": 6
      },
      "heldItem": [
        "leftovers"
      ],
      "species": "charizard",
      "gender": "MALE",
      "level": 36,
      "nature": "brave",
      "ability": "blaze"
    },
    {
      "moveset": [
        "volttackle",
        "thunderbolt",
        "irontail",
        "quickattack"
      ],
      "ivs": {
        "spe": 31,
        "spd": 31,
        "spa": 31,
        "def": 31,
        "atk": 31,
        "hp": 31
      },
      "evs": {
        "spe": 252,
        "spa": 252,
        "hp": 6
      },
      "heldItem": [
        "light_ball"
      ],
      "species": "pikachu",
      "gender": "MALE",
      "level": 40,
      "nature": "timid",
      "ability": "static"
    },
    {
      "moveset": [
        "venoshock",
        "razorleaf",
        "magicalleaf",
        "knockoff"
      ],
      "ivs": {
        "spe": 31,
        "spd": 31,
        "spa": 31,
        "def": 31,
        "atk": 31,
        "hp": 31
      },
      "evs": {
        "spa": 252,
        "atk": 252,
        "hp": 6
      },
      "heldItem": [
        "shell_bell"
      ],
      "species": "venusaur",
      "gender": "MALE",
      "level": 36,
      "nature": "calm",
      "ability": "chlorophyll"
    }
  ],
  "battleFormat": "GEN_9_SINGLES"
}