{
  "name": {
    "literal": "Red"
  },
  "ai": {
    "type": "rct",
    "data": {
      "moveBias": 1,
      "switchBias": 0.5,
      "statMoveBias": 1,
      "itemBias": 0.8,
      "maxSelectMargin": 0.15
    }
  },
  "battleRules": {
    "maxItemUses": 5
  },
  "bag": [
    {
      "item": "cobblemon:full_restore",
      "quantity": 5
    }
  ],
  "team": [
    {
      "moveset": [
        "gigadrain",
        "earthpower",
        "sludgebomb",
        "protect"
      ],
      "ivs": {
        "spe": 31,
        "spd": 31,
        "spa": 31,
        "def": 31,
        "atk": 31,
        "hp": 31
      },
      "evs": {
        "spe": 252,
        "spd": 252,
        "def": 6
      },
      "heldItem": [
        "life_orb"
      ],
      "species": "venusaur",
      "gender": "MALE",
      "level": 100,
      "nature": "mild",
      "ability": "chlorophyll"
    },
    {
      "moveset": [
        "thunderpunch",
        "metalclaw",
        "sunnyday",
        "solarbeam"
      ],
      "ivs": {
        "spe": 31,
        "spd": 31,
        "spa": 31,
        "def": 31,
        "atk": 31,
        "hp": 31
      },
      "evs": {
        "spe": 252,
        "atk": 252,
        "hp": 6
      },
      "heldItem": [
        "focus_sash"
      ],
      "species": "charizard",
      "gender": "MALE",
      "level": 100,
      "nature": "timid",
      "ability": "blaze"
    },
    {
      "moveset": [
        "surf",
        "icebeam",
        "aurasphere",
        "bravebird"
      ],
      "ivs": {
        "spe": 31,
        "spd": 31,
        "spa": 31,
        "def": 31,
        "atk": 31,
        "hp": 31
      },
      "evs": {
        "spe": 252,
        "spd": 6,
        "atk": 252
      },
      "heldItem": [
        "leftovers"
      ],
      "species": "blastoise",
      "gender": "MALE",
      "level": 100,
      "nature": "modest",
      "ability": "torrent"
    },
    {
      "moveset": [
        "thunderbolt",
        "dig",
        "surf",
        "playrough"
      ],
      "ivs": {
        "spe": 31,
        "spd": 31,
        "spa": 31,
        "def": 31,
        "atk": 31,
        "hp": 31
      },
      "evs": {
        "spd": 252,
        "spa": 252,
        "hp": 6
      },
      "heldItem": [
        "air_balloon"
      ],
      "species": "pikachu",
      "gender": "MALE",
      "level": 100,
      "nature": "jolly",
      "ability": "static"
    },
    {
      "moveset": [
        "zenheadbutt",
        "ironhead",
        "earthquake",
        "hardpress"
      ],
      "ivs": {
        "spe": 31,
        "spd": 31,
        "spa": 31,
        "def": 31,
        "atk": 31,
        "hp": 31
      },
      "evs": {
        "spe": 252,
        "spa": 252,
        "atk": 6
      },
      "heldItem": [
        "leftovers"
      ],
      "species": "snorlax",
      "gender": "MALE",
      "level": 100,
      "nature": "jolly",
      "ability": "immunity"
    },
    {
      "moveset": [
        "surf",
        "icebeam",
        "alluringvoice",
        "smartstrike"
      ],
      "ivs": {
        "spe": 31,
        "spd": 31,
        "spa": 31,
        "def": 31,
        "atk": 31,
        "hp": 31
      },
      "evs": {
        "spa": 212,
        "atk": 212,
        "hp": 86
      },
      "heldItem": [
        "leftovers"
      ],
      "species": "lapras",
      "gender": "FEMALE",
      "level": 100,
      "nature": "serious",
      "ability": "shellarmor"
    }
  ],
  "battleFormat": "GEN_9_SINGLES"
}