{
  "name": {
    "literal": "Corrado"
  },
  "ai": {
    "type": "rct",
    "data": {
      "moveBias": 1,
      "switchBias": 0.5,
      "statMoveBias": 1,
      "itemBias": 0.8,
      "maxSelectMargin": 0.15
    }
  },
  "battleRules": {
    "maxItemUses": 6
  },
  "bag": [
    {
      "item": "cobblemon:full_restore",
      "quantity": 6
    }
  ],
  "team": [
    {
      "moveset": [
        "hydropump",
        "hurricane",
        "icebeam",
        "uturn"
      ],
      "ivs": {
        "spe": 31,
        "spd": 31,
        "spa": 31,
        "def": 31,
        "atk": 31,
        "hp": 31
      },
      "evs": {
        "spd": 36,
        "spa": 252,
        "hp": 220
      },
      "heldItem": [
        "damp_rock"
      ],
      "species": "pelipper",
      "gender": "FEMALE",
      "level": 75,
      "nature": "modest",
      "ability": "drizzle"
    },
    {
      "moveset": [
        "thunder",
        "surf",
        "focusblast",
        "voltswitch"
      ],
      "ivs": {
        "spe": 31,
        "spd": 31,
        "spa": 31,
        "def": 31,
        "atk": 31,
        "hp": 31
      },
      "evs": {
        "spe": 252,
        "spa": 252,
        "hp": 6
      },
      "heldItem": [
        "choice_scarf"
      ],
      "species": "raichu",
      "gender": "FEMALE",
      "level": 75,
      "nature": "timid",
      "ability": "lightningrod"
    },
    {
      "moveset": [
        "icefang",
        "playrough",
        "voltswitch",
        "electricterrain"
      ],
      "ivs": {
        "spe": 31,
        "spd": 31,
        "spa": 31,
        "def": 31,
        "atk": 31,
        "hp": 31
      },
      "evs": {
        "spe": 252,
        "atk": 252,
        "hp": 6
      },
      "heldItem": [
        "focus_sash"
      ],
      "species": "luxray",
      "gender": "MALE",
      "level": 75,
      "nature": "adamant",
      "ability": "intimidate"
    },
    {
      "moveset": [
        "thunder",
        "surf",
        "icebeam",
        "voltswitch"
      ],
      "ivs": {
        "spe": 31,
        "spd": 31,
        "spa": 31,
        "def": 31,
        "atk": 31,
        "hp": 31
      },
      "evs": {
        "spe": 6,
        "spa": 252,
        "hp": 252
      },
      "heldItem": [
        "expert_belt"
      ],
      "species": "lanturn",
      "gender": "FEMALE",
      "level": 75,
      "nature": "modest",
      "ability": "voltabsorb"
    },
    {
      "moveset": [
        "thunder",
        "reflect",
        "shadowball",
        "voltswitch"
      ],
      "ivs": {
        "spe": 31,
        "spd": 31,
        "spa": 31,
        "def": 31,
        "atk": 31,
        "hp": 31
      },
      "evs": {
        "spe": 252,
        "spa": 252,
        "hp": 6
      },
      "heldItem": [
        "leftovers"
      ],
      "species": "jolteon",
      "gender": "MALE",
      "level": 75,
      "nature": "timid",
      "ability": "quickfeet"
    },
    {
      "moveset": [
        "thunder",
        "flamethrower",
        "crosschop",
        "earthquake"
      ],
      "ivs": {
        "spe": 31,
        "spd": 31,
        "spa": 31,
        "def": 31,
        "atk": 31,
        "hp": 31
      },
      "evs": {
        "spe": 252,
        "atk": 252,
        "hp": 6
      },
      "heldItem": [
        "life_orb"
      ],
      "species": "electivire",
      "gender": "MALE",
      "level": 75,
      "nature": "hasty",
      "ability": "motordrive"
    }
  ],
  "identity": "Gym Leader Corrado",
  "battleFormat": "GEN_9_SINGLES"
}