{
  "name": {
    "literal": "Terrie"
  },
  "ai": {
    "type": "rct",
    "data": {
      "moveBias": 1,
      "switchBias": 0.5,
      "statMoveBias": 1,
      "itemBias": 0.8,
      "maxSelectMargin": 0.15
    }
  },
  "battleRules": {
    "maxItemUses": 6
  },
  "bag": [
    {
      "item": "cobblemon:full_restore",
      "quantity": 6
    }
  ],
  "team": [
    {
      "moveset": [
        "recover",
        "toxic",
        "earthquake",
        "surf"
      ],
      "ivs": {
        "spe": 31,
        "spd": 31,
        "spa": 31,
        "def": 31,
        "atk": 31,
        "hp": 31
      },
      "evs": {
        "spd": 4,
        "def": 252,
        "hp": 252
      },
      "heldItem": [
        "leftovers"
      ],
      "species": "quagsire",
      "gender": "FEMALE",
      "level": 84,
      "nature": "impish",
      "ability": "waterabsorb"
    },
    {
      "moveset": [
        "headsmash"
      ],
      "ivs": {
        "spe": 31,
        "spd": 31,
        "spa": 31,
        "def": 31,
        "atk": 31,
        "hp": 31
      },
      "evs": {
        "spe": 252,
        "atk": 252,
        "hp": 4
      },
      "heldItem": [
        "choice_band"
      ],
      "species": "sudowoodo",
      "gender": "MALE",
      "level": 84,
      "nature": "adamant",
      "ability": "rockhead"
    },
    {
      "moveset": [
        "rockpolish",
        "heavyslam",
        "earthquake",
        "stoneedge"
      ],
      "ivs": {
        "spe": 31,
        "spd": 31,
        "spa": 31,
        "def": 31,
        "atk": 31,
        "hp": 31
      },
      "evs": {
        "spe": 252,
        "atk": 252,
        "hp": 4
      },
      "heldItem": [
        "weakness_policy"
      ],
      "species": "golem",
      "gender": "FEMALE",
      "level": 84,
      "nature": "jolly",
      "ability": "sturdy"
    },
    {
      "moveset": [
        "rest",
        "icebeam",
        "earthpower",
        "hydropump"
      ],
      "ivs": {
        "spe": 31,
        "spd": 31,
        "spa": 31,
        "def": 31,
        "atk": 31,
        "hp": 31
      },
      "evs": {
        "spd": 252,
        "spa": 252,
        "hp": 4
      },
      "heldItem": [
        "rindo_berry"
      ],
      "species": "whiscash",
      "gender": "MALE",
      "level": 84,
      "nature": "modest",
      "ability": "hydration"
    },
    {
      "moveset": [
        "icefang",
        "earthquake",
        "crunch",
        "rest"
      ],
      "ivs": {
        "spe": 31,
        "spd": 31,
        "spa": 31,
        "def": 31,
        "atk": 31,
        "hp": 31
      },
      "evs": {
        "def": 4,
        "atk": 252,
        "hp": 252
      },
      "heldItem": [
        "chesto_berry"
      ],
      "species": "hippowdon",
      "gender": "MALE",
      "level": 84,
      "nature": "adamant",
      "ability": "sandstream"
    },
    {
      "moveset": [
        "recover",
        "earthpower",
        "scald",
        "toxic"
      ],
      "ivs": {
        "spe": 31,
        "spd": 31,
        "spa": 31,
        "def": 31,
        "atk": 31,
        "hp": 31
      },
      "evs": {
        "spd": 148,
        "def": 108,
        "hp": 252
      },
      "heldItem": [
        "leftovers"
      ],
      "species": "gastrodon",
      "gender": "FEMALE",
      "level": 84,
      "nature": "calm",
      "ability": "stormdrain"
    }
  ],
  "battleFormat": "GEN_9_SINGLES"
}