{
  "name": {
    "literal": "Elfio"
  },
  "ai": {
    "type": "rct",
    "data": {
      "moveBias": 1,
      "switchBias": 0.5,
      "statMoveBias": 1,
      "itemBias": 0.8,
      "maxSelectMargin": 0.15
    }
  },
  "battleRules": {
    "maxItemUses": 4
  },
  "bag": [
    {
      "item": "cobblemon:full_restore",
      "quantity": 4
    }
  ],
  "team": [
    {
      "moveset": [
        "scald",
        "roost",
        "hurricane",
        "uturn"
      ],
      "ivs": {
        "spe": 31,
        "spd": 31,
        "spa": 31,
        "def": 31,
        "hp": 31
      },
      "evs": {
        "spd": 4,
        "def": 252,
        "hp": 252
      },
      "heldItem": [
        "leftovers"
      ],
      "species": "pelipper",
      "gender": "MALE",
      "level": 69,
      "nature": "bold",
      "ability": "drizzle"
    },
    {
      "moveset": [
        "liquidation",
        "icepunch",
        "aquajet",
        "crunch"
      ],
      "ivs": {
        "spe": 31,
        "spd": 31,
        "def": 31,
        "atk": 31,
        "hp": 31
      },
      "evs": {
        "spe": 252,
        "atk": 252,
        "hp": 4
      },
      "heldItem": [
        "life_orb"
      ],
      "species": "floatzel",
      "gender": "MALE",
      "level": 69,
      "nature": "adamant",
      "ability": "swiftswim"
    },
    {
      "moveset": [
        "scald",
        "earthpower",
        "recover",
        "toxic"
      ],
      "ivs": {
        "spd": 31,
        "spa": 31,
        "def": 31,
        "hp": 31
      },
      "evs": {
        "spa": 4,
        "def": 252,
        "hp": 252
      },
      "heldItem": [
        "leftovers"
      ],
      "species": "gastrodon",
      "gender": "FEMALE",
      "level": 69,
      "nature": "relaxed",
      "ability": "stormdrain"
    },
    {
      "moveset": [
        "flashcannon",
        "hydropump",
        "icebeam",
        "grassknot"
      ],
      "ivs": {
        "spe": 31,
        "spd": 31,
        "spa": 31,
        "def": 31,
        "hp": 31
      },
      "evs": {
        "spd": 4,
        "spa": 252,
        "hp": 252
      },
      "heldItem": [
        "assault_vest"
      ],
      "species": "empoleon",
      "gender": "MALE",
      "level": 69,
      "nature": "modest",
      "ability": "torrent"
    },
    {
      "moveset": [
        "scald",
        "tailwind",
        "uturn",
        "defog"
      ],
      "ivs": {
        "spe": 31,
        "spd": 31,
        "spa": 31,
        "def": 31,
        "hp": 31
      },
      "evs": {
        "spe": 252,
        "def": 4,
        "hp": 252
      },
      "species": "lumineon",
      "gender": "FEMALE",
      "level": 69,
      "nature": "timid",
      "ability": "swiftswim"
    },
    {
      "moveset": [
        "waterfall",
        "earthquake",
        "icefang",
        "dragondance"
      ],
      "ivs": {
        "spe": 31,
        "spd": 31,
        "def": 31,
        "atk": 31,
        "hp": 31
      },
      "evs": {
        "spe": 252,
        "atk": 252,
        "hp": 4
      },
      "heldItem": [
        "mystic_water"
      ],
      "species": "gyarados",
      "gender": "MALE",
      "level": 70,
      "nature": "jolly",
      "ability": "intimidate"
    }
  ],
  "battleFormat": "GEN_9_SINGLES"
}