{
  "name": {
    "literal": "Marzia"
  },
  "ai": {
    "type": "rct",
    "data": {
      "moveBias": 1,
      "switchBias": 0.5,
      "statMoveBias": 1,
      "itemBias": 0.8,
      "maxSelectMargin": 0.15
    }
  },
  "battleRules": {
    "maxItemUses": 3
  },
  "bag": [
    {
      "item": "cobblemon:full_restore",
      "quantity": 3
    }
  ],
  "team": [
    {
      "moveset": [
        "closecombat",
        "stoneedge",
        "suckerpunch",
        "knockoff"
      ],
      "ivs": {
        "spe": 31,
        "spd": 31,
        "spa": 31,
        "def": 31,
        "atk": 31,
        "hp": 31
      },
      "evs": {
        "spe": 6,
        "atk": 252,
        "hp": 252
      },
      "heldItem": [
        "expert_belt"
      ],
      "species": "hitmontop",
      "gender": "FEMALE",
      "level": 43,
      "nature": "jolly",
      "ability": "intimidate"
    },
    {
      "moveset": [
        "megahorn",
        "closecombat",
        "facade",
        "stoneedge"
      ],
      "ivs": {
        "spe": 31,
        "spd": 31,
        "spa": 31,
        "def": 31,
        "atk": 31,
        "hp": 31
      },
      "evs": {
        "spe": 252,
        "atk": 252,
        "hp": 6
      },
      "heldItem": [
        "flame_orb"
      ],
      "species": "heracross",
      "gender": "MALE",
      "level": 42,
      "nature": "adamant",
      "ability": "guts"
    },
    {
      "moveset": [
        "flareblitz",
        "closecombat",
        "thunderpunch",
        "swordsdance"
      ],
      "ivs": {
        "spe": 31,
        "spd": 31,
        "spa": 31,
        "def": 31,
        "atk": 31,
        "hp": 31
      },
      "evs": {
        "spa": 252,
        "atk": 252,
        "hp": 6
      },
      "heldItem": [
        "life_orb"
      ],
      "species": "infernape",
      "gender": "FEMALE",
      "level": 41,
      "nature": "adamant",
      "ability": "blaze"
    },
    {
      "moveset": [
        "highjumpkick",
        "zenheadbutt",
        "firepunch",
        "thunderpunch"
      ],
      "ivs": {
        "spe": 31,
        "spd": 31,
        "spa": 31,
        "def": 31,
        "atk": 31,
        "hp": 31
      },
      "evs": {
        "spe": 252,
        "atk": 252,
        "hp": 6
      },
      "heldItem": [
        "choice_band"
      ],
      "species": "medicham",
      "gender": "FEMALE",
      "level": 40,
      "nature": "adamant",
      "ability": "purepower"
    },
    {
      "moveset": [
        "aurasphere",
        "flashcannon",
        "waterpulse",
        "vacuumwave"
      ],
      "ivs": {
        "spe": 31,
        "spd": 31,
        "spa": 31,
        "def": 31,
        "atk": 31,
        "hp": 31
      },
      "evs": {
        "spe": 252,
        "spa": 252,
        "hp": 6
      },
      "heldItem": [
        "focus_sash"
      ],
      "species": "lucario",
      "gender": "MALE",
      "level": 43,
      "nature": "modest",
      "ability": "innerfocus"
    }
  ],
  "identity": "Gym Leader Marzia",
  "battleFormat": "GEN_9_SINGLES"
}