{
  "name": {
    "literal": "Vulcano"
  },
  "ai": {
    "type": "rct",
    "data": {
      "moveBias": 1,
      "switchBias": 0.5,
      "statMoveBias": 1,
      "itemBias": 0.8,
      "maxSelectMargin": 0.15
    }
  },
  "battleRules": {
    "maxItemUses": 6
  },
  "bag": [
    {
      "item": "cobblemon:full_restore",
      "quantity": 6
    }
  ],
  "team": [
    {
      "moveset": [
        "hypnosis",
        "highhorsepower",
        "wildcharge",
        "flareblitz"
      ],
      "ivs": {
        "spe": 31,
        "spd": 31,
        "spa": 31,
        "def": 31,
        "atk": 31,
        "hp": 31
      },
      "evs": {
        "spe": 252,
        "def": 4,
        "atk": 252
      },
      "heldItem": [
        "wide_lens"
      ],
      "species": "rapidash",
      "gender": "MALE",
      "level": 86,
      "nature": "jolly",
      "ability": "flamebody"
    },
    {
      "moveset": [
        "ironhead",
        "dragontail",
        "earthquake",
        "crunch"
      ],
      "ivs": {
        "spe": 31,
        "spd": 31,
        "spa": 31,
        "def": 31,
        "atk": 31,
        "hp": 31
      },
      "evs": {
        "spd": 4,
        "atk": 252,
        "hp": 252
      },
      "heldItem": [
        "life_orb"
      ],
      "species": "steelix",
      "gender": "MALE",
      "level": 86,
      "nature": "adamant",
      "ability": "sheerforce"
    },
    {
      "moveset": [
        "substitute",
        "strengthsap",
        "batonpass",
        "willowisp"
      ],
      "ivs": {
        "spe": 31,
        "spd": 31,
        "spa": 31,
        "def": 31,
        "atk": 31,
        "hp": 31
      },
      "evs": {
        "spe": 252,
        "spd": 4,
        "hp": 252
      },
      "heldItem": [
        "sitrus_berry"
      ],
      "species": "drifblim",
      "gender": "FEMALE",
      "level": 86,
      "nature": "timid",
      "ability": "unburden"
    },
    {
      "moveset": [
        "facade",
        "highjumpkick",
        "thunderpunch",
        "substitute"
      ],
      "ivs": {
        "spe": 31,
        "spd": 31,
        "spa": 31,
        "def": 31,
        "atk": 31,
        "hp": 31
      },
      "evs": {
        "spe": 252,
        "def": 4,
        "atk": 252
      },
      "heldItem": [
        "flame_orb"
      ],
      "species": "lopunny",
      "gender": "MALE",
      "level": 86,
      "nature": "jolly",
      "ability": "klutz"
    },
    {
      "moveset": [
        "firepunch",
        "thunderpunch",
        "closecombat",
        "machpunch"
      ],
      "ivs": {
        "spe": 31,
        "spd": 31,
        "spa": 31,
        "def": 31,
        "atk": 31,
        "hp": 31
      },
      "evs": {
        "spe": 252,
        "def": 4,
        "atk": 252
      },
      "heldItem": [
        "focus_sash"
      ],
      "species": "infernape",
      "gender": "MALE",
      "level": 86,
      "nature": "jolly",
      "ability": "ironfist"
    },
    {
      "moveset": [
        "firepunch",
        "thunderpunch",
        "closecombat",
        "machpunch"
      ],
      "ivs": {
        "spe": 31,
        "spd": 31,
        "spa": 31,
        "def": 31,
        "atk": 31,
        "hp": 31
      },
      "evs": {
        "spe": 252,
        "spa": 252,
        "hp": 4
      },
      "heldItem": [
        "life_orb"
      ],
      "species": "magmortar",
      "gender": "MALE",
      "level": 86,
      "nature": "jolly",
      "ability": "flamebody"
    }
  ],
  "battleFormat": "GEN_9_SINGLES"
}