{
  "name": {
    "literal": "Omar"
  },
  "ai": {
    "type": "rct",
    "data": {
      "moveBias": 1,
      "switchBias": 0.5,
      "statMoveBias": 1,
      "itemBias": 0.8,
      "maxSelectMargin": 0.15
    }
  },
  "battleRules": {
    "maxItemUses": 3
  },
  "bag": [
    {
      "item": "cobblemon:full_restore",
      "quantity": 3
    }
  ],
  "team": [
    {
      "moveset": [
        "surf",
        "icebeam",
        "scald",
        "perishsong"
      ],
      "ivs": {
        "spe": 31,
        "spd": 31,
        "spa": 31,
        "def": 31,
        "atk": 31,
        "hp": 31
      },
      "evs": {
        "spe": 60,
        "spd": 196,
        "hp": 252
      },
      "heldItem": [
        "damp_rock"
      ],
      "species": "politoed",
      "gender": "MALE",
      "level": 48,
      "nature": "timid",
      "ability": "drizzle"
    },
    {
      "moveset": [
        "hydropump",
        "dragonpulse",
        "icebeam",
        "rest"
      ],
      "ivs": {
        "spe": 31,
        "spd": 31,
        "spa": 31,
        "def": 31,
        "atk": 31,
        "hp": 31
      },
      "evs": {
        "spe": 252,
        "spa": 252,
        "hp": 6
      },
      "heldItem": [
        "chesto_berry"
      ],
      "species": "kingdra",
      "gender": "FEMALE",
      "level": 47,
      "nature": "timid",
      "ability": "swiftswim"
    },
    {
      "moveset": [
        "energyball",
        "hydropump",
        "substitute",
        "raindance"
      ],
      "ivs": {
        "spe": 31,
        "spd": 31,
        "spa": 31,
        "def": 31,
        "atk": 31,
        "hp": 31
      },
      "evs": {
        "spe": 252,
        "spa": 152,
        "hp": 104
      },
      "heldItem": [
        "sitrus_berry"
      ],
      "species": "ludicolo",
      "gender": "MALE",
      "level": 47,
      "nature": "modest",
      "ability": "swiftswim"
    },
    {
      "moveset": [
        "crunch",
        "aquatail",
        "icefang",
        "shellsmash"
      ],
      "ivs": {
        "spe": 31,
        "spd": 31,
        "spa": 31,
        "def": 31,
        "atk": 31,
        "hp": 31
      },
      "evs": {
        "spe": 252,
        "atk": 252,
        "hp": 6
      },
      "heldItem": [
        "focus_sash"
      ],
      "species": "huntail",
      "gender": "FEMALE",
      "level": 46,
      "nature": "jolly",
      "ability": "swiftswim"
    },
    {
      "moveset": [
        "waterfall",
        "stoneedge",
        "earthquake",
        "dragondance"
      ],
      "ivs": {
        "spe": 31,
        "spd": 31,
        "spa": 31,
        "def": 31,
        "atk": 31,
        "hp": 31
      },
      "evs": {
        "spe": 168,
        "atk": 252,
        "hp": 88
      },
      "heldItem": [
        "wacan_berry"
      ],
      "species": "gyarados",
      "gender": "FEMALE",
      "level": 49,
      "nature": "jolly",
      "ability": "intimidate"
    },
    {
      "moveset": [
        "aquatail",
        "brickbreak",
        "crunch",
        "icefang"
      ],
      "ivs": {
        "spe": 31,
        "spd": 31,
        "spa": 31,
        "def": 31,
        "atk": 31,
        "hp": 31
      },
      "evs": {
        "spe": 252,
        "atk": 252,
        "hp": 6
      },
      "heldItem": [
        "life_orb"
      ],
      "species": "floatzel",
      "gender": "FEMALE",
      "level": 45,
      "nature": "jolly",
      "ability": "swiftswim"
    }
  ],
  "identity": "Gym Leader Omar",
  "battleFormat": "GEN_9_SINGLES"
}