{
  "name": {
    "literal": "Ferruccio"
  },
  "ai": {
    "type": "rct",
    "data": {
      "moveBias": 1,
      "switchBias": 0.5,
      "statMoveBias": 1,
      "itemBias": 0.8,
      "maxSelectMargin": 0.15
    }
  },
  "battleRules": {
    "maxItemUses": 5
  },
  "bag": [
    {
      "item": "cobblemon:full_restore",
      "quantity": 5
    }
  ],
  "team": [
    {
      "moveset": [
        "steelwing",
        "stealthrock",
        "irondefense",
        "taunt"
      ],
      "ivs": {
        "spe": 31,
        "spd": 31,
        "spa": 31,
        "def": 31,
        "atk": 31,
        "hp": 31
      },
      "evs": {
        "spe": 6,
        "def": 252,
        "hp": 252
      },
      "heldItem": [
        "leftovers"
      ],
      "species": "skarmory",
      "gender": "MALE",
      "level": 57,
      "nature": "impish",
      "ability": "sturdy"
    },
    {
      "moveset": [
        "heavyslam",
        "earthquake",
        "icefang",
        "crunch"
      ],
      "ivs": {
        "spe": 31,
        "spd": 31,
        "spa": 31,
        "def": 31,
        "atk": 31,
        "hp": 31
      },
      "evs": {
        "spd": 180,
        "atk": 252,
        "hp": 76
      },
      "heldItem": [
        "life_orb"
      ],
      "species": "steelix",
      "gender": "FEMALE",
      "level": 60,
      "nature": "adamant",
      "ability": "sheerforce"
    },
    {
      "moveset": [
        "thunderbolt",
        "flashcannon",
        "lightscreen",
        "magnetrise"
      ],
      "ivs": {
        "spd": 31,
        "spa": 31,
        "def": 31,
        "atk": 31,
        "hp": 31
      },
      "evs": {
        "spd": 8,
        "spa": 252,
        "hp": 248
      },
      "heldItem": [
        "air_balloon"
      ],
      "species": "magnezone",
      "gender": "GENDERLESS",
      "level": 59,
      "nature": "quiet",
      "ability": "analytic"
    },
    {
      "moveset": [
        "surf",
        "flashcannon",
        "icebeam",
        "roar"
      ],
      "ivs": {
        "spe": 31,
        "spd": 31,
        "spa": 31,
        "def": 31,
        "atk": 31,
        "hp": 31
      },
      "evs": {
        "spd": 12,
        "spa": 252,
        "hp": 244
      },
      "heldItem": [
        "expert_belt"
      ],
      "species": "empoleon",
      "gender": "MALE",
      "level": 59,
      "nature": "modest",
      "ability": "torrent"
    },
    {
      "moveset": [
        "headsmash",
        "ironhead",
        "earthquake",
        "icepunch"
      ],
      "ivs": {
        "spe": 31,
        "spd": 31,
        "spa": 31,
        "def": 31,
        "atk": 31,
        "hp": 31
      },
      "evs": {
        "spe": 252,
        "atk": 252,
        "hp": 6
      },
      "heldItem": [
        "choice_scarf"
      ],
      "species": "aggron",
      "gender": "FEMALE",
      "level": 58,
      "nature": "jolly",
      "ability": "rockhead"
    },
    {
      "moveset": [
        "heavyslam",
        "metalburst",
        "roar",
        "stealthrock"
      ],
      "ivs": {
        "spe": 31,
        "spd": 31,
        "spa": 31,
        "def": 31,
        "atk": 31,
        "hp": 31
      },
      "evs": {
        "spd": 240,
        "def": 16,
        "hp": 252
      },
      "heldItem": [
        "lum_berry"
      ],
      "species": "bastiodon",
      "gender": "MALE",
      "level": 60,
      "nature": "brave",
      "ability": "sturdy"
    }
  ],
  "identity": "Gym Leader Ferruccio",
  "battleFormat": "GEN_9_SINGLES"
}