{
  "name": {
    "literal": "Fannie"
  },
  "ai": {
    "type": "rct",
    "data": {
      "moveBias": 1,
      "switchBias": 0.5,
      "statMoveBias": 1,
      "itemBias": 0.8,
      "maxSelectMargin": 0.15
    }
  },
  "battleRules": {
    "maxItemUses": 4
  },
  "bag": [
    {
      "item": "cobblemon:full_restore",
      "quantity": 4
    }
  ],
  "team": [
    {
      "moveset": [
        "shadowball",
        "thunderbolt",
        "psychic",
        "strengthsap"
      ],
      "ivs": {
        "spe": 31,
        "spd": 31,
        "spa": 31,
        "def": 31,
        "atk": 31,
        "hp": 31
      },
      "evs": {
        "spe": 252,
        "spa": 252,
        "hp": 6
      },
      "heldItem": [
        "flame_orb"
      ],
      "species": "drifblim",
      "gender": "MALE",
      "level": 54,
      "nature": "modest",
      "ability": "flareboost"
    },
    {
      "moveset": [
        "shadowsneak",
        "suckerpunch",
        "snatch",
        "trick"
      ],
      "ivs": {
        "spe": 31,
        "spd": 31,
        "spa": 31,
        "def": 31,
        "atk": 31,
        "hp": 31
      },
      "evs": {
        "spe": 12,
        "atk": 252,
        "hp": 244
      },
      "heldItem": [
        "iron_ball"
      ],
      "species": "banette",
      "gender": "MALE",
      "level": 53,
      "nature": "brave",
      "ability": "cursedbody"
    },
    {
      "moveset": [
        "shadowsneak",
        "earthquake",
        "willowisp",
        "confuseray"
      ],
      "ivs": {
        "spe": 31,
        "spd": 31,
        "spa": 31,
        "def": 31,
        "atk": 31,
        "hp": 31
      },
      "evs": {
        "spd": 136,
        "def": 120,
        "hp": 252
      },
      "heldItem": [
        "sitrus_berry"
      ],
      "species": "dusknoir",
      "gender": "FEMALE",
      "level": 55,
      "nature": "adamant",
      "ability": "pressure"
    },
    {
      "moveset": [
        "shadowball",
        "energyball",
        "mysticalfire",
        "dazzlinggleam"
      ],
      "ivs": {
        "spe": 31,
        "spd": 31,
        "spa": 31,
        "def": 31,
        "atk": 31,
        "hp": 31
      },
      "evs": {
        "spe": 252,
        "spa": 252,
        "hp": 6
      },
      "heldItem": [
        "expert_belt"
      ],
      "species": "mismagius",
      "gender": "FEMALE",
      "level": 54,
      "nature": "timid",
      "ability": "levitate"
    },
    {
      "moveset": [
        "hex",
        "frostbreath",
        "willowisp",
        "destinybond"
      ],
      "ivs": {
        "spe": 31,
        "spd": 31,
        "spa": 31,
        "def": 31,
        "atk": 31,
        "hp": 31
      },
      "evs": {
        "spe": 252,
        "spa": 252,
        "hp": 6
      },
      "heldItem": [
        "focus_sash"
      ],
      "species": "froslass",
      "gender": "FEMALE",
      "level": 53,
      "nature": "timid",
      "ability": "cursedbody"
    },
    {
      "moveset": [
        "hex",
        "sludgebomb",
        "focusblast",
        "toxic"
      ],
      "ivs": {
        "spe": 31,
        "spd": 31,
        "spa": 31,
        "def": 31,
        "atk": 31,
        "hp": 31
      },
      "evs": {
        "spe": 252,
        "spa": 252,
        "hp": 6
      },
      "heldItem": [
        "life_orb"
      ],
      "species": "gengar",
      "gender": "FEMALE",
      "level": 55,
      "nature": "timid",
      "ability": "cursedbody"
    }
  ],
  "identity": "Gym Leader Fannie",
  "battleFormat": "GEN_9_SINGLES"
}