{
  "name": {
    "literal": "Team Galactic Lab Director"
  },
  "ai": {
    "type": "rct",
    "data": {
      "moveBias": 1,
      "switchBias": 0.5,
      "statMoveBias": 1,
      "itemBias": 0.8,
      "maxSelectMargin": 0.15
    }
  },
  "battleRules": {
    "maxItemUses": 5
  },
  "bag": [
    {
      "item": "cobblemon:full_restore",
      "quantity": 3
    }
  ],
  "team": [
    {
      "moveset": [
        "powergem",
        "flashcannon",
        "wideguard",
        "thunderwave"
      ],
      "ivs": {
        "spe": 31,
        "spd": 31,
        "spa": 31,
        "def": 31,
        "hp": 31
      },
      "evs": {
        "spd": 252,
        "def": 4,
        "hp": 252
      },
      "heldItem": [
        "air_balloon"
      ],
      "species": "probopass",
      "gender": "MALE",
      "level": 70,
      "nature": "calm",
      "ability": "sturdy"
    },
    {
      "moveset": [
        "fakeout",
        "bodyslam",
        "playrough",
        "uturn"
      ],
      "ivs": {
        "spe": 31,
        "spd": 31,
        "def": 31,
        "atk": 31,
        "hp": 31
      },
      "evs": {
        "spe": 252,
        "atk": 252,
        "hp": 4
      },
      "heldItem": [
        "silk_scarf"
      ],
      "species": "purugly",
      "gender": "FEMALE",
      "level": 70,
      "nature": "jolly",
      "ability": "defiant"
    },
    {
      "moveset": [
        "eruption",
        "earthpower",
        "heatwave",
        "protect"
      ],
      "ivs": {
        "spe": 31,
        "spd": 31,
        "spa": 31,
        "def": 31,
        "hp": 31
      },
      "evs": {
        "spd": 4,
        "spa": 252,
        "hp": 252
      },
      "heldItem": [
        "shell_bell"
      ],
      "species": "camerupt",
      "gender": "FEMALE",
      "level": 70,
      "nature": "modest",
      "ability": "solidrock"
    },
    {
      "moveset": [
        "gunkshot",
        "drainpunch",
        "suckerpunch",
        "protect"
      ],
      "ivs": {
        "spe": 31,
        "spd": 31,
        "def": 31,
        "atk": 31,
        "hp": 31
      },
      "evs": {
        "spe": 252,
        "atk": 252,
        "hp": 4
      },
      "heldItem": [
        "black_belt"
      ],
      "species": "toxicroak",
      "gender": "MALE",
      "level": 70,
      "nature": "adamant",
      "ability": "dryskin"
    },
    {
      "moveset": [
        "bravebird",
        "nightslash",
        "suckerpunch",
        "superpower"
      ],
      "ivs": {
        "spe": 31,
        "spd": 31,
        "spa": 31,
        "def": 31,
        "atk": 31,
        "hp": 31
      },
      "evs": {
        "spe": 252,
        "atk": 252,
        "hp": 4
      },
      "heldItem": [
        "life_orb"
      ],
      "species": "honchkrow",
      "gender": "MALE",
      "level": 70,
      "nature": "adamant",
      "ability": "moxie"
    },
    {
      "moveset": [
        "nightslash",
        "playrough",
        "suckerpunch",
        "swordsdance"
      ],
      "ivs": {
        "spe": 31,
        "spd": 31,
        "spa": 31,
        "def": 31,
        "atk": 31,
        "hp": 31
      },
      "evs": {
        "spe": 252,
        "atk": 252,
        "hp": 4
      },
      "heldItem": [
        "leftovers",
        "mega_showdown:absolite"
      ],
      "species": "absol",
      "gender": "MALE",
      "level": 70,
      "nature": "jolly",
      "ability": "superluck"
    }
  ],
  "battleFormat": "GEN_9_DOUBLES"
}