{
  "name": {
    "literal": "Team Galactic Receptionist"
  },
  "ai": {
    "type": "rct",
    "data": {
      "moveBias": 1,
      "switchBias": 0.5,
      "statMoveBias": 1,
      "itemBias": 0.8,
      "maxSelectMargin": 0.15
    }
  },
  "battleRules": {
    "maxItemUses": 5
  },
  "bag": [
    {
      "item": "cobblemon:full_restore",
      "quantity": 5
    }
  ],
  "team": [
    {
      "moveset": [
        "gigadrain",
        "earthpower",
        "sludgebomb",
        "protect"
      ],
      "ivs": {
        "spe": 31,
        "spd": 31,
        "spa": 31,
        "def": 31,
        "atk": 31,
        "hp": 31
      },
      "evs": {
        "spe": 252,
        "spd": 252,
        "def": 6
      },
      "heldItem": [
        "life_orb"
      ],
      "species": "venusaur",
      "gender": "MALE",
      "level": 100,
      "nature": "mild",
      "ability": "chlorophyll"
    }
  ],
  "identity": "Team Galactic Receptionist (2)",
  "battleFormat": "GEN_9_SINGLES"
}