{
  "name": {
    "literal": "Team Galactic Researcher"
  },
  "ai": {
    "type": "rct",
    "data": {
      "moveBias": 1,
      "switchBias": 0.5,
      "statMoveBias": 1,
      "itemBias": 0.8,
      "maxSelectMargin": 0.15
    }
  },
  "battleRules": {},
  "bag": [
    {
      "item": "cobblemon:full_restore",
      "quantity": 2
    }
  ],
  "team": [
    {
      "moveset": [
        "stoneedge",
        "acrobatics",
        "earthquake",
        "psychicfangs"
      ],
      "ivs": {
        "spe": 31,
        "spd": 31,
        "def": 31,
        "atk": 31,
        "hp": 31
      },
      "evs": {
        "spe": 252,
        "atk": 252,
        "hp": 4
      },
      "heldItem": [
        "focus_sash"
      ],
      "species": "minior",
      "gender": "GENDERLESS",
      "level": 64,
      "nature": "adamant",
      "ability": "shieldsdown"
    },
    {
      "moveset": [
        "flashcannon",
        "powergem",
        "earthpower",
        "discharge"
      ],
      "ivs": {
        "spe": 31,
        "spd": 31,
        "spa": 31,
        "def": 31,
        "hp": 31
      },
      "evs": {
        "spd": 4,
        "spa": 252,
        "hp": 252
      },
      "heldItem": [
        "assault_vest"
      ],
      "species": "probopass",
      "gender": "MALE",
      "level": 64,
      "nature": "modest",
      "ability": "magnetpull"
    },
    {
      "moveset": [
        "shadowball",
        "fireblast",
        "energyball",
        "psychic"
      ],
      "ivs": {
        "spe": 31,
        "spd": 31,
        "spa": 31,
        "def": 31,
        "hp": 31
      },
      "evs": {
        "spe": 252,
        "spa": 252,
        "hp": 4
      },
      "heldItem": [
        "choice_scarf"
      ],
      "species": "chandelure",
      "gender": "FEMALE",
      "level": 65,
      "nature": "modest",
      "ability": "flashfire"
    },
    {
      "moveset": [
        "psyshock",
        "focusblast",
        "shadowball",
        "recover"
      ],
      "ivs": {
        "spe": 31,
        "spd": 31,
        "spa": 31,
        "def": 31,
        "hp": 31
      },
      "evs": {
        "spa": 4,
        "def": 252,
        "hp": 252
      },
      "heldItem": [
        "leftovers"
      ],
      "species": "reuniclus",
      "gender": "MALE",
      "level": 66,
      "nature": "bold",
      "ability": "magicguard"
    },
    {
      "moveset": [
        "wildcharge",
        "icepunch",
        "crosschop",
        "earthquake"
      ],
      "ivs": {
        "spe": 31,
        "spd": 31,
        "def": 31,
        "atk": 31,
        "hp": 31
      },
      "evs": {
        "spe": 252,
        "atk": 252,
        "hp": 4
      },
      "heldItem": [
        "expert_belt"
      ],
      "species": "electivire",
      "gender": "MALE",
      "level": 67,
      "nature": "adamant",
      "ability": "motordrive"
    },
    {
      "moveset": [
        "earthquake",
        "dragonclaw",
        "poisonjab",
        "ironhead"
      ],
      "ivs": {
        "spe": 31,
        "spd": 31,
        "def": 31,
        "atk": 31,
        "hp": 31
      },
      "evs": {
        "spe": 252,
        "atk": 252,
        "hp": 4
      },
      "heldItem": [
        "life_orb"
      ],
      "species": "garchomp",
      "gender": "FEMALE",
      "level": 68,
      "nature": "jolly",
      "ability": "roughskin"
    }
  ],
  "identity": "Team Galactic Researcher (5)",
  "battleFormat": "GEN_9_SINGLES"
}