{
  "name": {
    "literal": "Team Galactic Grunt"
  },
  "ai": {
    "type": "rct",
    "data": {
      "moveBias": 1,
      "switchBias": 0.5,
      "statMoveBias": 1,
      "itemBias": 0.8,
      "maxSelectMargin": 0.15
    }
  },
  "battleRules": {},
  "team": [
    {
      "moveset": [
        "tackle",
        "stringshot",
        "poisonsting",
        "bugbite"
      ],
      "ivs": {
        "spe": 15,
        "spd": 15,
        "spa": 15,
        "def": 15,
        "atk": 15,
        "hp": 15
      },
      "evs": {
        "spe": 50,
        "atk": 50
      },
      "species": "wurmple",
      "gender": "MALE",
      "level": 20,
      "nature": "quirky",
      "ability": "shielddust"
    },
    {
      "moveset": [
        "tackle",
        "quickattack",
        "bite",
        "tailwhip"
      ],
      "ivs": {
        "spe": 15,
        "spd": 15,
        "spa": 15,
        "def": 15,
        "atk": 15,
        "hp": 15
      },
      "evs": {
        "spe": 100,
        "atk": 100
      },
      "species": "rattata",
      "gender": "FEMALE",
      "level": 21,
      "nature": "hasty",
      "ability": "runaway"
    }
  ],
  "battleFormat": "GEN_9_SINGLES"
}