{
  "name": {
    "literal": "Team Galactic Garbageman"
  },
  "ai": {
    "type": "rct",
    "data": {
      "moveBias": 1,
      "switchBias": 0.5,
      "statMoveBias": 1,
      "itemBias": 0.8,
      "maxSelectMargin": 0.15
    }
  },
  "battleRules": {
    "maxItemUses": 1
  },
  "bag": [
    {
      "item": "cobblemon:full_restore",
      "quantity": 1
    }
  ],
  "team": [
    {
      "moveset": [
        "sludgebomb",
        "willowisp",
        "painsplit",
        "toxicspikes"
      ],
      "ivs": {
        "spe": 31,
        "spd": 31,
        "spa": 31,
        "def": 31,
        "hp": 31
      },
      "evs": {
        "spd": 4,
        "def": 252,
        "hp": 252
      },
      "heldItem": [
        "black_sludge"
      ],
      "species": "weezing",
      "gender": "MALE",
      "level": 69,
      "nature": "bold",
      "ability": "levitate"
    },
    {
      "moveset": [
        "poisonjab",
        "nightslash",
        "suckerpunch",
        "explosion"
      ],
      "ivs": {
        "spe": 31,
        "spd": 31,
        "spa": 31,
        "def": 31,
        "atk": 31,
        "hp": 31
      },
      "evs": {
        "spe": 4,
        "atk": 252,
        "hp": 252
      },
      "heldItem": [
        "rocky_helmet"
      ],
      "species": "skuntank",
      "gender": "FEMALE",
      "level": 69,
      "nature": "adamant",
      "ability": "aftermath"
    },
    {
      "moveset": [
        "gunkshot",
        "knockoff",
        "firepunch",
        "shadowsneak"
      ],
      "ivs": {
        "spe": 31,
        "spd": 31,
        "def": 31,
        "atk": 31,
        "hp": 31
      },
      "evs": {
        "spd": 4,
        "atk": 252,
        "hp": 252
      },
      "heldItem": [
        "assault_vest"
      ],
      "aspects": [
        "alolan"
      ],
      "species": "muk",
      "gender": "MALE",
      "level": 69,
      "nature": "adamant",
      "ability": "powerofalchemy"
    },
    {
      "moveset": [
        "gunkshot",
        "stompingtantrum",
        "seedbomb",
        "drainpunch"
      ],
      "ivs": {
        "spe": 31,
        "spd": 31,
        "def": 31,
        "atk": 31,
        "hp": 31
      },
      "evs": {
        "spe": 252,
        "atk": 252,
        "hp": 4
      },
      "heldItem": [
        "focus_sash"
      ],
      "species": "garbodor",
      "gender": "FEMALE",
      "level": 69,
      "nature": "adamant",
      "ability": "weakarmor"
    }
  ],
  "battleFormat": "GEN_9_SINGLES"
}