{
  "name": {
    "literal": "Team Galactic Researcher"
  },
  "ai": {
    "type": "rct",
    "data": {
      "moveBias": 1,
      "switchBias": 0.5,
      "statMoveBias": 1,
      "itemBias": 0.8,
      "maxSelectMargin": 0.15
    }
  },
  "battleRules": {},
  "bag": [
    {
      "item": "cobblemon:full_restore",
      "quantity": 2
    }
  ],
  "team": [
    {
      "moveset": [
        "triattack",
        "darkpulse",
        "icebeam",
        "trick"
      ],
      "ivs": {
        "spe": 31,
        "spd": 31,
        "spa": 31,
        "def": 31,
        "hp": 31
      },
      "evs": {
        "spe": 252,
        "spa": 252,
        "hp": 4
      },
      "heldItem": [
        "choice_scarf"
      ],
      "species": "porygonz",
      "gender": "GENDERLESS",
      "level": 66,
      "nature": "modest",
      "ability": "adaptability"
    },
    {
      "moveset": [
        "raindance",
        "gyroball",
        "zenheadbutt",
        "explosion"
      ],
      "ivs": {
        "spd": 31,
        "spa": 31,
        "def": 31,
        "atk": 31,
        "hp": 31
      },
      "evs": {
        "spd": 4,
        "def": 252,
        "hp": 252
      },
      "heldItem": [
        "damp_rock"
      ],
      "species": "bronzong",
      "gender": "GENDERLESS",
      "level": 66,
      "nature": "relaxed",
      "ability": "levitate"
    },
    {
      "moveset": [
        "hydropump",
        "thunder",
        "icebeam",
        "psyshock"
      ],
      "ivs": {
        "spe": 31,
        "spd": 31,
        "spa": 31,
        "def": 31,
        "hp": 31
      },
      "evs": {
        "spe": 252,
        "spa": 252,
        "hp": 4
      },
      "heldItem": [
        "life_orb"
      ],
      "species": "starmie",
      "gender": "GENDERLESS",
      "level": 67,
      "nature": "timid",
      "ability": "analytic"
    },
    {
      "moveset": [
        "psychocut",
        "sacredsword",
        "nightslash",
        "closecombat"
      ],
      "ivs": {
        "spe": 31,
        "spd": 31,
        "def": 31,
        "atk": 31,
        "hp": 31
      },
      "evs": {
        "spe": 252,
        "atk": 252,
        "hp": 4
      },
      "heldItem": [
        "focus_sash"
      ],
      "species": "gallade",
      "gender": "MALE",
      "level": 68,
      "nature": "jolly",
      "ability": "sharpness"
    }
  ],
  "identity": "Team Galactic Researcher (2)",
  "battleFormat": "GEN_9_SINGLES"
}