{
  "name": {
    "literal": "Team Galactic Grunt"
  },
  "ai": {
    "type": "rct",
    "data": {
      "moveBias": 1,
      "switchBias": 0.5,
      "statMoveBias": 1,
      "itemBias": 0.8,
      "maxSelectMargin": 0.15
    }
  },
  "battleRules": {},
  "team": [
    {
      "moveset": [
        "poisonjab",
        "airslash",
        "haze",
        "meanlook"
      ],
      "ivs": {
        "spe": 31,
        "spd": 31,
        "spa": 31,
        "def": 31,
        "atk": 31,
        "hp": 31
      },
      "evs": {
        "spe": 252,
        "atk": 252,
        "hp": 4
      },
      "species": "golbat",
      "gender": "FEMALE",
      "level": 48,
      "nature": "jolly",
      "ability": "innerfocus"
    },
    {
      "moveset": [
        "poisonjab",
        "nightslash",
        "flamethrower",
        "explosion"
      ],
      "ivs": {
        "spe": 31,
        "spd": 31,
        "spa": 31,
        "def": 31,
        "atk": 31,
        "hp": 31
      },
      "evs": {
        "spa": 252,
        "atk": 252,
        "hp": 4
      },
      "species": "skuntank",
      "gender": "MALE",
      "level": 50,
      "nature": "naughty",
      "ability": "aftermath"
    }
  ],
  "battleFormat": "GEN_9_SINGLES"
}