{
  "name": {
    "literal": "Galactic Supervisor"
  },
  "ai": {
    "type": "rct",
    "data": {
      "moveBias": 1,
      "switchBias": 0.5,
      "statMoveBias": 1,
      "itemBias": 0.8,
      "maxSelectMargin": 0.15
    }
  },
  "battleRules": {
    "maxItemUses": 1
  },
  "bag": [
    {
      "item": "cobblemon:full_restore",
      "quantity": 1
    }
  ],
  "team": [
    {
      "moveset": [
        "fireblast",
        "thunderbolt",
        "focusblast",
        "psychic"
      ],
      "ivs": {
        "spe": 31,
        "spd": 31,
        "spa": 31,
        "def": 31,
        "hp": 31
      },
      "evs": {
        "spe": 252,
        "spa": 252,
        "hp": 4
      },
      "heldItem": [
        "expert_belt"
      ],
      "species": "magmortar",
      "gender": "MALE",
      "level": 68,
      "nature": "modest",
      "ability": "flamebody"
    },
    {
      "moveset": [
        "wildcharge",
        "icepunch",
        "earthquake",
        "crosschop"
      ],
      "ivs": {
        "spe": 31,
        "spd": 31,
        "def": 31,
        "atk": 31,
        "hp": 31
      },
      "evs": {
        "spe": 252,
        "atk": 252,
        "hp": 4
      },
      "heldItem": [
        "life_orb"
      ],
      "species": "electivire",
      "gender": "MALE",
      "level": 68,
      "nature": "adamant",
      "ability": "motordrive"
    },
    {
      "moveset": [
        "hydropump",
        "flashcannon",
        "icebeam",
        "grassknot"
      ],
      "ivs": {
        "spe": 31,
        "spd": 31,
        "spa": 31,
        "def": 31,
        "hp": 31
      },
      "evs": {
        "spd": 4,
        "spa": 252,
        "hp": 252
      },
      "heldItem": [
        "assault_vest"
      ],
      "species": "empoleon",
      "gender": "MALE",
      "level": 69,
      "nature": "modest",
      "ability": "competitive"
    },
    {
      "moveset": [
        "crosspoison",
        "nightslash",
        "earthquake",
        "icefang"
      ],
      "ivs": {
        "spe": 31,
        "spd": 31,
        "def": 31,
        "atk": 31,
        "hp": 31
      },
      "evs": {
        "spe": 252,
        "atk": 252,
        "hp": 4
      },
      "heldItem": [
        "scope_lens"
      ],
      "species": "drapion",
      "gender": "FEMALE",
      "level": 69,
      "nature": "jolly",
      "ability": "sniper"
    },
    {
      "moveset": [
        "dracometeor",
        "earthquake",
        "stoneedge",
        "fireblast"
      ],
      "ivs": {
        "spe": 31,
        "spd": 31,
        "spa": 31,
        "def": 31,
        "atk": 31,
        "hp": 31
      },
      "evs": {
        "spe": 252,
        "spa": 4,
        "atk": 252
      },
      "heldItem": [
        "leftovers",
        "mega_showdown:garchompitez"
      ],
      "species": "garchomp",
      "gender": "MALE",
      "level": 70,
      "nature": "naughty",
      "ability": "roughskin"
    }
  ],
  "battleFormat": "GEN_9_DOUBLES"
}