{
  "name": {
    "literal": "Saturn"
  },
  "ai": {
    "type": "rct",
    "data": {
      "moveBias": 1,
      "switchBias": 0.5,
      "statMoveBias": 1,
      "itemBias": 0.8,
      "maxSelectMargin": 0.15
    }
  },
  "battleRules": {
    "maxItemUses": 6
  },
  "bag": [
    {
      "item": "cobblemon:full_restore",
      "quantity": 6
    }
  ],
  "team": [
    {
      "moveset": [
        "psychic",
        "shadowball",
        "protect",
        "taunt"
      ],
      "ivs": {
        "spe": 31,
        "spd": 31,
        "spa": 31,
        "def": 31,
        "hp": 31
      },
      "evs": {
        "spe": 252,
        "spa": 252,
        "hp": 4
      },
      "heldItem": [
        "leftovers",
        "mega_showdown:alakazite"
      ],
      "species": "alakazam",
      "gender": "MALE",
      "level": 75,
      "nature": "timid",
      "ability": "magicguard"
    },
    {
      "moveset": [
        "drainpunch",
        "poisonjab",
        "suckerpunch",
        "icepunch"
      ],
      "ivs": {
        "spe": 31,
        "spd": 31,
        "spa": 31,
        "def": 31,
        "atk": 31,
        "hp": 31
      },
      "evs": {
        "spe": 252,
        "atk": 252,
        "hp": 4
      },
      "heldItem": [
        "life_orb"
      ],
      "species": "toxicroak",
      "gender": "FEMALE",
      "level": 78,
      "nature": "jolly",
      "ability": "dryskin"
    },
    {
      "moveset": [
        "gyroball",
        "trickroom",
        "protect",
        "earthquake"
      ],
      "ivs": {
        "spd": 31,
        "spa": 31,
        "def": 31,
        "atk": 31,
        "hp": 31
      },
      "evs": {
        "spd": 4,
        "def": 252,
        "hp": 252
      },
      "heldItem": [
        "leftovers"
      ],
      "species": "bronzong",
      "gender": "MALE",
      "level": 77,
      "nature": "relaxed",
      "ability": "levitate"
    },
    {
      "moveset": [
        "bravebird",
        "tailwind",
        "superfang",
        "roost"
      ],
      "ivs": {
        "spe": 31,
        "spd": 31,
        "spa": 31,
        "def": 31,
        "atk": 31,
        "hp": 31
      },
      "evs": {
        "spe": 252,
        "atk": 252,
        "hp": 4
      },
      "heldItem": [
        "eviolite"
      ],
      "species": "golbat",
      "gender": "MALE",
      "level": 76,
      "nature": "jolly",
      "ability": "levitate"
    },
    {
      "moveset": [
        "sludgebomb",
        "blizzard",
        "earthpower",
        "thunderbolt"
      ],
      "ivs": {
        "spe": 31,
        "spd": 31,
        "spa": 31,
        "def": 31,
        "atk": 31,
        "hp": 31
      },
      "evs": {
        "spe": 252,
        "spa": 252,
        "hp": 4
      },
      "heldItem": [
        "life_orb"
      ],
      "species": "nidoking",
      "gender": "MALE",
      "level": 75,
      "nature": "timid",
      "ability": "sheerforce"
    },
    {
      "moveset": [
        "poisonjab",
        "suckerpunch",
        "playrough",
        "taunt"
      ],
      "ivs": {
        "spe": 31,
        "spd": 31,
        "spa": 31,
        "def": 31,
        "atk": 31,
        "hp": 31
      },
      "evs": {
        "spe": 252,
        "atk": 252,
        "hp": 4
      },
      "heldItem": [
        "black_sludge"
      ],
      "species": "skuntank",
      "gender": "MALE",
      "level": 77,
      "nature": "jolly",
      "ability": "aftermath"
    }
  ],
  "battleFormat": "GEN_9_DOUBLES"
}