{
  "name": {
    "literal": "Atena"
  },
  "ai": {
    "type": "rct",
    "data": {
      "moveBias": 1,
      "switchBias": 0.5,
      "statMoveBias": 1,
      "itemBias": 0.8,
      "maxSelectMargin": 0.15
    }
  },
  "battleRules": {
    "maxItemUses": 2
  },
  "bag": [
    {
      "item": "cobblemon:full_restore",
      "quantity": 2
    }
  ],
  "team": [
    {
      "moveset": [
        "gunkshot",
        "earthquake",
        "suckerpunch",
        "switcheroo"
      ],
      "ivs": {
        "spe": 31,
        "spd": 31,
        "spa": 31,
        "def": 31,
        "atk": 31,
        "hp": 31
      },
      "evs": {
        "spe": 252,
        "def": 6,
        "atk": 252
      },
      "heldItem": [
        "choice_band"
      ],
      "species": "arbok",
      "gender": "MALE",
      "level": 79,
      "nature": "jolly",
      "ability": "intimidate"
    },
    {
      "moveset": [
        "gigadrain",
        "strengthsap",
        "sludgebomb",
        "sleeppowder"
      ],
      "ivs": {
        "spe": 31,
        "spd": 31,
        "spa": 31,
        "def": 31,
        "atk": 31,
        "hp": 31
      },
      "evs": {
        "spd": 6,
        "def": 252,
        "hp": 252
      },
      "heldItem": [
        "black_sludge"
      ],
      "species": "vileplume",
      "gender": "MALE",
      "level": 80,
      "nature": "bold",
      "ability": "effectspore"
    },
    {
      "moveset": [
        "rest",
        "sleeptalk",
        "curse",
        "poisonjab"
      ],
      "ivs": {
        "spe": 31,
        "spd": 31,
        "spa": 31,
        "def": 31,
        "atk": 31,
        "hp": 31
      },
      "evs": {
        "spd": 252,
        "atk": 6,
        "hp": 252
      },
      "heldItem": [
        "leftovers"
      ],
      "species": "muk",
      "gender": "MALE",
      "level": 79,
      "nature": "careful",
      "ability": "stickyhold"
    },
    {
      "moveset": [
        "hypnosis",
        "bellydrum",
        "zenheadbutt",
        "drainpunch"
      ],
      "ivs": {
        "spe": 31,
        "spd": 31,
        "spa": 31,
        "def": 31,
        "atk": 31,
        "hp": 31
      },
      "evs": {
        "spe": 252,
        "spd": 4,
        "atk": 252
      },
      "heldItem": [
        "scope_lens"
      ],
      "species": "hypno",
      "gender": "MALE",
      "level": 80,
      "nature": "jolly",
      "ability": "insomnia"
    },
    {
      "moveset": [
        "bravebird",
        "suckerpunch",
        "superpower",
        "taunt"
      ],
      "ivs": {
        "spe": 31,
        "spd": 31,
        "spa": 31,
        "def": 31,
        "atk": 31,
        "hp": 31
      },
      "evs": {
        "spe": 252,
        "def": 6,
        "atk": 252
      },
      "heldItem": [
        "focus_sash"
      ],
      "species": "honchkrow",
      "gender": "MALE",
      "level": 78,
      "nature": "jolly",
      "ability": "moxie"
    }
  ],
  "battleFormat": "GEN_9_SINGLES"
}