{
  "name": {
    "literal": "Team Galactic Employee"
  },
  "ai": {
    "type": "rct",
    "data": {
      "moveBias": 1,
      "switchBias": 0.5,
      "statMoveBias": 1,
      "itemBias": 0.8,
      "maxSelectMargin": 0.15
    }
  },
  "battleRules": {},
  "bag": [
    {
      "item": "cobblemon:full_restore",
      "quantity": 2
    }
  ],
  "team": [
    {
      "moveset": [
        "fakeout",
        "doublehit",
        "lowkick",
        "uturn"
      ],
      "ivs": {
        "spe": 31,
        "spd": 31,
        "def": 31,
        "atk": 31,
        "hp": 31
      },
      "evs": {
        "spe": 252,
        "atk": 252,
        "hp": 4
      },
      "heldItem": [
        "silk_scarf"
      ],
      "species": "ambipom",
      "gender": "MALE",
      "level": 65,
      "nature": "jolly",
      "ability": "technician"
    },
    {
      "moveset": [
        "gyroball",
        "confuseray",
        "irondefense",
        "extrasensory"
      ],
      "ivs": {
        "spd": 31,
        "spa": 31,
        "def": 31,
        "atk": 31,
        "hp": 31
      },
      "evs": {
        "spd": 4,
        "def": 252,
        "hp": 252
      },
      "heldItem": [
        "rocky_helmet"
      ],
      "species": "bronzor",
      "gender": "GENDERLESS",
      "level": 65,
      "nature": "relaxed",
      "ability": "levitate"
    },
    {
      "moveset": [
        "facade",
        "crunch",
        "suckerpunch",
        "zenheadbutt"
      ],
      "ivs": {
        "spe": 31,
        "spd": 31,
        "def": 31,
        "atk": 31,
        "hp": 31
      },
      "evs": {
        "spe": 252,
        "atk": 252,
        "hp": 4
      },
      "heldItem": [
        "flame_orb"
      ],
      "species": "raticate",
      "gender": "MALE",
      "level": 66,
      "nature": "jolly",
      "ability": "guts"
    },
    {
      "moveset": [
        "poisonjab",
        "nightslash",
        "playrough",
        "explosion"
      ],
      "ivs": {
        "spe": 31,
        "spd": 31,
        "def": 31,
        "atk": 31,
        "hp": 31
      },
      "evs": {
        "def": 4,
        "atk": 252,
        "hp": 252
      },
      "heldItem": [
        "black_sludge"
      ],
      "species": "skuntank",
      "gender": "FEMALE",
      "level": 67,
      "nature": "adamant",
      "ability": "aftermath"
    }
  ],
  "identity": "Team Galactic Employee (4)",
  "battleFormat": "GEN_9_SINGLES"
}