{
  "name": {
    "literal": "Team Galactic Employee"
  },
  "ai": {
    "type": "rct",
    "data": {
      "moveBias": 1,
      "switchBias": 0.5,
      "statMoveBias": 1,
      "itemBias": 0.8,
      "maxSelectMargin": 0.15
    }
  },
  "battleRules": {},
  "bag": [
    {
      "item": "cobblemon:full_restore",
      "quantity": 1
    }
  ],
  "team": [
    {
      "moveset": [
        "gyroball",
        "psychic",
        "earthquake",
        "irondefense"
      ],
      "ivs": {
        "spd": 31,
        "spa": 31,
        "def": 31,
        "atk": 31,
        "hp": 31
      },
      "evs": {
        "spd": 128,
        "def": 128,
        "hp": 252
      },
      "heldItem": [
        "leftovers"
      ],
      "species": "bronzong",
      "gender": "GENDERLESS",
      "level": 68,
      "nature": "relaxed",
      "ability": "levitate"
    },
    {
      "moveset": [
        "iciclecrash",
        "nightslash",
        "iceshard",
        "lowkick"
      ],
      "ivs": {
        "spe": 31,
        "spd": 31,
        "def": 31,
        "atk": 31,
        "hp": 31
      },
      "evs": {
        "spe": 252,
        "atk": 252,
        "hp": 4
      },
      "heldItem": [
        "life_orb"
      ],
      "species": "weavile",
      "gender": "MALE",
      "level": 68,
      "nature": "jolly",
      "ability": "pressure"
    }
  ],
  "identity": "Team Galactic Employee (2)",
  "battleFormat": "GEN_9_SINGLES"
}