{
  "name": {
    "literal": "Team Galactic Scientist"
  },
  "ai": {
    "type": "rct",
    "data": {
      "moveBias": 1,
      "switchBias": 0.5,
      "statMoveBias": 1,
      "itemBias": 0.8,
      "maxSelectMargin": 0.15
    }
  },
  "battleRules": {},
  "bag": [
    {
      "item": "cobblemon:full_restore",
      "quantity": 2
    }
  ],
  "team": [
    {
      "moveset": [
        "reflect",
        "lightscreen",
        "gyroball",
        "confuseray"
      ],
      "ivs": {
        "spd": 31,
        "def": 31,
        "atk": 31,
        "hp": 31
      },
      "evs": {
        "spd": 4,
        "def": 252,
        "hp": 252
      },
      "heldItem": [
        "focus_sash"
      ],
      "species": "bronzong",
      "gender": "GENDERLESS",
      "level": 60,
      "nature": "relaxed",
      "ability": "levitate"
    },
    {
      "moveset": [
        "wildcharge",
        "crunch",
        "icefang",
        "voltswitch"
      ],
      "ivs": {
        "spe": 31,
        "spd": 31,
        "def": 31,
        "atk": 31,
        "hp": 31
      },
      "evs": {
        "spe": 252,
        "atk": 252,
        "hp": 4
      },
      "heldItem": [
        "magnet"
      ],
      "species": "luxray",
      "gender": "MALE",
      "level": 60,
      "nature": "adamant",
      "ability": "intimidate"
    },
    {
      "moveset": [
        "thunderbolt",
        "flashcannon",
        "voltswitch",
        "magnetrise"
      ],
      "ivs": {
        "spe": 31,
        "spd": 31,
        "spa": 31,
        "def": 31,
        "hp": 31
      },
      "evs": {
        "spd": 4,
        "spa": 252,
        "hp": 252
      },
      "heldItem": [
        "leftovers"
      ],
      "species": "magnezone",
      "gender": "GENDERLESS",
      "level": 62,
      "nature": "modest",
      "ability": "analytic"
    }
  ],
  "identity": "Team Galactic Scientist (1)",
  "battleFormat": "GEN_9_SINGLES"
}