{
  "name": {
    "literal": "Leader Max"
  },
  "ai": {
    "type": "rct",
    "data": {
      "moveBias": 1,
      "switchBias": 0.5,
      "statMoveBias": 1,
      "itemBias": 0.8,
      "maxSelectMargin": 0.15
    }
  },
  "battleRules": {
    "maxItemUses": 6
  },
  "bag": [
    {
      "item": "cobblemon:full_restore",
      "quantity": 6
    }
  ],
  "team": [
    {
      "moveset": [
        "firepunch",
        "precipiceblades",
        "thunderwave",
        "stoneedge"
      ],
      "ivs": {
        "spe": 31,
        "spd": 31,
        "spa": 31,
        "def": 31,
        "atk": 31,
        "hp": 31
      },
      "evs": {
        "spd": 252,
        "atk": 4,
        "hp": 252
      },
      "heldItem": [
        "mega_showdown:red_orb"
      ],
      "aspects": [
        "primal"
      ],
      "species": "groudon",
      "gender": "GENDERLESS",
      "level": 75,
      "nature": "careful",
      "ability": "drought"
    }
  ],
  "battleFormat": "GEN_9_SINGLES"
}