{
  "name": {
    "literal": "Team Galactic Researcher"
  },
  "ai": {
    "type": "rct",
    "data": {
      "moveBias": 1,
      "switchBias": 0.5,
      "statMoveBias": 1,
      "itemBias": 0.8,
      "maxSelectMargin": 0.15
    }
  },
  "battleRules": {},
  "bag": [
    {
      "item": "cobblemon:full_restore",
      "quantity": 2
    }
  ],
  "team": [
    {
      "moveset": [
        "recover",
        "triattack",
        "icebeam",
        "toxic"
      ],
      "ivs": {
        "spe": 31,
        "spd": 31,
        "spa": 31,
        "def": 31,
        "hp": 31
      },
      "evs": {
        "spd": 4,
        "def": 252,
        "hp": 252
      },
      "heldItem": [
        "eviolite"
      ],
      "species": "porygon2",
      "gender": "GENDERLESS",
      "level": 62,
      "nature": "bold",
      "ability": "download"
    },
    {
      "moveset": [
        "psychic",
        "shadowball",
        "dazzlinggleam",
        "energyball"
      ],
      "ivs": {
        "spe": 31,
        "spd": 31,
        "spa": 31,
        "def": 31,
        "hp": 31
      },
      "evs": {
        "spe": 252,
        "spa": 252,
        "hp": 4
      },
      "heldItem": [
        "life_orb"
      ],
      "species": "kadabra",
      "gender": "MALE",
      "level": 61,
      "nature": "timid",
      "ability": "magicguard"
    },
    {
      "moveset": [
        "flashcannon",
        "thunderbolt",
        "triattack",
        "hiddenpower"
      ],
      "ivs": {
        "spe": 31,
        "spd": 31,
        "spa": 31,
        "def": 31,
        "hp": 31
      },
      "evs": {
        "spd": 4,
        "spa": 252,
        "hp": 252
      },
      "heldItem": [
        "choice_specs"
      ],
      "species": "magneton",
      "gender": "GENDERLESS",
      "level": 62,
      "nature": "modest",
      "ability": "analytic"
    },
    {
      "moveset": [
        "psychic",
        "shadowball",
        "dazzlinggleam",
        "morningsun"
      ],
      "ivs": {
        "spe": 31,
        "spd": 31,
        "spa": 31,
        "def": 31,
        "hp": 31
      },
      "evs": {
        "spe": 252,
        "spa": 252,
        "hp": 4
      },
      "heldItem": [
        "leftovers"
      ],
      "species": "espeon",
      "gender": "FEMALE",
      "level": 63,
      "nature": "timid",
      "ability": "magicbounce"
    }
  ],
  "identity": "Team Galactic Researcher (1)",
  "battleFormat": "GEN_9_SINGLES"
}