{
  "name": {
    "literal": "Team Galactic Grunt"
  },
  "ai": {
    "type": "rct",
    "data": {
      "moveBias": 1,
      "switchBias": 0.5,
      "statMoveBias": 1,
      "itemBias": 0.8,
      "maxSelectMargin": 0.15
    }
  },
  "battleRules": {},
  "team": [
    {
      "moveset": [
        "bugbuzz",
        "sludgebomb",
        "quiverdance",
        "roost"
      ],
      "ivs": {
        "spe": 31,
        "spd": 31,
        "spa": 31,
        "def": 31,
        "hp": 31
      },
      "evs": {
        "spa": 100,
        "def": 156,
        "hp": 252
      },
      "species": "dustox",
      "gender": "FEMALE",
      "level": 50,
      "nature": "bold",
      "ability": "shielddust"
    }
  ],
  "battleFormat": "GEN_9_SINGLES"
}