{
  "name": {
    "literal": "Jupiter"
  },
  "ai": {
    "type": "rct",
    "data": {
      "moveBias": 1,
      "switchBias": 0.5,
      "statMoveBias": 1,
      "itemBias": 0.8,
      "maxSelectMargin": 0.15
    }
  },
  "battleRules": {
    "maxItemUses": 4
  },
  "bag": [
    {
      "item": "cobblemon:full_restore",
      "quantity": 4
    }
  ],
  "team": [
    {
      "moveset": [
        "fakeout",
        "return",
        "knockoff",
        "suckerpunch"
      ],
      "ivs": {
        "spe": 31,
        "spd": 31,
        "spa": 31,
        "def": 31,
        "atk": 31,
        "hp": 31
      },
      "evs": {
        "spe": 252,
        "atk": 252,
        "hp": 4
      },
      "heldItem": [
        "silk_scarf"
      ],
      "species": "purugly",
      "gender": "FEMALE",
      "level": 75,
      "nature": "jolly",
      "ability": "defiant"
    },
    {
      "moveset": [
        "shadowball",
        "sludgebomb",
        "taunt",
        "protect"
      ],
      "ivs": {
        "spe": 31,
        "spd": 31,
        "spa": 31,
        "def": 31,
        "hp": 31
      },
      "evs": {
        "spe": 252,
        "spa": 252,
        "hp": 4
      },
      "heldItem": [
        "leftovers",
        "mega_showdown:gengarite"
      ],
      "species": "gengar",
      "gender": "MALE",
      "level": 75,
      "nature": "timid",
      "ability": "shadowtag"
    },
    {
      "moveset": [
        "poisonjab",
        "suckerpunch",
        "taunt",
        "protect"
      ],
      "ivs": {
        "spe": 31,
        "spd": 31,
        "spa": 31,
        "def": 31,
        "atk": 31,
        "hp": 31
      },
      "evs": {
        "spe": 252,
        "atk": 252,
        "hp": 4
      },
      "heldItem": [
        "black_sludge"
      ],
      "species": "skuntank",
      "gender": "FEMALE",
      "level": 74,
      "nature": "jolly",
      "ability": "aftermath"
    },
    {
      "moveset": [
        "tailwind",
        "bravebird",
        "superfang",
        "roost"
      ],
      "ivs": {
        "spe": 31,
        "spd": 31,
        "spa": 31,
        "def": 31,
        "atk": 31,
        "hp": 31
      },
      "evs": {
        "spe": 252,
        "def": 4,
        "hp": 252
      },
      "heldItem": [
        "eviolite"
      ],
      "species": "golbat",
      "gender": "MALE",
      "level": 73,
      "nature": "jolly",
      "ability": "innerfocus"
    },
    {
      "moveset": [
        "rockslide",
        "crunch",
        "lowkick",
        "protect"
      ],
      "ivs": {
        "spe": 31,
        "spd": 31,
        "spa": 31,
        "def": 31,
        "atk": 31,
        "hp": 31
      },
      "evs": {
        "spd": 4,
        "atk": 252,
        "hp": 252
      },
      "heldItem": [
        "assault_vest"
      ],
      "species": "tyranitar",
      "gender": "MALE",
      "level": 74,
      "nature": "adamant",
      "ability": "sandstream"
    },
    {
      "moveset": [
        "knockoff",
        "suckerpunch",
        "playrough",
        "protect"
      ],
      "ivs": {
        "spe": 31,
        "spd": 31,
        "spa": 31,
        "def": 31,
        "atk": 31,
        "hp": 31
      },
      "evs": {
        "spe": 252,
        "atk": 252,
        "hp": 4
      },
      "heldItem": [
        "life_orb"
      ],
      "species": "absol",
      "gender": "MALE",
      "level": 74,
      "nature": "jolly",
      "ability": "justified"
    }
  ],
  "battleFormat": "GEN_9_DOUBLES"
}