{
  "name": {
    "literal": "Team Galactic Employee"
  },
  "ai": {
    "type": "rct",
    "data": {
      "moveBias": 1,
      "switchBias": 0.5,
      "statMoveBias": 1,
      "itemBias": 0.8,
      "maxSelectMargin": 0.15
    }
  },
  "battleRules": {},
  "bag": [
    {
      "item": "cobblemon:full_restore",
      "quantity": 2
    }
  ],
  "team": [
    {
      "moveset": [
        "chatter",
        "boomburst",
        "heatwave",
        "uturn"
      ],
      "ivs": {
        "spe": 31,
        "spd": 31,
        "spa": 31,
        "def": 31,
        "hp": 31
      },
      "evs": {
        "spe": 252,
        "spa": 252,
        "hp": 4
      },
      "heldItem": [
        "focus_sash"
      ],
      "species": "chatot",
      "gender": "MALE",
      "level": 60,
      "nature": "timid",
      "ability": "keeneye"
    },
    {
      "moveset": [
        "fakeout",
        "playrough",
        "slash",
        "suckerpunch"
      ],
      "ivs": {
        "spe": 31,
        "spd": 31,
        "def": 31,
        "atk": 31,
        "hp": 31
      },
      "evs": {
        "spe": 252,
        "atk": 252,
        "hp": 4
      },
      "heldItem": [
        "silk_scarf"
      ],
      "species": "glameow",
      "gender": "FEMALE",
      "level": 60,
      "nature": "jolly",
      "ability": "limber"
    },
    {
      "moveset": [
        "gyroball",
        "earthquake",
        "explosion",
        "spikes"
      ],
      "ivs": {
        "spd": 31,
        "def": 31,
        "atk": 31,
        "hp": 31
      },
      "evs": {
        "def": 252,
        "atk": 4,
        "hp": 252
      },
      "heldItem": [
        "rocky_helmet"
      ],
      "species": "forretress",
      "gender": "MALE",
      "level": 61,
      "nature": "relaxed",
      "ability": "sturdy"
    }
  ],
  "identity": "Team Galactic Employee (3)",
  "battleFormat": "GEN_9_SINGLES"
}