{
  "name": {
    "literal": "Team Galactic Grunt"
  },
  "ai": {
    "type": "rct",
    "data": {
      "moveBias": 1,
      "switchBias": 0.5,
      "statMoveBias": 1,
      "itemBias": 0.8,
      "maxSelectMargin": 0.15
    }
  },
  "battleRules": {},
  "team": [
    {
      "moveset": [
        "poisonjab",
        "drainpunch",
        "suckerpunch",
        "bulkup"
      ],
      "ivs": {
        "spe": 31,
        "spd": 31,
        "spa": 31,
        "def": 31,
        "atk": 31,
        "hp": 31
      },
      "evs": {
        "spe": 156,
        "atk": 252,
        "hp": 100
      },
      "species": "toxicroak",
      "gender": "MALE",
      "level": 48,
      "nature": "adamant",
      "ability": "dryskin"
    }
  ],
  "battleFormat": "GEN_9_SINGLES"
}