{
  "name": {
    "literal": "Team Galactic Engineer"
  },
  "ai": {
    "type": "rct",
    "data": {
      "moveBias": 1,
      "switchBias": 0.5,
      "statMoveBias": 1,
      "itemBias": 0.8,
      "maxSelectMargin": 0.15
    }
  },
  "battleRules": {
    "maxItemUses": 1
  },
  "bag": [
    {
      "item": "cobblemon:full_restore",
      "quantity": 1
    }
  ],
  "team": [
    {
      "moveset": [
        "dazzlinggleam",
        "flashcannon",
        "foulplay",
        "drainingkiss"
      ],
      "ivs": {
        "spe": 31,
        "spd": 31,
        "spa": 31,
        "def": 31,
        "hp": 31
      },
      "evs": {
        "spd": 4,
        "def": 252,
        "hp": 252
      },
      "heldItem": [
        "leftovers"
      ],
      "species": "klefki",
      "gender": "FEMALE",
      "level": 62,
      "nature": "bold",
      "ability": "prankster"
    },
    {
      "moveset": [
        "ironhead",
        "nightslash",
        "suckerpunch",
        "xscissor"
      ],
      "ivs": {
        "spe": 31,
        "spd": 31,
        "def": 31,
        "atk": 31,
        "hp": 31
      },
      "evs": {
        "spe": 252,
        "atk": 252,
        "hp": 4
      },
      "heldItem": [
        "focus_sash"
      ],
      "species": "bisharp",
      "gender": "MALE",
      "level": 63,
      "nature": "adamant",
      "ability": "defiant"
    },
    {
      "moveset": [
        "ironhead",
        "highhorsepower",
        "playrough",
        "zenheadbutt"
      ],
      "ivs": {
        "spe": 31,
        "spd": 31,
        "def": 31,
        "atk": 31,
        "hp": 31
      },
      "evs": {
        "def": 4,
        "atk": 252,
        "hp": 252
      },
      "heldItem": [
        "eviolite"
      ],
      "species": "cufant",
      "gender": "MALE",
      "level": 62,
      "nature": "adamant",
      "ability": "sheerforce"
    },
    {
      "moveset": [
        "meteormash",
        "zenheadbutt",
        "earthquake",
        "bulletpunch"
      ],
      "ivs": {
        "spe": 31,
        "spd": 31,
        "def": 31,
        "atk": 31,
        "hp": 31
      },
      "evs": {
        "def": 4,
        "atk": 252,
        "hp": 252
      },
      "heldItem": [
        "assault_vest"
      ],
      "species": "metagross",
      "gender": "GENDERLESS",
      "level": 63,
      "nature": "adamant",
      "ability": "clearbody"
    },
    {
      "moveset": [
        "stoneedge",
        "earthquake",
        "wildcharge",
        "icepunch"
      ],
      "ivs": {
        "spe": 31,
        "spd": 31,
        "def": 31,
        "atk": 31,
        "hp": 31
      },
      "evs": {
        "spe": 252,
        "atk": 252,
        "hp": 4
      },
      "heldItem": [
        "leftovers"
      ],
      "species": "ironthorns",
      "gender": "GENDERLESS",
      "level": 64,
      "nature": "adamant",
      "ability": "quarkdrive"
    }
  ],
  "identity": "Team Galactic Engineer (3)",
  "battleFormat": "GEN_9_SINGLES"
}