{
  "name": {
    "literal": "Team Galactic Scientist"
  },
  "ai": {
    "type": "rct",
    "data": {
      "moveBias": 1,
      "switchBias": 0.5,
      "statMoveBias": 1,
      "itemBias": 0.8,
      "maxSelectMargin": 0.15
    }
  },
  "battleRules": {},
  "bag": [
    {
      "item": "cobblemon:super_potion",
      "quantity": 2
    }
  ],
  "team": [
    {
      "moveset": [
        "stealthrock",
        "hypnosis",
        "gyroball",
        "reflect"
      ],
      "ivs": {
        "spd": 31,
        "spa": 31,
        "def": 31,
        "atk": 31,
        "hp": 31
      },
      "evs": {
        "spd": 4,
        "def": 252,
        "hp": 252
      },
      "heldItem": [
        "light_clay"
      ],
      "species": "bronzong",
      "gender": "GENDERLESS",
      "level": 64,
      "nature": "relaxed",
      "ability": "levitate"
    },
    {
      "moveset": [
        "scald",
        "recover",
        "toxic",
        "earthpower"
      ],
      "ivs": {
        "spe": 31,
        "spd": 31,
        "spa": 31,
        "def": 31,
        "hp": 31
      },
      "evs": {
        "spd": 4,
        "def": 252,
        "hp": 252
      },
      "heldItem": [
        "leftovers"
      ],
      "species": "gastrodon",
      "gender": "MALE",
      "level": 65,
      "nature": "bold",
      "ability": "stormdrain"
    },
    {
      "moveset": [
        "willowisp",
        "hex",
        "substitute",
        "disable"
      ],
      "ivs": {
        "spe": 31,
        "spd": 31,
        "spa": 31,
        "def": 31,
        "hp": 31
      },
      "evs": {
        "spe": 252,
        "spa": 4,
        "hp": 252
      },
      "heldItem": [
        "sitrus_berry"
      ],
      "species": "drifblim",
      "gender": "MALE",
      "level": 63,
      "nature": "timid",
      "ability": "unburden"
    },
    {
      "moveset": [
        "thunderbolt",
        "flashcannon",
        "voltswitch",
        "magnetrise"
      ],
      "ivs": {
        "spe": 31,
        "spd": 31,
        "spa": 31,
        "def": 31,
        "hp": 31
      },
      "evs": {
        "spd": 4,
        "spa": 252,
        "hp": 252
      },
      "heldItem": [
        "leftovers"
      ],
      "species": "magnezone",
      "gender": "GENDERLESS",
      "level": 66,
      "nature": "modest",
      "ability": "analytic"
    }
  ],
  "identity": "Team Galactic Scientist (2)",
  "battleFormat": "GEN_9_SINGLES"
}