{
  "name": {
    "literal": "Team Galactic Grunt"
  },
  "ai": {
    "type": "rct",
    "data": {
      "moveBias": 1,
      "switchBias": 0.5,
      "statMoveBias": 1,
      "itemBias": 0.8,
      "maxSelectMargin": 0.15
    }
  },
  "battleRules": {},
  "team": [
    {
      "moveset": [
        "acidspray",
        "furyswipes",
        "smokescreen",
        "slash"
      ],
      "ivs": {
        "spe": 15,
        "spd": 15,
        "spa": 15,
        "def": 15,
        "atk": 15,
        "hp": 15
      },
      "evs": {
        "spe": 100,
        "atk": 100
      },
      "species": "stunky",
      "gender": "FEMALE",
      "level": 30,
      "nature": "adamant",
      "ability": "stench"
    },
    {
      "moveset": [
        "crunch",
        "hyperfang",
        "quickattack"
      ],
      "ivs": {
        "spe": 15,
        "spd": 15,
        "spa": 15,
        "def": 15,
        "atk": 15,
        "hp": 15
      },
      "evs": {
        "spe": 100,
        "atk": 100
      },
      "species": "rattata",
      "gender": "MALE",
      "level": 28,
      "nature": "jolly",
      "ability": "guts"
    }
  ],
  "battleFormat": "GEN_9_SINGLES"
}