{
  "name": {
    "literal": "Team Galactic Employee"
  },
  "ai": {
    "type": "rct",
    "data": {
      "moveBias": 1,
      "switchBias": 0.5,
      "statMoveBias": 1,
      "itemBias": 0.8,
      "maxSelectMargin": 0.15
    }
  },
  "battleRules": {},
  "bag": [
    {
      "item": "cobblemon:full_restore",
      "quantity": 1
    }
  ],
  "team": [
    {
      "moveset": [
        "fakeout",
        "doublehit",
        "lowkick",
        "uturn"
      ],
      "ivs": {
        "spe": 31,
        "spd": 31,
        "def": 31,
        "atk": 31,
        "hp": 31
      },
      "evs": {
        "spe": 252,
        "atk": 252,
        "hp": 4
      },
      "heldItem": [
        "silk_scarf"
      ],
      "species": "ambipom",
      "gender": "MALE",
      "level": 65,
      "nature": "jolly",
      "ability": "technician"
    },
    {
      "moveset": [
        "gyroball",
        "earthquake",
        "spikes",
        "explosion"
      ],
      "ivs": {
        "spd": 31,
        "def": 31,
        "atk": 31,
        "hp": 31
      },
      "evs": {
        "def": 252,
        "atk": 4,
        "hp": 252
      },
      "heldItem": [
        "rocky_helmet"
      ],
      "species": "forretress",
      "gender": "MALE",
      "level": 66,
      "nature": "relaxed",
      "ability": "sturdy"
    },
    {
      "moveset": [
        "bravebird",
        "poisonjab",
        "leechlife",
        "zenheadbutt"
      ],
      "ivs": {
        "spe": 31,
        "spd": 31,
        "def": 31,
        "atk": 31,
        "hp": 31
      },
      "evs": {
        "spe": 252,
        "atk": 252,
        "hp": 4
      },
      "heldItem": [
        "sharp_beak"
      ],
      "species": "crobat",
      "gender": "FEMALE",
      "level": 67,
      "nature": "jolly",
      "ability": "innerfocus"
    },
    {
      "moveset": [
        "dynamicpunch",
        "stoneedge",
        "knockoff",
        "bulletpunch"
      ],
      "ivs": {
        "spe": 31,
        "spd": 31,
        "def": 31,
        "atk": 31,
        "hp": 31
      },
      "evs": {
        "def": 4,
        "atk": 252,
        "hp": 252
      },
      "heldItem": [
        "expert_belt"
      ],
      "species": "machamp",
      "gender": "MALE",
      "level": 68,
      "nature": "adamant",
      "ability": "noguard"
    }
  ],
  "identity": "Team Galactic Employee (1)",
  "battleFormat": "GEN_9_SINGLES"
}