{
  "name": {
    "literal": "Team Galactic Grunt"
  },
  "ai": {
    "type": "rct",
    "data": {
      "moveBias": 1,
      "switchBias": 0.5,
      "statMoveBias": 1,
      "itemBias": 0.8,
      "maxSelectMargin": 0.15
    }
  },
  "battleRules": {},
  "team": [
    {
      "moveset": [
        "thundershock",
        "tackle"
      ],
      "ivs": {
        "spe": 10,
        "spd": 10,
        "spa": 10,
        "def": 10,
        "atk": 10,
        "hp": 10
      },
      "evs": {
        "hp": 50
      },
      "species": "magnemite",
      "gender": "GENDERLESS",
      "level": 20,
      "nature": "calm",
      "ability": "sturdy"
    },
    {
      "moveset": [
        "tackle",
        "stringshot"
      ],
      "ivs": {
        "spe": 10,
        "spd": 10,
        "spa": 10,
        "def": 10,
        "atk": 10,
        "hp": 10
      },
      "evs": {
        "spe": 50,
        "atk": 50
      },
      "species": "wurmple",
      "gender": "MALE",
      "level": 18,
      "nature": "jolly",
      "ability": "runaway"
    },
    {
      "moveset": [
        "gust",
        "confusion",
        "poisonpowder"
      ],
      "ivs": {
        "spe": 15,
        "spd": 15,
        "spa": 15,
        "def": 15,
        "atk": 15,
        "hp": 15
      },
      "evs": {
        "spa": 50,
        "hp": 50
      },
      "species": "dustox",
      "gender": "MALE",
      "level": 22,
      "nature": "serious",
      "ability": "shielddust"
    }
  ],
  "battleFormat": "GEN_9_SINGLES"
}