{
  "name": {
    "literal": "Team Galactic Researcher"
  },
  "ai": {
    "type": "rct",
    "data": {
      "moveBias": 1,
      "switchBias": 0.5,
      "statMoveBias": 1,
      "itemBias": 0.8,
      "maxSelectMargin": 0.15
    }
  },
  "battleRules": {},
  "bag": [
    {
      "item": "cobblemon:full_restore",
      "quantity": 3
    }
  ],
  "team": [
    {
      "moveset": [
        "hydropump",
        "icebeam",
        "earthpower",
        "ancientpower"
      ],
      "ivs": {
        "spe": 31,
        "spd": 31,
        "spa": 31,
        "def": 31,
        "hp": 31
      },
      "evs": {
        "spe": 252,
        "spa": 252,
        "hp": 4
      },
      "heldItem": [
        "focus_sash"
      ],
      "species": "omastar",
      "gender": "MALE",
      "level": 67,
      "nature": "modest",
      "ability": "weakarmor"
    },
    {
      "moveset": [
        "stoneedge",
        "earthquake",
        "dualwingbeat",
        "ironhead"
      ],
      "ivs": {
        "spe": 31,
        "spd": 31,
        "def": 31,
        "atk": 31,
        "hp": 31
      },
      "evs": {
        "spe": 252,
        "atk": 252,
        "hp": 4
      },
      "heldItem": [
        "life_orb"
      ],
      "species": "aerodactyl",
      "gender": "MALE",
      "level": 68,
      "nature": "jolly",
      "ability": "pressure"
    },
    {
      "moveset": [
        "shadowball",
        "darkpulse",
        "willowisp",
        "painsplit"
      ],
      "ivs": {
        "spe": 31,
        "spd": 31,
        "spa": 31,
        "def": 31,
        "hp": 31
      },
      "evs": {
        "spd": 252,
        "def": 4,
        "hp": 252
      },
      "heldItem": [
        "leftovers"
      ],
      "species": "spiritomb",
      "gender": "FEMALE",
      "level": 68,
      "nature": "calm",
      "ability": "pressure"
    },
    {
      "moveset": [
        "earthpower",
        "thunderbolt",
        "flashcannon",
        "powergem"
      ],
      "ivs": {
        "spe": 31,
        "spd": 31,
        "spa": 31,
        "def": 31,
        "hp": 31
      },
      "evs": {
        "spe": 252,
        "spa": 252,
        "hp": 4
      },
      "heldItem": [
        "life_orb"
      ],
      "species": "sandyshocks",
      "gender": "GENDERLESS",
      "level": 70,
      "nature": "timid",
      "ability": "protosynthesis"
    }
  ],
  "identity": "Team Galactic Researcher (3)",
  "battleFormat": "GEN_9_SINGLES"
}