{
  "pools": [
    {
      "rolls": {
        "min": 1,
        "max": 1
      },
      "entries": [
        {
          "type": "minecraft:loot_table",
          "value": "rctmod:generic/common/pokeballs",
          "weight": 5,
          "conditions": [
            {
              "condition": "rctmod:defeat_count",
              "comparator": "<",
              "count": 20
            }
          ]
        },
        {
          "type": "minecraft:loot_table",
          "value": "rctmod:generic/common/berries",
          "weight": 5,
          "conditions": [
            {
              "condition": "rctmod:defeat_count",
              "comparator": "<",
              "count": 20
            }
          ]
        },
        {
          "type": "minecraft:loot_table",
          "value": "rctmod:generic/common/nature",
          "weight": 5,
          "conditions": [
            {
              "condition": "rctmod:defeat_count",
              "comparator": "<",
              "count": 20
            }
          ]
        },
        {
          "type": "minecraft:loot_table",
          "value": "rctmod:generic/common/battle",
          "weight": 4,
          "conditions": [
            {
              "condition": "rctmod:defeat_count",
              "comparator": "<",
              "count": 20
            }
          ]
        },
        {
          "type": "minecraft:item",
          "name": "minecraft:trial_key",
          "weight": 3
        }
      ]
    }
  ],
  "random_sequence": "rctmod:trainers/groups/team_galactic_recruit"
}