{
  "pools": [
    {
      "rolls": {
        "max": 1,
        "min": 0
      },
      "entries": [
        {
          "type": "minecraft:loot_table",
          "value": "rctmod:generic/team_rocket/fossils"
        },
        {
          "type": "minecraft:loot_table",
          "value": "rctmod:generic/team_rocket/potions"
        }
      ]
    },
    {
      "rolls": {
        "max": 2,
        "min": 1
      },
      "entries": [
        {
          "type": "minecraft:loot_table",
          "value": "rctmod:generic/team_rocket/tumblestones"
        }
      ]
    },
    {
      "rolls": {
        "max": 1,
        "min": 1
      },
      "entries": [
        {
          "type": "minecraft:item",
          "name": "lumymon:fossilized_helmet",
          "conditions": [
            {
              "condition": "rctmod:defeat_count",
              "comparator": "==",
              "count": 1
            }
          ]
        }
      ]
    }
  ],
  "random_sequence": "rctmod:trainers/groups/team_rocket_scientist"
}