{
  "pools": [
    {
      "rolls": {
        "max": 1,
        "min": 1
      },
      "entries": [
        {
          "type": "minecraft:loot_table",
          "value": "rctmod:generic/team_rocket/tumblestones"
        }
      ]
    },
    {
      "rolls": {
        "max": 1,
        "min": 1
      },
      "entries": [
        {
          "type": "minecraft:item",
          "name": "minecraft:paper",
          "weight": 10,
          "functions": [
            {
              "function": "minecraft:set_count",
              "count": {
                "min": 1,
                "max": 3
              }
            }
          ]
        },
        {
          "type": "minecraft:item",
          "name": "minecraft:book",
          "weight": 8
        },
        {
          "type": "minecraft:item",
          "name": "minecraft:enchanted_book",
          "weight": 3,
          "functions": [
            {
              "function": "minecraft:set_components",
              "components": {
                "minecraft:stored_enchantments": {
                  "levels": {
                    "minecraft:sharpness": 3
                  }
                }
              }
            }
          ]
        },
        {
          "type": "minecraft:item",
          "name": "minecraft:enchanted_book",
          "weight": 3,
          "functions": [
            {
              "function": "minecraft:set_components",
              "components": {
                "minecraft:stored_enchantments": {
                  "levels": {
                    "minecraft:flame": 1
                  }
                }
              }
            }
          ]
        },
        {
          "type": "minecraft:item",
          "name": "minecraft:enchanted_book",
          "weight": 1,
          "functions": [
            {
              "function": "minecraft:set_components",
              "components": {
                "minecraft:stored_enchantments": {
                  "levels": {
                    "minecraft:mending": 1
                  }
                }
              }
            }
          ]
        }
      ]
    }
  ],
  "random_sequence": "rctmod:trainers/groups/team_galactic_researcher"
}