{
  "pools": [
    {
      "rolls": {
        "max": 2,
        "min": 1
      },
      "entries": [
        {
          "type": "minecraft:loot_table",
          "value": "rctmod:generic/team_rocket/vitamins",
          "conditions": [
            {
              "condition": "rctmod:defeat_count",
              "comparator": "<",
              "count": 5
            }
          ]
        },
        {
          "type": "minecraft:loot_table",
          "value": "rctmod:generic/team_rocket/tms",
          "conditions": [
            {
              "condition": "rctmod:defeat_count",
              "comparator": "<",
              "count": 5
            }
          ]
        }
      ]
    },
    {
      "rolls": {
        "max": 1,
        "min": 0
      },
      "entries": [
        {
          "type": "minecraft:loot_table",
          "value": "rctmod:generic/team_rocket/potions",
          "conditions": [
            {
              "condition": "rctmod:defeat_count",
              "comparator": "<",
              "count": 5
            }
          ]
        }
      ]
    }
  ],
  "random_sequence": "rctmod:trainers/groups/team_rocket_officer"
}