{
  "pools": [
    {
      "rolls": {
        "min": 1,
        "max": 1
      },
      "entries": [
        {
          "type": "minecraft:item",
          "name": "minecraft:redstone",
          "weight": 10,
          "functions": [
            {
              "function": "minecraft:set_count",
              "count": {
                "min": 1,
                "max": 3
              }
            }
          ]
        },
        {
          "type": "minecraft:item",
          "name": "minecraft:redstone_torch",
          "weight": 8
        },
        {
          "type": "minecraft:item",
          "name": "minecraft:comparator",
          "weight": 6
        },
        {
          "type": "minecraft:item",
          "name": "minecraft:repeater",
          "weight": 6
        },
        {
          "type": "minecraft:item",
          "name": "minecraft:observer",
          "weight": 5
        },
        {
          "type": "minecraft:item",
          "name": "cobblemon:upgrade",
          "weight": 3,
          "conditions": [
            {
              "condition": "rctmod:defeat_count",
              "comparator": "<",
              "count": 5
            }
          ]
        },
        {
          "type": "minecraft:item",
          "name": "lumymon:locator_chip",
          "weight": 1,
          "conditions": [
            {
              "condition": "rctmod:defeat_count",
              "comparator": "<",
              "count": 10
            }
          ]
        }
      ]
    }
  ],
  "random_sequence": "rctmod:trainers/groups/team_galactic_engineer"
}