{
	"format_version": "1.12.0",
	"minecraft:geometry": [
		{
			"description": {
				"identifier": "geometry.unknown",
				"texture_width": 128,
				"texture_height": 128,
				"visible_bounds_width": 3,
				"visible_bounds_height": 3.5,
				"visible_bounds_offset": [0, 1.25, 0]
			},
			"bones": [
				{
					"name": "virizion",
					"pivot": [0, 0, 0]
				},
				{
					"name": "body",
					"parent": "virizion",
					"pivot": [0, 18, 0]
				},
				{
					"name": "torso",
					"parent": "body",
					"pivot": [0, 17, -1],
					"cubes": [
						{"origin": [-3.5, 14, -1], "size": [7, 6, 10], "uv": [0, 18]}
					]
				},
				{
					"name": "locator_seat_1",
					"parent": "torso",
					"pivot": [-0.1, 22.2, 2.7],
					"locators": {
						"seat_1": [-0.1, 18.95, 2.7]
					}
				},
				{
					"name": "chest",
					"parent": "torso",
					"pivot": [-0.00001, 17, -0.5],
					"cubes": [
						{"origin": [-3.5, 13, -9.5], "size": [7, 8, 9], "inflate": 0.01, "uv": [24, 9]}
					]
				},
				{
					"name": "neck",
					"parent": "chest",
					"pivot": [0.5, 21, -7]
				},
				{
					"name": "neck2",
					"parent": "chest",
					"pivot": [0.5, 22, -7],
					"cubes": [
						{"origin": [-2, 19.975, -9.025], "size": [4, 6, 4], "uv": [68, 4]}
					]
				},
				{
					"name": "neck3",
					"parent": "neck2",
					"pivot": [0.5, 25, -5.5],
					"cubes": [
						{"origin": [-1.5, 25, -8.5], "size": [3, 8, 3], "inflate": 0.05, "uv": [56, 6]}
					]
				},
				{
					"name": "neck_panel_left",
					"parent": "neck3",
					"pivot": [1.5315, 29.48513, -6.07942],
					"rotation": [10, 30, 0],
					"cubes": [
						{"origin": [1.85036, 28.04253, -7.67656], "size": [0, 2, 8], "inflate": 0.005, "uv": [11, 27]}
					]
				},
				{
					"name": "neck_sword_left",
					"parent": "neck_panel_left",
					"pivot": [2.85036, 26.58811, -3.1975]
				},
				{
					"name": "neck_panel_right",
					"parent": "neck3",
					"pivot": [-1.5815, 29.48513, -6.07942],
					"rotation": [10, -30, 0],
					"cubes": [
						{"origin": [-1.85536, 28.06451, -7.69399], "size": [0, 2, 8], "inflate": 0.005, "uv": [16, 36]}
					]
				},
				{
					"name": "neck_sword_right",
					"parent": "neck_panel_right",
					"pivot": [-2.85536, 26.61009, -3.21493]
				},
				{
					"name": "neck4",
					"parent": "neck3",
					"pivot": [0.5, 27, -5.5]
				},
				{
					"name": "head",
					"parent": "neck4",
					"pivot": [0, 32, -7]
				},
				{
					"name": "head_ai",
					"parent": "head",
					"pivot": [0, 32, -7]
				},
				{
					"name": "head_angle",
					"parent": "head_ai",
					"pivot": [0, 32, -7],
					"rotation": [15, 0, 0],
					"cubes": [
						{"origin": [-3, 32, -9], "size": [6, 4, 4], "uv": [41, 39]},
						{"origin": [-2, 35.825, -11], "size": [4, 1, 5], "uv": [40, 3]},
						{"origin": [-2.5, 32, -11], "size": [5, 4, 2], "inflate": 0.01, "uv": [58, 28]},
						{"origin": [-1.5, 33, -14], "size": [3, 2, 4], "inflate": 0.01, "uv": [53, 0]},
						{"origin": [-1.5, 34.625, -13.95], "size": [3, 1, 4], "pivot": [0, 35.125, -11.95], "rotation": [17.5, 0, 0], "uv": [57, 35]}
					]
				},
				{
					"name": "eye_left2",
					"parent": "head_angle",
					"pivot": [5.05, 38, -8.675],
					"cubes": [
						{"origin": [2.525, 33, -11], "size": [0, 2, 1], "inflate": 0.01, "uv": [56, 68], "mirror": true},
						{"origin": [1.88, 33.175, -10.6], "size": [1, 1, 1], "inflate": -0.315, "uv": [55, 71], "mirror": true},
						{"origin": [1.775, 33, -11], "size": [1, 2, 1], "inflate": -0.215, "uv": [55, 72], "mirror": true},
						{"origin": [2.55, 34, -11], "size": [0, 1, 1], "uv": [56, 68], "mirror": true}
					]
				},
				{
					"name": "eye_right2",
					"parent": "head_angle",
					"pivot": [-5.05, 38, -8.675],
					"cubes": [
						{"origin": [-2.88, 33.175, -10.6], "size": [1, 1, 1], "inflate": -0.315, "uv": [55, 71]},
						{"origin": [-2.775, 33, -11], "size": [1, 2, 1], "inflate": -0.215, "uv": [55, 72]},
						{"origin": [-2.525, 33, -11], "size": [0, 2, 1], "inflate": 0.01, "uv": [56, 68]},
						{"origin": [-2.55, 34, -11], "size": [0, 1, 1], "uv": [56, 68]}
					]
				},
				{
					"name": "jaw",
					"parent": "head_angle",
					"pivot": [0, 32.5, -10.5],
					"cubes": [
						{"origin": [-1.5, 32, -13], "size": [3, 1, 4], "uv": [57, 58]}
					]
				},
				{
					"name": "eyes",
					"parent": "head_angle",
					"pivot": [0, 34, -9]
				},
				{
					"name": "eye_left",
					"parent": "eyes",
					"pivot": [0, 36, -8.9]
				},
				{
					"name": "pupil_left",
					"parent": "eye_left",
					"pivot": [2.505, 34.5, -10.25]
				},
				{
					"name": "eye_right",
					"parent": "eyes",
					"pivot": [0, 36, -8.9]
				},
				{
					"name": "pupil_right",
					"parent": "eye_right",
					"pivot": [0, 36, -8.6]
				},
				{
					"name": "forehead",
					"parent": "head_angle",
					"pivot": [-6.5, 35.2, -10.775],
					"cubes": [
						{"origin": [-3, 35.05, -5.3], "size": [6, 0, 2], "inflate": 0.01, "uv": [43, 0]},
						{"origin": [2.7, 35.025, -9.5], "size": [12, 0, 9], "inflate": 0.01, "pivot": [6.5, 35.125, -10.775], "rotation": [0, -20, 0], "uv": [0, 9]},
						{"origin": [-14.7, 35.025, -9.5], "size": [12, 0, 9], "inflate": 0.01, "pivot": [-6.5, 35.125, -10.775], "rotation": [0, 20, 0], "uv": [0, 0]},
						{"origin": [-4.55, 35.025, -12.4], "size": [4, 0, 3], "inflate": 0.01, "pivot": [-4.35, 35.125, -13.675], "rotation": [0, 20, 0], "uv": [62, 50]},
						{"origin": [0.55, 35.025, -12.4], "size": [4, 0, 3], "inflate": 0.01, "pivot": [4.35, 35.125, -13.675], "rotation": [0, -20, 0], "uv": [62, 50], "mirror": true}
					]
				},
				{
					"name": "sword_head",
					"parent": "head_angle",
					"pivot": [0, 32.2, -6.775]
				},
				{
					"name": "tails",
					"parent": "torso",
					"pivot": [0, 20, 5]
				},
				{
					"name": "tail_middle",
					"parent": "tails",
					"pivot": [0, 20.35, 6.525],
					"rotation": [35, 0, 0],
					"cubes": [
						{"origin": [-1.5, 20.4, 5.875], "size": [3, 0, 9], "inflate": 0.01, "uv": [24, 0]}
					]
				},
				{
					"name": "tail_left",
					"parent": "tails",
					"pivot": [2.5, 20.25, 7.25],
					"cubes": [
						{"origin": [1, 21.25, 5.75], "size": [3, 0, 8], "inflate": 0.01, "pivot": [-0.5, 21.25, 7.25], "rotation": [35, 0, 15], "uv": [31, 0]}
					]
				},
				{
					"name": "tail_right",
					"parent": "tails",
					"pivot": [-2.5, 20.25, 7.25],
					"cubes": [
						{"origin": [-4, 21.25, 5.75], "size": [3, 0, 8], "inflate": 0.01, "pivot": [0.5, 21.25, 7.25], "rotation": [35, 0, -15], "uv": [32, 26]}
					]
				},
				{
					"name": "tail_hip_left",
					"parent": "tails",
					"pivot": [3.85, 19.5, 6],
					"rotation": [0, 30, 0]
				},
				{
					"name": "tail_hip_right3",
					"parent": "tails",
					"pivot": [2.8, 19.5, 5.65],
					"rotation": [-39.05646, 36.19208, -65.9336],
					"cubes": [
						{"origin": [2.345, 18, 5.65], "size": [0, 3, 6], "inflate": 0.01, "uv": [16, 33]}
					]
				},
				{
					"name": "tail_hip_left2",
					"parent": "tail_hip_right3",
					"pivot": [2.375, 19.5, 11.7],
					"rotation": [0, -35.25, 0],
					"cubes": [
						{"origin": [2.345, 18, 11.65], "size": [0, 3, 4], "inflate": 0.01, "pivot": [2.23804, 19.5, 11.7018], "rotation": [0, 7.5, 0], "uv": [0, 0]}
					]
				},
				{
					"name": "tail_hip_right",
					"parent": "tails",
					"pivot": [-2.8, 19.5, 5.65],
					"rotation": [-39.05646, -36.19208, 65.9336],
					"cubes": [
						{"origin": [-2.345, 18, 5.65], "size": [0, 3, 6], "inflate": 0.01, "uv": [25, 52]}
					]
				},
				{
					"name": "tail_hip_right2",
					"parent": "tail_hip_right",
					"pivot": [-2.375, 19.5, 11.7],
					"rotation": [0, 35.25, 0],
					"cubes": [
						{"origin": [-2.345, 18, 11.65], "size": [0, 3, 4], "inflate": 0.01, "pivot": [-2.23804, 19.5, 11.7018], "rotation": [0, -7.5, 0], "uv": [0, 3]}
					]
				},
				{
					"name": "legs",
					"parent": "body",
					"pivot": [0, 18, 0]
				},
				{
					"name": "leg_back_left3",
					"parent": "legs",
					"pivot": [3.5, 16, 5],
					"rotation": [2.5, 0, 0],
					"cubes": [
						{"origin": [2, 9.00286, 2.36914], "size": [3, 9, 5], "inflate": 0.01, "uv": [29, 29]}
					]
				},
				{
					"name": "leg_back_left4",
					"parent": "leg_back_left3",
					"pivot": [3.5, 7.00286, 6.31914],
					"rotation": [-7.5, 0, 0],
					"cubes": [
						{"origin": [2, 1.13338, 4.81059], "size": [3, 8, 3], "uv": [41, 47]},
						{"origin": [2, 8.36507, 3.85599], "size": [3, 4, 1], "inflate": 0.03, "pivot": [3, 8.29127, 4.27453], "rotation": [-75, 0, 0], "uv": [57, 64]}
					]
				},
				{
					"name": "leg_back_left_fire",
					"parent": "leg_back_left4",
					"pivot": [5, 4.88338, 6.31059],
					"rotation": [12.5, 10, 2.5]
				},
				{
					"name": "leg_back_left5",
					"parent": "leg_back_left4",
					"pivot": [3.5, 1.13338, 6.31059],
					"rotation": [5, 0, 0],
					"cubes": [
						{"origin": [2, -0.11662, 4.56059], "size": [3, 2, 3], "inflate": 0.02, "uv": [10, 59]}
					]
				},
				{
					"name": "leg_back_right3",
					"parent": "legs",
					"pivot": [-3.5, 16, 5],
					"rotation": [2.5, 0, 0],
					"cubes": [
						{"origin": [-5, 9.00286, 2.36914], "size": [3, 9, 5], "inflate": 0.01, "uv": [0, 34]}
					]
				},
				{
					"name": "leg_back_right4",
					"parent": "leg_back_right3",
					"pivot": [-3.5, 7.00286, 6.31914],
					"rotation": [-7.5, 0, 0],
					"cubes": [
						{"origin": [-5, 1.13338, 4.81059], "size": [3, 8, 3], "uv": [53, 47]},
						{"origin": [-5, 8.36507, 3.85599], "size": [3, 4, 1], "inflate": 0.03, "pivot": [-3, 8.29127, 4.27453], "rotation": [-75, 0, 0], "uv": [30, 66]}
					]
				},
				{
					"name": "leg_back_right_fire",
					"parent": "leg_back_right4",
					"pivot": [-5, 4.88338, 6.31059],
					"rotation": [12.5, -10, -2.5]
				},
				{
					"name": "leg_back_right5",
					"parent": "leg_back_right4",
					"pivot": [-3.5, 1.13338, 6.31059],
					"rotation": [5, 0, 0],
					"cubes": [
						{"origin": [-5, -0.11662, 4.56059], "size": [3, 2, 3], "inflate": 0.02, "uv": [46, 60]}
					]
				},
				{
					"name": "leg_front_left3",
					"parent": "legs",
					"pivot": [2.95, 17.75, -6],
					"cubes": [
						{"origin": [1.45, 9.25, -8.5], "size": [3, 10, 3], "inflate": 0.01, "uv": [29, 43]},
						{"origin": [1.45, 12.25, -5.5], "size": [3, 7, 2], "inflate": 0.01, "uv": [0, 16]},
						{"origin": [4.00973, 12.72317, -5.9908], "size": [0, 2, 6], "pivot": [4.52736, 13.89154, -4.9153], "rotation": [20, 15, -1], "uv": [37, 52]},
						{"origin": [4.13786, 14.99399, -6.00968], "size": [0, 2, 7], "pivot": [4.6555, 16.16236, -4.43418], "rotation": [25, 15, -1], "uv": [11, 30]},
						{"origin": [4.13786, 17.24399, -6.00968], "size": [0, 2, 7], "pivot": [4.6555, 18.41236, -4.43418], "rotation": [27.5, 15, -1], "uv": [24, 19]}
					]
				},
				{
					"name": "leg_front_left4",
					"parent": "leg_front_left3",
					"pivot": [2.95, 9.25, -5.5],
					"cubes": [
						{"origin": [1.475, 8.175, -8.95], "size": [3, 4, 1], "inflate": 0.03, "pivot": [2.475, 8.175, -8.95], "rotation": [-75, 0, 0], "uv": [11, 65]},
						{"origin": [1.45, 1.25, -8.5], "size": [3, 8, 3], "uv": [0, 48]}
					]
				},
				{
					"name": "leg_front_left_fire",
					"parent": "leg_front_left4",
					"pivot": [4.45, 4.75, -6.75],
					"rotation": [12.5, 10, 2.5]
				},
				{
					"name": "leg_front_left5",
					"parent": "leg_front_left4",
					"pivot": [2.95, 1.25, -7],
					"cubes": [
						{"origin": [1.45, 0, -8.75], "size": [3, 2, 3], "inflate": 0.02, "uv": [34, 60]}
					]
				},
				{
					"name": "leg_front_right3",
					"parent": "legs",
					"pivot": [-2.975, 17.75, -6],
					"cubes": [
						{"origin": [-4.475, 9.25, -8.5], "size": [3, 10, 3], "inflate": 0.01, "uv": [13, 46]},
						{"origin": [-4.475, 12.25, -5.5], "size": [3, 7, 2], "inflate": 0.01, "uv": [0, 59]},
						{"origin": [-4.03473, 12.72317, -5.9908], "size": [0, 2, 6], "pivot": [-4.55236, 13.89154, -4.9153], "rotation": [20, -15, 1], "uv": [49, 52]},
						{"origin": [-4.16286, 14.99399, -6.00968], "size": [0, 2, 7], "pivot": [-4.6805, 16.16236, -4.43418], "rotation": [25, -15, 1], "uv": [25, 49]},
						{"origin": [-4.16286, 17.24399, -6.00968], "size": [0, 2, 7], "pivot": [-4.6805, 18.41236, -4.43418], "rotation": [27.5, -15, 1], "uv": [46, 21]}
					]
				},
				{
					"name": "leg_front_right4",
					"parent": "leg_front_right3",
					"pivot": [-2.975, 9.25, -5.5],
					"cubes": [
						{"origin": [-4.5, 8.175, -8.95], "size": [3, 4, 1], "inflate": 0.03, "pivot": [-2.5, 8.175, -8.95], "rotation": [-75, 0, 0], "uv": [40, 66]},
						{"origin": [-4.475, 1.25, -8.5], "size": [3, 8, 3], "uv": [56, 17]}
					]
				},
				{
					"name": "leg_front_right_fire",
					"parent": "leg_front_right4",
					"pivot": [-4.475, 4.75, -6.75],
					"rotation": [12.5, -10, -2.5]
				},
				{
					"name": "leg_front_right5",
					"parent": "leg_front_right4",
					"pivot": [-2.975, 1.25, -7],
					"cubes": [
						{"origin": [-4.475, 0, -8.75], "size": [3, 2, 3], "inflate": 0.02, "uv": [61, 40]}
					]
				}
			]
		}
	]
}