{
  "species": "cobblemon:lunala",
  "order": 1,
  "variations": [
    {
      "aspects": [],
      "poser": "cobblemon:lunala",
      "model": "cobblemon:lunala.geo",
      "texture": "cobblemon:textures/pokemon/0792_lunala/lunala.png",
      "layers": [
        {
          "name": "glow",
          "emissive": true,
          "texture": "cobblemon:textures/pokemon/0792_lunala/lunala_emissive.png",
          "translucent": false
        }
      ] 
    },
    {
      "aspects": ["shiny"],
      "texture": "cobblemon:textures/pokemon/0792_lunala/lunala_shiny.png",
      "layers": [
        {
          "name": "glow",
          "emissive": true,
          "texture": "cobblemon:textures/pokemon/0792_lunala/lunala_shiny_emissive.png",
          "translucent": false
        }
      ]
    }
  ]
}