{
  "portraitScale": 0.8,
  "portraitTranslation": [
    -1,
    4.06,
    0
  ],
  "profileScale": 0.2,
  "profileTranslation": [
    0,
    1.46,
    -20
  ],
  "firstPersonCameraOffset": {
    "seat_1": [
      0,
      0.45,
      0
    ]
  },
  "thirdPersonCameraOffset": {
    "seat_1": [
      0,
      0.25,
      1
    ],
    "seat_1_reverse": [
      0,
      0.45,
      1
    ]
  },
  "thirdPersonCameraOffsetNoViewBobbing": {
    "seat_1": [
      0,
      0.45,
      5
    ],
    "seat_1_reverse": [
      0,
      0.45,
      1
    ]
  },
  "animations": {},
  "poses": {
    "battle-standing": {
      "transformTicks": 10,
      "condition": "!q.in_air && !q.is_sprinting",
      "poseTypes": [
        "STAND",
        "WALK"
      ],
      "isBattle": true,
      "animations": [
        "q.look('head', 1, 1, 5, -50, 7, -7)",
        "q.look('neck2', 1, 1, 10, -10, 20, -20)",
        "q.look('neck3', 1, 1, 20, -5, 12, -20)",
        "q.bedrock('giratina', 'ground_idle')"
      ]
    },
    "standing": {
      "transformTicks": 10,
      "condition": "!q.in_air",
      "poseTypes": [
        "STAND",
        "NONE",
        "PORTRAIT",
        "PROFILE"
      ],
      "isBattle": false,
      "animations": [
        "q.look('head', 1, 1, 5, -50, 7, -7)",
        "q.look('neck2', 1, 1, 10, -10, 20, -20)",
        "q.look('neck3', 1, 1, 20, -5, 12, -12)",
        "q.bedrock('giratina', 'ground_idle')"
      ]
    },
    "walking": {
      "transformTicks": 8,
      "condition": "!q.in_air && !q.is_sprinting",
      "poseTypes": [
        "WALK"
      ],
      "animations": [
        "q.look('head', 1, 1, 5, -50, 7, -7)",
        "q.look('neck2', 1, 1, 10, -10, 20, -20)",
        "q.look('neck3', 1, 1, 20, -5, 12, -12)",
        "q.bedrock('giratina', 'ground_walk')"
      ]
    },
    "hover": {
      "transformTicks": 5,
      "poseTypes": [
        "HOVER"
      ],
      "condition": "!q.in_air && !q.is_sprinting",
      "animations": [
        "q.look('head', 1, 1, 5, -50, 7, -7)",
        "q.look('neck2', 1, 1, 10, -10, 20, -20)",
        "q.look('neck3', 1, 1, 20, -5, 12, -12)",
        "q.bedrock('giratina', 'air_idle')"
      ]
    },
    "fly": {
      "transformTicks": 5,
      "condition": "!q.is_sprinting",
      "poseTypes": [
        "FLY"
      ],
      "animations": [
        "q.look('head', 1, 1, 5, -50, 7, -7)",
        "q.look('neck2', 1, 1, 10, -10, 20, -20)",
        "q.look('neck3', 1, 1, 20, -5, 12, -12)",
        "q.bedrock('giratina', 'air_fly')"
      ]
    },
    "run": {
      "poseTypes": [
        "STAND",
        "WALK"
      ],
      "isBattle": false,
      "condition": "!q.in_air && q.is_sprinting",
      "animations": [
        "q.look('head', 1, 1, 5, -50, 7, -7)",
        "q.look('neck2', 1, 1, 10, -10, 20, -20)",
        "q.look('neck3', 1, 1, 20, -5, 12, -12)",
        "q.bedrock('giratina', 'ground_run')",
        {
          "condition": "q.is_ridden",
          "animation": "q.bedrock('giratina', 'ride_ground_run')"
        }
      ],
      "transformTicks": 10
    },
    "float": {
      "transformTicks": 5,
      "condition": "!q.is_sprinting",
      "poseTypes": [
        "FLOAT"
      ],
      "animations": [
        "q.look('head', 1, 1, 5, -50, 7, -7)",
        "q.look('neck2', 1, 1, 10, -10, 20, -20)",
        "q.look('neck3', 1, 1, 20, -5, 12, -12)",
        "q.bedrock('giratina', 'air_idle')"
      ]
    },
    "swim": {
      "transformTicks": 8,
      "condition": "!q.is_sprinting",
      "poseTypes": [
        "SWIM"
      ],
      "animations": [
        "q.look('head', 1, 1, 5, -50, 7, -7)",
        "q.look('neck2', 1, 1, 10, -10, 20, -20)",
        "q.look('neck3', 1, 1, 20, -5, 12, -12)",
        "q.bedrock('giratina', 'ground_walk')"
      ]
    }
  }
}