{
  "portraitScale": 2.36,
  "portraitTranslation": [-1.2,4.7, 0],
  "profileScale": 0.34,
  "profileTranslation": [0.02, 1.31, -20],
  "animations": {},
  "poses": {
    "battle-standing": {
      "transformTicks": 10,
      "poseTypes": [ "STAND" , "WALK" ],
      "isBattle": true,
      "animations": [
        "q.look('head')",
        "q.bedrock('xerneas', 'ground_idle')"
      ]
    },
    "standing": {
      "transformTicks": 10,
      "poseTypes": [ "STAND" , "NONE" , "PORTRAIT" , "PROFILE" ],
      "isBattle": false,
      "animations": [
        "q.look('head')",
        "q.bedrock('xerneas', 'ground_idle')"
      ]
    },
    "walking": {
      "transformTicks": 8,
      "poseTypes": [ "WALK" ],
      "animations": [
        "q.look('head')",
        "q.bedrock('xerneas', 'ground_walk')"
      ]
    },
    "hover": {
      "transformTicks": 5,
      "poseTypes": [ "HOVER", "FLOAT" ],
      "animations": [
        "q.look('head')",
        "q.bedrock('xerneas', 'ground_idle')"
       ]
    },
    "fly": {
      "transformTicks": 5,
      "poseTypes": [ "FLY" ],
      "animations": [
        "q.look('head')",
        "q.bedrock('xerneas', 'ground_idle')"
      ]
    },
    "float": {
      "transformTicks": 5,
      "poseTypes": [ "FLOAT" ],
      "animations": [
        "q.look('head')",
        "q.bedrock('xerneas', 'ground_idle')"
      ]
    },
    "swim": {
      "transformTicks": 8,
      "poseTypes": [ "SWIM" ],
      "animations": [
        "q.look('head')",
        "q.bedrock('xerneas', 'ground_idle')"
      ]
    }
  }
}