{
  "portraitScale": 1.64,
  "portraitTranslation": [-0.21,7.35, 0],
  "profileScale": 0.21,
  "profileTranslation": [0.09,1.5, -20],
  "animations": {

    "physical": "q.bedrock_primary('zygarde_complete', 'physical', q.curve('symmetrical_wide'))",
    "special": "q.bedrock_primary('zygarde_complete', 'special', q.curve('symmetrical_wide'))",
    "status": "q.bedrock_primary('zygarde_complete', 'status', q.curve('symmetrical_wide'))"
  
    
  },
  "poses": {
    "battle-standing": {
      "transformTicks": 10,
      "poseTypes": ["STAND", "WALK"],
      "isBattle": true,
      "animations": [
        "q.look('head')",
        "q.bedrock('zygarde_complete', 'battle_idle')"
      ]
    },
    "standing": {
      "transformTicks": 10,
      "poseTypes": ["STAND", "NONE", "PORTRAIT", "PROFILE"],
      "isBattle": false,
      "animations": [
        "q.look('head')",
        "q.bedrock('zygarde_complete', 'battle_idle')"
      ]
    },
    "walking": {
      "transformTicks": 8,
      "poseTypes": ["WALK"],
      "animations": [
        "q.look('head')",
        "q.bedrock('zygarde_complete', 'ground_walk')"
      ]
    },
    "hover": {
      "transformTicks": 5,
      "poseTypes": [  "HOVER", "FLOAT" ],
      "animations": [
        "q.look('head')",
        "q.bedrock('zygarde_complete', 'battle_idle')"
       ]
    },
    "fly": {
      "transformTicks": 5,
      "poseTypes": [ "FLY" ],
      "animations": [
        "q.look('head')",
        "q.bedrock('zygarde_complete', 'battle_idle')"
      ]
    },
    "float": {
      "transformTicks": 5,
      "poseTypes": ["FLOAT"],
      "animations": [
        "q.look('head')",
        "q.bedrock('zygarde_complete', 'battle_idle')"
      ]
    },
    "swim": {
      "transformTicks": 8,
      "poseTypes": ["SWIM"],
      "animations": [
        "q.look('head')",
        "q.bedrock('zygarde_complete', 'battle_idle')"
      ]
    }
  }
}