{
  "portraitScale": 1.2,
  "portraitTranslation": [-0.86,3.12, 0],
  "profileScale": 0.34,
  "profileTranslation": [0.02, 1.4, -20],
  "animations": {
    "faint": "q.bedrock_primary('zygarde', 'faint', q.curve('one'))",
     "physical": "q.bedrock_primary('zygarde', 'physical', q.curve('symmetrical_wide'))",
    "special": "q.bedrock_primary('zygarde', 'special', q.curve('symmetrical_wide'))",
    "status": "q.bedrock_primary('zygarde', 'special', q.curve('symmetrical_wide'))",
    "recoil": "q.bedrock_stateful('zygarde', 'recoil')"
    

    
  },
  "poses": {
    "battle-standing": {
      "transformTicks": 10,
      "poseTypes": ["STAND", "WALK"],
      "isBattle": true,
      "animations": [
        "q.look('head')",
        "q.bedrock('zygarde', 'ground_idle')"
      ]
    },
    "standing": {
      "transformTicks": 10,
      "poseTypes": ["STAND", "NONE", "PORTRAIT", "PROFILE"],
      "isBattle": false,
      "animations": [
        "q.look('head')",
        "q.bedrock('zygarde', 'ground_idle')"
      ],
      "quirks": [
        "q.bedrock_quirk('zygarde', 'quirk_shake')"
      ]
    },
    "walking": {
      "transformTicks": 8,
      "poseTypes": ["WALK"],
      "animations": [
        "q.look('head')",
        "q.bedrock('zygarde', 'ground_walk')"
      ]
    },
    "hover": {
      "transformTicks": 5,
      "poseTypes": [  "HOVER", "FLOAT" ],
      "animations": [
        "q.look('head')",
        "q.bedrock('zygarde', 'ground_idle')"
       ]
    },
    "fly": {
      "transformTicks": 5,
      "poseTypes": [ "FLY" ],
      "animations": [
        "q.look('head')",
        "q.bedrock('zygarde', 'ground_idle')"
      ]
    },
    "float": {
      "transformTicks": 5,
      "poseTypes": ["FLOAT"],
      "animations": [
        "q.look('head')",
        "q.bedrock('zygarde', 'ground_idle')"
      ]
    },
    "swim": {
      "transformTicks": 8,
      "poseTypes": ["SWIM"],
      "animations": [
        "q.look('head')",
        "q.bedrock('zygarde', 'ground_idle')"
      ]
    }
  }
}