{
  "head": "head",
  "portraitScale": 1.75,
  "portraitTranslation": [ 0, -0.95, 0 ],
  "profileScale": 1.15,
  "profileTranslation": [ 0, -0.15, 0 ],
  "poses": {
    "standing": {
      "poseName": "standing",
      "transformTicks": 10,
      "poseTypes": [
        "STAND",
        "NONE",
        "PORTRAIT",
        "PROFILE"
      ],
      "animations": [
        "look",
        "bedrock(smoliv_atm, ground_idle)"
      ]
    },
    "walking": {
      "poseName": "walking",
      "transformTicks": 10,
      "poseTypes": [ "WALK" ],
      "animations": [ 
        "look",
        "bedrock(smoliv_atm, ground_walk)"
      ]
    }
  }
}