{
	"format_version": "1.8.0",
	"animations": {
		"animation.frigibax.pose": {
			"loop": true,
			"bones": {
				"body": {
					"position": [0, -0.5, 0]
				},
				"torso": {
					"rotation": [10, 0, 0]
				},
				"chest": {
					"rotation": [-17.5, 0, 0]
				},
				"bone8": {
					"rotation": [-20, 0, 0]
				},
				"bone12": {
					"rotation": [0, 22.5, 0]
				},
				"leg_left": {
					"rotation": [-12.5, -15, 0]
				},
				"bone20": {
					"rotation": [17.5, 0, 0]
				},
				"bone21": {
					"rotation": [-7.5, 0, 0]
				},
				"leg_right": {
					"rotation": [-20, 15, 0]
				},
				"bone19": {
					"rotation": [20, 0, 0]
				},
				"bone13": {
					"rotation": [-20, 0, 0]
				},
				"bone7": {
					"rotation": [-25, 0, 0]
				},
				"bone15": {
					"rotation": [-17.5, 0, 0]
				},
				"bone34": {
					"rotation": [0, -25, 0]
				}
			}
		},
		"animation.frigibax.ground_walk": {
			"loop": true,
			"animation_length": 1,
			"bones": {
				"body": {
					"position": {
						"0.0": [0, -0.5, 0],
						"1.0": [0, -0.5, 0]
					}
				},
				"torso": {
					"rotation": ["10+math.cos((q.anim_time)*90*8-90)*0.6", "-0+math.cos((q.anim_time)*90*4)*1", "0-math.cos((q.anim_time)*90*4)*4"],
					"position": [0, "0-math.cos((q.anim_time)*90*8/1)*0.5", 0]
				},
				"bone5": {
					"rotation": [0, "-0+math.sin(q.anim_time*90*4-130)*5", 0]
				},
				"bone6": {
					"rotation": [0, "-0+math.sin(q.anim_time*90*4-188)*5", 0]
				},
				"chest": {
					"rotation": ["-17.5+math.cos((q.anim_time)*90*8/1-90)*0.6", 0, "0+math.cos((q.anim_time)*90*4-60)*4"]
				},
				"arm_left": {
					"rotation": ["-0+math.cos((q.anim_time)*90*8-90)*2", 0, 0]
				},
				"bone8": {
					"rotation": [-20, 0, 0]
				},
				"bone12": {
					"rotation": {
						"0.0": [0, 22.5, 0],
						"1.0": [0, 22.5, 0]
					}
				},
				"leg_left": {
					"rotation": {
						"0.0": [-25, -15, 0],
						"0.5": [17.5, -15, 0],
						"0.8333": [-25, -15, 0],
						"1.0": [-25, -15, 0]
					},
					"position": {
						"0.0": [0, 0, -2],
						"0.5": [0, 0, 1],
						"0.8333": [0, 1, 0],
						"1.0": [0, 0, -2]
					}
				},
				"bone20": {
					"rotation": {
						"0.0": [17.5, 0, 0],
						"0.5": [-2.5, 0, 0],
						"0.5833": [19.99801, 0.01889, -0.04571],
						"0.8333": [37.49204, 0.07556, -0.18285],
						"0.9167": [4.99403, 0.05667, -0.13714],
						"1.0": [17.5, 0, 0]
					}
				},
				"bone21": {
					"rotation": {
						"0.0": [5, 0, 0],
						"0.5": [-15, 0, 0],
						"1.0": [5, 0, 0]
					}
				},
				"leg_right": {
					"rotation": {
						"0.0": [15, 15, 0],
						"0.3333": [-17.5, 15, 0],
						"0.5": [-32.5, 15, 0],
						"1.0": [15, 15, 0]
					},
					"position": {
						"0.0": [0, 0, 2],
						"0.3333": [0, 1, -1],
						"0.5": [0, 0, -2],
						"1.0": [0, 0, 2]
					}
				},
				"bone19": {
					"rotation": {
						"0.0": [-2.5, 0, 0],
						"0.3333": [32.5, 0, 0],
						"0.4167": [16.25, 0, 0],
						"0.5": [20, 0, 0],
						"1.0": [-2.5, 0, 0]
					}
				},
				"bone22": {
					"rotation": {
						"0.0": [-15, 0, 0],
						"0.0833": [0.17, 0, 0],
						"0.4167": [-14.17, 0, 0],
						"0.5": [10, 0, 0],
						"1.0": [-15, 0, 0]
					}
				},
				"bone13": {
					"rotation": {
						"0.0": [-20, 0, 0],
						"1.0": [-20, 0, 0]
					}
				},
				"arm_right": {
					"rotation": ["-0+math.cos((q.anim_time)*90*8-90)*2", 0, 0]
				},
				"bone7": {
					"rotation": [-25, 0, 0]
				},
				"bone15": {
					"rotation": {
						"0.0": [-17.5, 0, 0],
						"1.0": [-17.5, 0, 0]
					}
				},
				"bone34": {
					"rotation": {
						"0.0": [0, -25, 0],
						"1.0": [0, -25, 0]
					}
				}
			}
		},
		"animation.frigibax.ground_idle": {
			"loop": true,
			"bones": {
				"body": {
					"position": [0, -0.5, 0]
				},
				"torso": {
					"rotation": ["-2.5+math.sin(q.anim_time*90*4-90)*1.1", 0, "-math.sin(q.anim_time*90*2-90)*1.1"],
					"position": [0, "0-math.sin(q.anim_time*90*4)*0.2", 0]
				},
				"bone5": {
					"rotation": [0, "-0+math.sin(q.anim_time*90*2-130)*5", 0]
				},
				"bone6": {
					"rotation": [0, "-0+math.sin(q.anim_time*90*2-188)*5", 0]
				},
				"chest": {
					"rotation": ["-7.5+math.sin(q.anim_time*90*4)*1.1", 0, 0],
					"position": [0, 0, 0]
				},
				"arm_left": {
					"rotation": ["-0+math.sin(q.anim_time*90*4-90)*1.1", 0, 0]
				},
				"bone8": {
					"rotation": [-20, 0, 0]
				},
				"bone12": {
					"rotation": [0, "22.5+math.sin(q.anim_time*90*4-90)*1.1", 0]
				},
				"leg_left": {
					"rotation": ["-12.5-math.sin(q.anim_time*90*4)*3", -15, 0],
					"position": [0, "0-math.sin(q.anim_time*90*4)*0.2", 0]
				},
				"bone20": {
					"rotation": ["17.5+math.sin(q.anim_time*90*4)*6", 0, 0]
				},
				"bone21": {
					"rotation": ["-5-math.sin(q.anim_time*90*4)*2.7", 0, 0]
				},
				"leg_right": {
					"rotation": ["-20-math.sin(q.anim_time*90*4)*3", 15, 0],
					"position": [0, "0-math.sin(q.anim_time*90*4)*0.2", 0]
				},
				"bone19": {
					"rotation": ["20+math.sin(q.anim_time*90*4)*6", 0, 0]
				},
				"bone22": {
					"rotation": ["-0-math.sin(q.anim_time*90*4)*2.7", 0, 0]
				},
				"bone13": {
					"rotation": ["-20+math.sin(q.anim_time*90*4-100)*3", 0, 0]
				},
				"arm_right": {
					"rotation": ["-0+math.sin(q.anim_time*90*4-90)*1.1", 0, 0]
				},
				"bone7": {
					"rotation": [-25, 0, 0]
				},
				"bone15": {
					"rotation": ["-17.5+math.sin(q.anim_time*90*4-100)*3", 0, 0]
				},
				"bone34": {
					"rotation": [0, "-25-math.sin(q.anim_time*90*4-90)*1.1", 0]
				}
			}
		},
		"animation.frigibax.walkspeed": {
			"loop": true,
			"bones": {
				"frigibax": {
					"position": [0, 0, "0-query.anim_time *90 *0.1"]
				}
			}
		}
	}
}