{
	"format_version": "1.12.0",
	"minecraft:geometry": [
		{
			"description": {
				"identifier": "geometry.druddigon",
				"texture_width": 128,
				"texture_height": 128,
				"visible_bounds_width": 6,
				"visible_bounds_height": 4.5,
				"visible_bounds_offset": [0, 1.75, 0]
			},
			"bones": [
				{
					"name": "druddigon",
					"pivot": [-0.25, 0, 0]
				},
				{
					"name": "body",
					"parent": "druddigon",
					"pivot": [-0.25, 0, 0]
				},
				{
					"name": "torso",
					"parent": "body",
					"pivot": [0, 15, 5.5],
					"rotation": [-57.5, 0, 0],
					"cubes": [
						{"origin": [-5, 11.59311, -0.25426], "size": [10, 10, 11], "uv": [0, 0]},
						{"origin": [-5, 11.59311, -0.25426], "size": [10, 10, 11], "inflate": 0.25, "uv": [0, 21]}
					]
				},
				{
					"name": "bone7",
					"parent": "torso",
					"pivot": [0.075, 21.09311, -0.00426],
					"rotation": [12.5, 0, 0],
					"cubes": [
						{"origin": [-3.975, 13.11958, -9.02874], "size": [8, 8, 9], "uv": [32, 66]},
						{"origin": [-3.975, 13.11958, -9.02874], "size": [8, 8, 9], "inflate": 0.25, "uv": [66, 48]}
					]
				},
				{
					"name": "locator_seat_1",
					"parent": "bone7",
					"pivot": [-0.3, 23.3, -5.1],
					"locators": {
						"seat_1": {
							"offset": [-0.3, 20.05, -5.1],
							"rotation": [30, 0, 0]
						}
					}
				},
				{
					"name": "bone3",
					"parent": "bone7",
					"pivot": [0, 21.01958, -9.02874],
					"rotation": [17.5, 0, 0],
					"cubes": [
						{"origin": [-3.50222, 14.56865, -15.12457], "size": [0, 7, 5], "pivot": [-3.5, 18.06865, -15.11494], "rotation": [-7.5, -7.5, 0], "uv": [100, 51], "mirror": true},
						{"origin": [3.50222, 14.56865, -15.12457], "size": [0, 7, 5], "pivot": [3.5, 18.06865, -15.11494], "rotation": [-7.5, 7.5, 0], "uv": [100, 51]},
						{"origin": [-3.5, 15.06865, -14.93994], "size": [7, 6, 6], "uv": [74, 27]},
						{"origin": [-4, 15.31865, -14.93994], "size": [8, 0, 5], "pivot": [-0.5, 15.31865, -14.93994], "rotation": [-32.5, 0, 0], "uv": [74, 39]},
						{"origin": [-4, 21.06865, -14.93994], "size": [8, 0, 5], "pivot": [-0.5, 21.06865, -14.93994], "rotation": [10, 0, 0], "uv": [20, 83]}
					]
				},
				{
					"name": "head",
					"parent": "bone3",
					"pivot": [0, 17.91865, -14.98994],
					"rotation": [40, 0, 0],
					"cubes": [
						{"origin": [-3, 18.04515, -24.71762], "size": [6, 3, 4], "inflate": 0.01, "uv": [0, 94]},
						{"origin": [-3.5, 18.04515, -18.71762], "size": [7, 2, 4], "inflate": -0.01, "uv": [88, 81]},
						{"origin": [-4, 18.04515, -20.71762], "size": [8, 3, 8], "uv": [74, 16]},
						{"origin": [-4, 16.04515, -16.71762], "size": [8, 2, 4], "uv": [20, 88]},
						{"origin": [-3.5, 14.62015, -16.96762], "size": [7, 2, 3], "inflate": -0.02, "uv": [46, 83]},
						{"origin": [3.975, 21.04515, -15.71762], "size": [0, 3, 3], "pivot": [3.975, 21.04515, -15.71762], "rotation": [-5, 0, 0], "uv": [32, 107]},
						{"origin": [4, 20.54515, -20.71762], "size": [0, 3, 3], "uv": [92, 107]},
						{"origin": [4, 16.04515, -20.71762], "size": [0, 2, 4], "uv": [32, 42]},
						{"origin": [2.45, 16.59515, -24.71762], "size": [0, 2, 3], "pivot": [2.45, 17.59515, -23.21762], "rotation": [0, 17.5, 0], "uv": [104, 107]},
						{"origin": [-2.45, 16.59515, -24.71762], "size": [0, 2, 3], "pivot": [-2.45, 17.59515, -23.21762], "rotation": [0, -17.5, 0], "uv": [38, 108]},
						{"origin": [-4, 16.04515, -20.71762], "size": [0, 2, 4], "uv": [58, 94]},
						{"origin": [3, 21.04515, -20.71762], "size": [1, 2, 0], "uv": [86, 93]},
						{"origin": [3, 16.04515, -20.71762], "size": [1, 2, 0], "uv": [104, 63]},
						{"origin": [-4, 16.04515, -20.71762], "size": [1, 2, 0], "uv": [104, 100]},
						{"origin": [-4, 21.04515, -20.71762], "size": [1, 2, 0], "uv": [38, 101]},
						{"origin": [3, 20.79515, -24.71762], "size": [0, 2, 2], "uv": [28, 79]},
						{"origin": [-3, 20.79515, -24.71762], "size": [0, 2, 2], "uv": [108, 76]},
						{"origin": [-3, 20.79515, -24.71762], "size": [2, 2, 0], "uv": [100, 63]},
						{"origin": [1, 20.79515, -24.71762], "size": [2, 2, 0], "uv": [54, 103]},
						{"origin": [-4, 20.54515, -20.71762], "size": [0, 3, 3], "uv": [98, 107]},
						{"origin": [-3.925, 21.04515, -15.71762], "size": [0, 3, 3], "pivot": [-3.925, 21.04515, -15.71762], "rotation": [-5, 0, 0], "uv": [86, 107]},
						{"origin": [-3.975, 20.54515, -18.46762], "size": [0, 1, 3], "uv": [108, 68]},
						{"origin": [3.975, 20.54515, -18.46762], "size": [0, 1, 3], "uv": [108, 72]},
						{"origin": [2.975, 20.54515, -22.71762], "size": [0, 1, 2], "uv": [102, 13]},
						{"origin": [-2.975, 20.54515, -22.71762], "size": [0, 1, 2], "uv": [102, 78]}
					]
				},
				{
					"name": "bone41",
					"parent": "head",
					"pivot": [0, 18.49515, -17.71762],
					"cubes": [
						{"origin": [4, 18.49515, -20.71762], "size": [0, 2, 3], "inflate": 0.01, "uv": [44, 108]}
					]
				},
				{
					"name": "bone42",
					"parent": "bone41",
					"pivot": [3.025, 18.49515, -19.71762],
					"cubes": [
						{"origin": [4.025, 18.49515, -20.21762], "size": [0, 2, 1], "uv": [40, 42]}
					]
				},
				{
					"name": "bone75",
					"parent": "bone41",
					"pivot": [3.025, 19.74515, -18.96762],
					"cubes": [
						{"origin": [4.025, 19.49515, -20.74262], "size": [0, 1, 1], "inflate": 0.01, "uv": [108, 25]},
						{"origin": [4.025, 19.74515, -19.96762], "size": [0, 1, 2], "inflate": 0.02, "uv": [82, 109]}
					]
				},
				{
					"name": "bone43",
					"parent": "head",
					"pivot": [0, 18.49515, -17.71762],
					"cubes": [
						{"origin": [-4, 18.49515, -20.71762], "size": [0, 2, 3], "inflate": 0.01, "uv": [108, 63]}
					]
				},
				{
					"name": "bone44",
					"parent": "bone43",
					"pivot": [-3.025, 18.49515, -19.71762],
					"cubes": [
						{"origin": [-4.025, 18.49515, -20.21762], "size": [0, 2, 1], "uv": [40, 45]}
					]
				},
				{
					"name": "bone76",
					"parent": "bone43",
					"pivot": [-3.025, 19.74515, -18.96762],
					"cubes": [
						{"origin": [-4.025, 19.49515, -20.76762], "size": [0, 1, 1], "inflate": 0.01, "uv": [108, 100]},
						{"origin": [-4.025, 19.74515, -19.96762], "size": [0, 1, 2], "inflate": 0.02, "uv": [110, 0]}
					]
				},
				{
					"name": "bone",
					"parent": "head",
					"pivot": [0, 18.79515, -17.29262],
					"rotation": [-2.5, 0, 0],
					"cubes": [
						{"origin": [-3.5, 14.09538, -20.67459], "size": [7, 2, 4], "inflate": 0.01, "uv": [44, 88]},
						{"origin": [-2, 15.34538, -23.42459], "size": [4, 2, 6], "uv": [24, 120]},
						{"origin": [-2.5, 14.10621, -24.47341], "size": [5, 2, 4], "uv": [100, 27]},
						{"origin": [2.475, 13.62679, -22.03504], "size": [0, 1, 1], "pivot": [2.975, 14.12679, -21.53504], "rotation": [45, 0, 0], "uv": [106, 63]},
						{"origin": [-2.475, 13.62679, -22.03504], "size": [0, 1, 1], "pivot": [-2.975, 14.12679, -21.53504], "rotation": [45, 0, 0], "uv": [106, 100]},
						{"origin": [2.5, 16.09538, -22.67459], "size": [0, 2, 2], "pivot": [2.5, 16.09538, -21.67459], "rotation": [0, 0, 2.5], "uv": [108, 87]},
						{"origin": [-2.5, 16.09538, -22.67459], "size": [0, 2, 2], "pivot": [-2.5, 16.09538, -21.67459], "rotation": [0, 0, -2.5], "uv": [108, 91]},
						{"origin": [2.5, 16.09515, -20.69262], "size": [1, 1, 0], "uv": [2, 54]},
						{"origin": [-3.5, 16.09515, -20.69262], "size": [1, 1, 0], "uv": [2, 54]}
					]
				},
				{
					"name": "bone4",
					"parent": "bone",
					"pivot": [0.5, 14.07455, -18.31926],
					"rotation": [-19.25, 0, 0],
					"cubes": [
						{"origin": [-4, 14.57455, -19.01926], "size": [8, 5, 2], "inflate": 0.02, "uv": [20, 94]}
					]
				},
				{
					"name": "bone5",
					"parent": "bone4",
					"pivot": [3.75, 16.95757, -18.94787],
					"rotation": [-0.60585, 18.26631, -0.54818],
					"cubes": [
						{"origin": [3.75, 14.07455, -18.51926], "size": [0, 4, 2], "inflate": 0.01, "uv": [28, 67]}
					]
				},
				{
					"name": "bone6",
					"parent": "bone4",
					"pivot": [-3.75, 16.95757, -18.94787],
					"rotation": [-0.60585, -18.26631, 0.54818],
					"cubes": [
						{"origin": [-3.75, 14.07455, -18.51926], "size": [0, 4, 2], "inflate": 0.01, "uv": [28, 67], "mirror": true}
					]
				},
				{
					"name": "bone10",
					"parent": "bone",
					"pivot": [2.825, 14.95621, -23.72341],
					"rotation": [0, 15, 0],
					"cubes": [
						{"origin": [2.34204, 14.03939, -24.82254], "size": [0, 1, 1], "pivot": [2.825, 14.95621, -23.72341], "rotation": [40, 0, 0], "uv": [106, 25]}
					]
				},
				{
					"name": "bone11",
					"parent": "bone",
					"pivot": [-2.8, 14.95621, -23.72341],
					"rotation": [0, -15, 0],
					"cubes": [
						{"origin": [-2.31704, 14.03939, -24.82254], "size": [0, 1, 1], "pivot": [-2.8, 14.95621, -23.72341], "rotation": [40, 0, 0], "uv": [106, 78]}
					]
				},
				{
					"name": "bone2",
					"parent": "bone",
					"pivot": [0, 16.32455, -23.96926],
					"rotation": [15, 0, 0],
					"cubes": [
						{"origin": [-1.5, 15.77024, -24.51457], "size": [3, 2, 0], "pivot": [0.5, 16.14929, -24.31802], "rotation": [-1.25, 0, 0], "uv": [96, 78]}
					]
				},
				{
					"name": "bone73",
					"parent": "bone",
					"pivot": [3, 16.32455, -23.96926],
					"rotation": [15, 0, 0],
					"cubes": [
						{"origin": [1.5, 15.77024, -24.51457], "size": [0, 2, 1], "pivot": [0.5, 16.14929, -24.31802], "rotation": [-1.25, 0, 0], "uv": [115, 65]}
					]
				},
				{
					"name": "bone74",
					"parent": "bone",
					"pivot": [0, 16.32455, -23.96926],
					"rotation": [15, 0, 0],
					"cubes": [
						{"origin": [-1.5, 15.77024, -24.51457], "size": [0, 2, 1], "pivot": [0.5, 16.14929, -24.31802], "rotation": [-1.25, 0, 0], "uv": [115, 65]}
					]
				},
				{
					"name": "bone38",
					"parent": "bone7",
					"pivot": [2.56516, 20.93733, -5.02874],
					"rotation": [0, 0, 37.5],
					"cubes": [
						{"origin": [2.525, 21.11958, -13.02874], "size": [0, 8, 17], "uv": [42, -17]}
					]
				},
				{
					"name": "bone39",
					"parent": "bone38",
					"pivot": [2.51516, 29.08733, -5.02874],
					"cubes": [
						{"origin": [2.525, 29.11958, -13.02874], "size": [0, 8, 17], "uv": [94, 103]}
					]
				},
				{
					"name": "bone40",
					"parent": "bone39",
					"pivot": [2.51516, 37.11233, -5.02874],
					"cubes": [
						{"origin": [2.525, 37.11958, -13.02874], "size": [0, 9, 17], "uv": [53, 102]}
					]
				},
				{
					"name": "bone69",
					"parent": "bone7",
					"pivot": [-2.56516, 20.93733, -5.02874],
					"rotation": [0, 0, -37.5],
					"cubes": [
						{"origin": [-2.525, 21.11958, -13.02874], "size": [0, 8, 17], "uv": [42, -17], "mirror": true}
					]
				},
				{
					"name": "bone70",
					"parent": "bone69",
					"pivot": [-2.51516, 29.11233, -5.02874],
					"cubes": [
						{"origin": [-2.525, 29.11958, -13.02874], "size": [0, 8, 17], "uv": [94, 103], "mirror": true}
					]
				},
				{
					"name": "bone71",
					"parent": "bone70",
					"pivot": [-2.51516, 37.11233, -5.02874],
					"cubes": [
						{"origin": [-2.525, 37.11958, -13.02874], "size": [0, 9, 17], "uv": [53, 102], "mirror": true}
					]
				},
				{
					"name": "bone12",
					"parent": "bone7",
					"pivot": [3.275, 17.61958, -6.52874],
					"cubes": [
						{"origin": [7.275, 16.11958, -7.27874], "size": [5, 2, 2], "uv": [74, 44]},
						{"origin": [3.275, 15.61958, -8.02874], "size": [4, 3, 3], "uv": [24, 101]},
						{"origin": [4.275, 17.11958, -11.02874], "size": [3, 0, 4], "pivot": [5.275, 17.11958, -7.02874], "rotation": [0, -15, 0], "uv": [58, 101]}
					]
				},
				{
					"name": "bone13",
					"parent": "bone12",
					"pivot": [12.275, 18.11958, -6.27874],
					"cubes": [
						{"origin": [16.275, 17.11958, -11.77874], "size": [3, 0, 4], "uv": [72, 101]},
						{"origin": [13.275, 17.11958, -10.77874], "size": [2, 0, 4], "uv": [88, 44]},
						{"origin": [20.275, 17.11958, -10.77874], "size": [2, 0, 4], "uv": [102, 9]},
						{"origin": [12.275, 15.11958, -8.27874], "size": [6, 4, 4], "uv": [66, 93]},
						{"origin": [17.275, 15.61958, -7.77874], "size": [6, 3, 3], "uv": [100, 33]}
					]
				},
				{
					"name": "bone14",
					"parent": "bone13",
					"pivot": [23.275, 17.11958, -7.27874],
					"cubes": [
						{"origin": [23.275, 15.61958, -7.27874], "size": [2, 3, 2], "inflate": 0.01, "uv": [86, 102]}
					]
				},
				{
					"name": "bone15",
					"parent": "bone14",
					"pivot": [24.275, 15.61958, -7.27874]
				},
				{
					"name": "bone17",
					"parent": "bone15",
					"pivot": [24.275, 12.61958, -7.27874]
				},
				{
					"name": "bone22",
					"parent": "bone14",
					"pivot": [25.275, 17.11958, -7.27874],
					"rotation": [0, 0, -90],
					"cubes": [
						{"origin": [24.275, 14.11958, -7.27874], "size": [2, 3, 2], "uv": [46, 103]}
					]
				},
				{
					"name": "bone23",
					"parent": "bone22",
					"pivot": [25.275, 14.11958, -7.27874],
					"cubes": [
						{"origin": [24.275, 12.11958, -7.27874], "size": [2, 2, 2], "inflate": -0.01, "uv": [106, 13]}
					]
				},
				{
					"name": "bone24",
					"parent": "bone23",
					"pivot": [25.275, 12.11958, -7.27874],
					"cubes": [
						{"origin": [25.275, 10.11958, -7.02874], "size": [0, 2, 2], "uv": [8, 109]}
					]
				},
				{
					"name": "bone19",
					"parent": "bone14",
					"pivot": [24.275, 18.56663, -7.27874],
					"cubes": [
						{"origin": [23.275, 18.56663, -7.27874], "size": [2, 3, 2], "uv": [38, 103]}
					]
				},
				{
					"name": "bone20",
					"parent": "bone19",
					"pivot": [24.275, 21.56663, -7.27874],
					"cubes": [
						{"origin": [23.275, 21.56663, -7.27874], "size": [2, 2, 2], "inflate": -0.01, "uv": [78, 105]}
					]
				},
				{
					"name": "bone21",
					"parent": "bone20",
					"pivot": [24.275, 23.56663, -7.27874],
					"cubes": [
						{"origin": [24.275, 23.56663, -6.77874], "size": [0, 2, 2], "uv": [4, 109]}
					]
				},
				{
					"name": "bone16",
					"parent": "bone14",
					"pivot": [24.275, 15.61958, -7.27874],
					"cubes": [
						{"origin": [23.275, 12.61958, -7.27874], "size": [2, 3, 2], "uv": [102, 102], "mirror": true}
					]
				},
				{
					"name": "bone18",
					"parent": "bone16",
					"pivot": [24.275, 12.61958, -7.27874],
					"cubes": [
						{"origin": [23.275, 10.61958, -7.27874], "size": [2, 2, 2], "inflate": -0.01, "uv": [70, 105], "mirror": true}
					]
				},
				{
					"name": "bone72",
					"parent": "bone18",
					"pivot": [24.275, 10.61958, -7.27874],
					"cubes": [
						{"origin": [24.275, 8.61958, -7.02874], "size": [0, 2, 2], "uv": [0, 109], "mirror": true}
					]
				},
				{
					"name": "bone45",
					"parent": "bone7",
					"pivot": [-3.275, 17.61958, -6.52874],
					"cubes": [
						{"origin": [-7.275, 15.61958, -8.02874], "size": [4, 3, 3], "uv": [24, 101], "mirror": true},
						{"origin": [-7.275, 17.11958, -11.02874], "size": [3, 0, 4], "pivot": [-5.275, 17.11958, -7.02874], "rotation": [0, 15, 0], "uv": [58, 101], "mirror": true},
						{"origin": [-12.275, 16.11958, -7.27874], "size": [5, 2, 2], "uv": [74, 44], "mirror": true}
					]
				},
				{
					"name": "bone46",
					"parent": "bone45",
					"pivot": [-12.275, 18.11958, -6.27874],
					"cubes": [
						{"origin": [-19.275, 17.11958, -11.77874], "size": [3, 0, 4], "uv": [72, 101], "mirror": true},
						{"origin": [-15.275, 17.11958, -10.77874], "size": [2, 0, 4], "uv": [88, 44], "mirror": true},
						{"origin": [-22.275, 17.11958, -10.77874], "size": [2, 0, 4], "uv": [102, 9], "mirror": true},
						{"origin": [-18.275, 15.11958, -8.27874], "size": [6, 4, 4], "uv": [66, 93], "mirror": true},
						{"origin": [-23.275, 15.61958, -7.77874], "size": [5, 3, 3], "uv": [101, 33], "mirror": true}
					]
				},
				{
					"name": "bone47",
					"parent": "bone46",
					"pivot": [-23.275, 17.11958, -7.27874],
					"cubes": [
						{"origin": [-25.275, 15.61958, -7.27874], "size": [2, 3, 2], "inflate": 0.01, "uv": [86, 102], "mirror": true}
					]
				},
				{
					"name": "bone48",
					"parent": "bone47",
					"pivot": [-24.275, 15.61958, -7.27874]
				},
				{
					"name": "bone51",
					"parent": "bone47",
					"pivot": [-25.275, 17.11958, -7.27874],
					"rotation": [0, 0, 90],
					"cubes": [
						{"origin": [-26.275, 14.11958, -7.27874], "size": [2, 3, 2], "uv": [46, 103], "mirror": true}
					]
				},
				{
					"name": "bone52",
					"parent": "bone51",
					"pivot": [-25.275, 14.11958, -7.27874],
					"cubes": [
						{"origin": [-26.275, 12.11958, -7.27874], "size": [2, 2, 2], "inflate": -0.01, "uv": [106, 13], "mirror": true}
					]
				},
				{
					"name": "bone53",
					"parent": "bone52",
					"pivot": [-25.275, 12.11958, -7.27874],
					"cubes": [
						{"origin": [-25.275, 10.11958, -7.02874], "size": [0, 2, 2], "uv": [8, 109], "mirror": true}
					]
				},
				{
					"name": "bone54",
					"parent": "bone47",
					"pivot": [-24.275, 18.56663, -7.27874],
					"cubes": [
						{"origin": [-25.275, 18.56663, -7.27874], "size": [2, 3, 2], "uv": [38, 103], "mirror": true}
					]
				},
				{
					"name": "bone55",
					"parent": "bone54",
					"pivot": [-24.275, 21.56663, -7.27874],
					"cubes": [
						{"origin": [-25.275, 21.56663, -7.27874], "size": [2, 2, 2], "inflate": -0.01, "uv": [78, 105], "mirror": true}
					]
				},
				{
					"name": "bone56",
					"parent": "bone55",
					"pivot": [-24.275, 23.56663, -7.27874],
					"cubes": [
						{"origin": [-24.275, 23.56663, -7.02874], "size": [0, 2, 2], "uv": [4, 109], "mirror": true}
					]
				},
				{
					"name": "bone57",
					"parent": "bone47",
					"pivot": [-24.275, 15.61958, -7.27874],
					"cubes": [
						{"origin": [-25.275, 12.61958, -7.27874], "size": [2, 3, 2], "uv": [102, 102], "mirror": true}
					]
				},
				{
					"name": "bone49",
					"parent": "bone57",
					"pivot": [-24.275, 12.61958, -7.27874],
					"cubes": [
						{"origin": [-25.275, 10.61958, -7.27874], "size": [2, 2, 2], "inflate": -0.01, "uv": [70, 105], "mirror": true}
					]
				},
				{
					"name": "bone50",
					"parent": "bone49",
					"pivot": [-24.275, 10.61958, -7.27874],
					"cubes": [
						{"origin": [-24.275, 8.61958, -7.02874], "size": [0, 2, 2], "uv": [0, 109], "mirror": true}
					]
				},
				{
					"name": "bone34",
					"parent": "torso",
					"pivot": [0, 12.59311, 10.74574],
					"rotation": [25, 0, 0],
					"cubes": [
						{"origin": [-4, 12.59311, 10.74574], "size": [8, 9, 9], "uv": [32, 48]},
						{"origin": [0, 19.59311, 14.24574], "size": [0, 7, 5], "uv": [14, 101]}
					]
				},
				{
					"name": "bone35",
					"parent": "bone34",
					"pivot": [0, 14.09311, 19.74574],
					"rotation": [17.5, 0, 0],
					"cubes": [
						{"origin": [-3, 14.09311, 19.74574], "size": [6, 7, 9], "uv": [66, 65]},
						{"origin": [0, 21.09311, 21.99574], "size": [0, 7, 6], "uv": [96, 65]}
					]
				},
				{
					"name": "bone36",
					"parent": "bone35",
					"pivot": [0, 15.09311, 28.74574],
					"rotation": [15, 0, 0],
					"cubes": [
						{"origin": [-2, 15.09311, 28.74574], "size": [4, 5, 6], "uv": [0, 83]},
						{"origin": [0, 20.09311, 29.99574], "size": [0, 5, 4], "uv": [102, 0]}
					]
				},
				{
					"name": "bone37",
					"parent": "bone36",
					"pivot": [0.5, 16.09311, 34.74574],
					"rotation": [12.5, 0, 0],
					"cubes": [
						{"origin": [-1.5, 16.09311, 34.74574], "size": [3, 3, 6], "uv": [40, 94]}
					]
				},
				{
					"name": "bone8",
					"parent": "body",
					"pivot": [4.25, 13.75, 6.25],
					"rotation": [50, 0, 0],
					"cubes": [
						{"origin": [2.75, 10.35373, -0.33371], "size": [5, 7, 9], "uv": [0, 67]},
						{"origin": [2.75, 10.35373, -0.33371], "size": [5, 7, 9], "inflate": 0.25, "uv": [74, 0]}
					]
				},
				{
					"name": "bone9",
					"parent": "bone8",
					"pivot": [5.25, 16.35373, -0.33371],
					"rotation": [50, 0, 0],
					"cubes": [
						{"origin": [3.5, 13.02443, -7.84433], "size": [3, 4, 8], "uv": [66, 81]}
					]
				},
				{
					"name": "bone25",
					"parent": "bone9",
					"pivot": [5.75, 14.35373, -6.83371],
					"rotation": [12.5, 0, 0],
					"cubes": [
						{"origin": [3, 12.77443, -9.84433], "size": [4, 5, 3], "pivot": [6, 15.26304, -2.57276], "rotation": [2.5, 0, 0], "uv": [0, 101]}
					]
				},
				{
					"name": "bone33",
					"parent": "bone25",
					"pivot": [5, 12.58804, -9.07276],
					"rotation": [47.5, 0, 0],
					"cubes": [
						{"origin": [5, 8.54633, -9.16095], "size": [0, 4, 2], "uv": [50, 108]}
					]
				},
				{
					"name": "bone32",
					"parent": "bone25",
					"pivot": [5, 17.1768, -9.92024],
					"rotation": [-1, 0, 0]
				},
				{
					"name": "bone26",
					"parent": "bone32",
					"pivot": [5, 16.6768, -9.89524],
					"cubes": [
						{"origin": [4, 17.27443, -10.06933], "size": [2, 3, 2], "pivot": [6, 19.76304, -2.79776], "rotation": [2.5, 0, 0], "uv": [104, 95]}
					]
				},
				{
					"name": "bone27",
					"parent": "bone26",
					"pivot": [5, 20.1518, -10.04524],
					"cubes": [
						{"origin": [4, 20.24943, -10.19433], "size": [2, 2, 2], "inflate": -0.01, "pivot": [6, 22.73804, -2.92276], "rotation": [2.5, 0, 0], "uv": [106, 17]},
						{"origin": [5, 22.24943, -10.26933], "size": [0, 2, 2], "pivot": [6, 24.73804, -2.99776], "rotation": [2.5, 0, 0], "uv": [70, 109]}
					]
				},
				{
					"name": "bone28",
					"parent": "bone32",
					"pivot": [5, 16.9268, -9.89524],
					"cubes": [
						{"origin": [5.75, 17.02443, -10.04433], "size": [2, 3, 2], "pivot": [7.75, 19.51304, -2.77276], "rotation": [2.5, 0, 0], "uv": [54, 105]}
					]
				},
				{
					"name": "bone29",
					"parent": "bone28",
					"pivot": [6.75, 19.9018, -10.02024],
					"cubes": [
						{"origin": [5.75, 19.99943, -10.16933], "size": [2, 2, 2], "inflate": -0.01, "pivot": [7.75, 22.48804, -2.89776], "rotation": [2.5, 0, 0], "uv": [106, 21]},
						{"origin": [6.75, 21.99943, -10.24433], "size": [0, 2, 2], "pivot": [7.75, 24.48804, -2.97276], "rotation": [2.5, 0, 0], "uv": [74, 109]}
					]
				},
				{
					"name": "bone30",
					"parent": "bone32",
					"pivot": [5, 16.9268, -9.89524],
					"cubes": [
						{"origin": [2.25, 17.02443, -10.04433], "size": [2, 3, 2], "pivot": [4.25, 19.51304, -2.77276], "rotation": [2.5, 0, 0], "uv": [62, 105]}
					]
				},
				{
					"name": "bone31",
					"parent": "bone30",
					"pivot": [3.25, 19.9018, -10.02024],
					"cubes": [
						{"origin": [2.25, 19.99943, -10.16933], "size": [2, 2, 2], "inflate": -0.01, "pivot": [4.25, 22.48804, -2.89776], "rotation": [2.5, 0, 0], "uv": [24, 107]},
						{"origin": [3.25, 21.99943, -10.24433], "size": [0, 2, 2], "pivot": [4.25, 24.48804, -2.97276], "rotation": [2.5, 0, 0], "uv": [78, 109]}
					]
				},
				{
					"name": "bone58",
					"parent": "body",
					"pivot": [-4.25, 13.75, 6.25],
					"rotation": [50, 0, 0],
					"cubes": [
						{"origin": [-7.75, 10.35373, -0.33371], "size": [5, 7, 9], "uv": [0, 67], "mirror": true},
						{"origin": [-7.75, 10.35373, -0.33371], "size": [5, 7, 9], "inflate": 0.25, "uv": [74, 0], "mirror": true}
					]
				},
				{
					"name": "bone59",
					"parent": "bone58",
					"pivot": [-5.25, 16.35373, -0.33371],
					"rotation": [50, 0, 0],
					"cubes": [
						{"origin": [-6.5, 13.02443, -7.84433], "size": [3, 4, 8], "uv": [66, 81], "mirror": true}
					]
				},
				{
					"name": "bone60",
					"parent": "bone59",
					"pivot": [-5.75, 14.35373, -6.83371],
					"rotation": [12.5, 0, 0],
					"cubes": [
						{"origin": [-7, 12.77443, -9.84433], "size": [4, 5, 3], "pivot": [-6, 15.26304, -2.57276], "rotation": [2.5, 0, 0], "uv": [0, 101], "mirror": true}
					]
				},
				{
					"name": "bone61",
					"parent": "bone60",
					"pivot": [-5, 12.58804, -9.07276],
					"rotation": [47.5, 0, 0],
					"cubes": [
						{"origin": [-5, 8.54633, -9.16095], "size": [0, 4, 2], "uv": [50, 108], "mirror": true}
					]
				},
				{
					"name": "bone62",
					"parent": "bone60",
					"pivot": [-5, 17.1768, -9.92024],
					"rotation": [-1, 0, 0]
				},
				{
					"name": "bone63",
					"parent": "bone62",
					"pivot": [-5, 16.6768, -9.89524],
					"cubes": [
						{"origin": [-6, 17.27443, -10.06933], "size": [2, 3, 2], "pivot": [-6, 19.76304, -2.79776], "rotation": [2.5, 0, 0], "uv": [104, 95], "mirror": true}
					]
				},
				{
					"name": "bone64",
					"parent": "bone63",
					"pivot": [-5, 20.1518, -10.04524],
					"cubes": [
						{"origin": [-6, 20.24943, -10.19433], "size": [2, 2, 2], "inflate": -0.01, "pivot": [-6, 22.73804, -2.92276], "rotation": [2.5, 0, 0], "uv": [106, 17], "mirror": true},
						{"origin": [-5, 22.24943, -10.26933], "size": [0, 2, 2], "pivot": [-6, 24.73804, -2.99776], "rotation": [2.5, 0, 0], "uv": [70, 109], "mirror": true}
					]
				},
				{
					"name": "bone65",
					"parent": "bone62",
					"pivot": [-6, 16.9268, -9.89524],
					"cubes": [
						{"origin": [-7.75, 17.02443, -10.04433], "size": [2, 3, 2], "pivot": [-7.75, 19.51304, -2.77276], "rotation": [2.5, 0, 0], "uv": [54, 105], "mirror": true}
					]
				},
				{
					"name": "bone66",
					"parent": "bone65",
					"pivot": [-6.75, 19.9018, -10.02024],
					"cubes": [
						{"origin": [-7.75, 19.99943, -10.16933], "size": [2, 2, 2], "inflate": -0.01, "pivot": [-7.75, 22.48804, -2.89776], "rotation": [2.5, 0, 0], "uv": [106, 21], "mirror": true},
						{"origin": [-6.75, 21.99943, -10.24433], "size": [0, 2, 2], "pivot": [-7.75, 24.48804, -2.97276], "rotation": [2.5, 0, 0], "uv": [74, 109], "mirror": true}
					]
				},
				{
					"name": "bone67",
					"parent": "bone62",
					"pivot": [-5, 16.9268, -9.89524],
					"cubes": [
						{"origin": [-4.25, 17.02443, -10.04433], "size": [2, 3, 2], "pivot": [-4.25, 19.51304, -2.77276], "rotation": [2.5, 0, 0], "uv": [62, 105], "mirror": true}
					]
				},
				{
					"name": "bone68",
					"parent": "bone67",
					"pivot": [-3.25, 19.9018, -10.02024],
					"cubes": [
						{"origin": [-4.25, 19.99943, -10.16933], "size": [2, 2, 2], "inflate": -0.01, "pivot": [-4.25, 22.48804, -2.89776], "rotation": [2.5, 0, 0], "uv": [24, 107], "mirror": true},
						{"origin": [-3.25, 21.99943, -10.24433], "size": [0, 2, 2], "pivot": [-4.25, 24.48804, -2.97276], "rotation": [2.5, 0, 0], "uv": [78, 109], "mirror": true}
					]
				}
			]
		}
	]
}