{
  "type": "minecraft:crafting_shaped",
  "pattern": [
    "XXX",
    "XWY",
    " Z "
  ],
  "key": {
    "W": { "item": "minecraft:iron_ingot" },
    "X": { "item": "minecraft:red_wool" },
    "Y": { "item": "cobblemon:red_apricorn" },
    "Z": { "item": "minecraft:string" }
  },
  "result": {
    "id": "lumymon:fighting_glove",
    "count": 1,
    "components": {
      "lumymon:structure_name": "cobbleverse:rudi",
      "lumymon:dimension_id": "any",
      "lumymon:map_decoration": "lumymon:fighting_gym"
    }
  }
}