{
  "type": "minecraft:crafting_shaped",
  "key": {
    "P": {
      "item": "lumymon:poke_radar"
    },
    "W": {
      "item": "cobblemon:electric_gem"
    },
    "X": {
      "item": "cobblemon:dragon_gem"
    },
    "Y": {
      "item": "minecraft:sandstone"
    },
    "Z": {
      "item": "minecraft:sculk"
    },
    "C": {
      "item": "cobblemon:choice_band"
    }
  },
  "pattern": [
    "W X",
    "YPZ",
    "YCZ"
  ],
  "result": {
    "id": "lumymon:split_decision_radar"
  }
}