{
  "species": "cobblemon:floette",
  "order": 0,
  "variations": [
    {
      "aspects": [],
      "poser": "cobblemon:floette",
      "model": "cobblemon:floette.geo",
      "texture": "cobblemon:textures/pokemon/0670_floette/floette.png",
      "layers": []
    },
    {
      "aspects": [
        "flower-blue"
      ],
      "texture": "cobblemon:textures/pokemon/0670_floette/floette_blue.png",
      "layers": [
        {
          "texture": "cobblemon:textures/pokemon/0670_floette/floette_flower_blue.png"
        }
      ]
    },
    {
      "aspects": [
        "flower-orange"
      ],
      "texture": "cobblemon:textures/pokemon/0670_floette/floette_orange.png",
      "layers": [
        {
          "texture": "cobblemon:textures/pokemon/0670_floette/floette_flower_orange.png"
        }
      ]
    },
    {
      "aspects": [
        "flower-yellow"
      ],
      "texture": "cobblemon:textures/pokemon/0670_floette/floette_yellow.png",
      "layers": [
        {
          "texture": "cobblemon:textures/pokemon/0670_floette/floette_flower_yellow.png"
        }
      ]
    },
    {
      "aspects": [
        "flower-white"
      ],
      "texture": "cobblemon:textures/pokemon/0670_floette/floette_white.png",
      "layers": [
        {
          "texture": "cobblemon:textures/pokemon/0670_floette/floette_flower_white.png"
        }
      ]
    },
    {
      "aspects": [
        "flower-red"
      ],
      "texture": "cobblemon:textures/pokemon/0670_floette/floette_red.png",
      "layers": [
        {
          "texture": "cobblemon:textures/pokemon/0670_floette/floette_flower_red.png"
        }
      ]
    },
    {
      "aspects": [
        "flower-pink"
      ],
      "texture": "cobblemon:textures/pokemon/0670_floette/floette_pink.png",
      "layers": [
        {
          "texture": "cobblemon:textures/pokemon/0670_floette/floette_flower_pink.png"
        }
      ]
    },
    {
      "aspects": [
        "flower-blue",
        "shiny"
      ],
      "texture": "cobblemon:textures/pokemon/0670_floette/floette_blue_shiny.png",
      "layers": [
        {
          "texture": "cobblemon:textures/pokemon/0670_floette/floette_flower_blue.png"
        }
      ]
    },
    {
      "aspects": [
        "flower-orange",
        "shiny"
      ],
      "texture": "cobblemon:textures/pokemon/0670_floette/floette_orange_shiny.png",
      "layers": [
        {
          "texture": "cobblemon:textures/pokemon/0670_floette/floette_flower_orange.png"
        }
      ]
    },
    {
      "aspects": [
        "flower-yellow",
        "shiny"
      ],
      "texture": "cobblemon:textures/pokemon/0670_floette/floette_yellow_shiny.png",
      "layers": [
        {
          "texture": "cobblemon:textures/pokemon/0670_floette/floette_flower_yellow.png"
        }
      ]
    },
    {
      "aspects": [
        "flower-white",
        "shiny"
      ],
      "texture": "cobblemon:textures/pokemon/0670_floette/floette_white_shiny.png",
      "layers": [
        {
          "texture": "cobblemon:textures/pokemon/0670_floette/floette_flower_white.png"
        }
      ]
    },
    {
      "aspects": [
        "flower-red",
        "shiny"
      ],
      "texture": "cobblemon:textures/pokemon/0670_floette/floette_red_shiny.png",
      "layers": [
        {
          "texture": "cobblemon:textures/pokemon/0670_floette/floette_flower_red.png"
        }
      ]
    },
    {
      "aspects": [
        "flower-pink",
        "shiny"
      ],
      "texture": "cobblemon:textures/pokemon/0670_floette/floette_pink_shiny.png",
      "layers": [
        {
          "texture": "cobblemon:textures/pokemon/0670_floette/floette_flower_pink.png"
        }
      ]
    }
  ]
}