{
    "head": "head",
	"portraitScale": 2.0,
    "portraitTranslation": [ -0.3, 0, 0 ],
    "profileScale": 0.9,
    "profileTranslation": [ 0.1, 0.4, 0 ],
    "poses": {
      "standing": {
        "poseName": "standing",
        "transformTicks": 10,
        "poseTypes": [
          "STAND",
          "NONE",
          "PORTRAIT",
          "PROFILE"
        ],
        "animations": [
          "q.bedrock(marowak_alolan, ground_idle)"
        ],
		"quirks": [
          {
            "name": "blink",
            "animations": ["q.bedrock(marowak_alolan, blink)"]
          }
		]		  
      },
      "walking": {
        "poseName": "walking",
        "transformTicks": 10,
        "poseTypes": [ "WALK" ],
        "animations": [ "q.bedrock(marowak_alolan, ground_walk)" ]
		}
      }
    }