{
  "portraitScale": 2.36,
  "portraitTranslation": [-0.63, -0.02, 0],
  "profileScale": 0.67,
  "profileTranslation": [0, 0.8, 0],
  "rootBone": "eelektrik",
  "animations": {
    "cry": "q.bedrock_stateful('eelektrik', 'cry')"
  },
  "poses": {
    "standing": {
      "poseTypes": ["STAND", "NONE", "PORTRAIT", "PROFILE"],
      "animations": [
        "q.look('head')",
        "q.bedrock('eelektrik', 'ground_idle')"
      ],
      "quirks": [
        "q.bedrock_quirk('eelektrik', 'blink')"
      ]
    },
    "walking": {
      "poseTypes": ["WALK"],
      "animations": [
        "q.look('head')",
        "q.bedrock('eelektrik', 'ground_walk')"
      ],
      "quirks": [
        "q.bedrock_quirk('eelektrik', 'blink')"
      ]
    },
    "hover": {
      "poseTypes": ["HOVER"],
      "animations": [
        "q.look('head')",
        "q.bedrock('eelektrik', 'air_idle')"
      ],
      "quirks": [
        "q.bedrock_quirk('eelektrik', 'blink')"
      ]
    },
    "fly": {
      "poseTypes": ["FLY"],
      "animations": [
        "q.pitch_tilt('body')",
        "q.bedrock('eelektrik', 'air_fly')"
      ],
      "quirks": [
        "q.bedrock_quirk('eelektrik', 'blink')"
      ]
    },
    "float": {
      "poseTypes": ["FLOAT"],
      "animations": [
        "q.look('head')",
        "q.bedrock('eelektrik', 'water_idle')"
      ],
      "quirks": [
        "q.bedrock_quirk('eelektrik', 'blink')"
      ]
    },
    "swim": {
      "poseTypes": ["SWIM"],
      "animations": [
        "q.pitch_tilt('body')",
        "q.bedrock('eelektrik', 'water_swim')"
      ],
      "quirks": [
        "q.bedrock_quirk('eelektrik', 'blink')"
      ]
    }
  }
}
