{
  "portraitScale": 1.2,
  "portraitTranslation": [-0.7, 2.4, 0.0],
  "profileScale": 0.43,
  "profileTranslation": [0.0, 1.0, 0.0],
  "rootBone": "meganium",
  "animations": {
    "faint": "q.bedrock_primary('meganium', 'faint', q.curve('one'))",
	"cry": "q.bedrock_stateful('meganium', 'cry')",
	"recoil": "q.bedrock_stateful('meganium', 'recoil')",
	"status": "q.bedrock_stateful('meganium', 'cry')",
	"physical": "q.bedrock_primary('meganium', 'physical', q.curve ('symmetrical_wide'))",
	"special": "q.bedrock_primary('meganium', 'special', q.curve ('symmetrical_wide'))"
  },
  "poses": {
    "battle-standing": {
      "poseName": "battle-standing",
      "poseTypes": ["STAND"],
      "isBattle": true,
      "animations": ["q.look('head')", "q.bedrock('meganium', 'battle_idle')"],
      "quirks": ["q.bedrock_quirk('meganium', 'blink')"]
    },
	"standing": {
      "poseTypes": ["STAND", "NONE", "FLOAT", "PORTRAIT", "PROFILE"],
      "isBattle": false,
      "animations": ["q.look('head')", "q.bedrock('meganium', 'ground_idle')"],
      "quirks": ["q.bedrock_quirk('meganium', 'blink')"]
    },
    "walking": {
      "poseTypes": ["WALK", "SWIM"],
      "animations": [
        "q.look('head')",
        "q.bedrock('meganium', 'ground_walk')"
      ],
      "quirks": ["q.bedrock_quirk('meganium', 'blink')"]
    },
	"sleeping": {
      "poseTypes": ["SLEEP"],
      "animations": [
        "q.look('head')",
        "q.bedrock('meganium', 'sleep')"
      ]
    }
  }
}
