{
  "portraitScale": 2.36,
  "portraitTranslation": [-0.27, -0.25, 0],
  "profileScale": 0.68,
  "profileTranslation": [0, 0.71, 0],
  "rootBone": "nuzleaf",
  "animations": {
	  "cry": "q.bedrock_stateful('nuzleaf', 'cry')"
  },
  "poses": {
    "standing": {
      "poseTypes": ["STAND", "NONE", "FLOAT", "PORTRAIT", "PROFILE"],
      "isBattle": false,
      "animations": [
        "q.look('head')",
        "q.bedrock('nuzleaf', 'ground_idle')"
      ],
      "quirks": [
        "q.bedrock_quirk('nuzleaf', 'blink')"
      ]
    },
	"battle-standing": {
      "poseTypes": ["STAND", "NONE", "FLOAT", "PORTRAIT", "PROFILE"],
      "isBattle": true,
      "animations": [
        "q.look('head')",
        "q.bedrock('nuzleaf', 'battle_idle')"
      ],
      "quirks": [
        "q.bedrock_quirk('nuzleaf', 'blink')"
      ]
    },
    "walking": {
      "poseTypes": ["WALK", "SWIM"],
      "animations": [
        "q.look('head')",
        "q.bedrock('nuzleaf', 'ground_walk')"
      ],
      "quirks": [
        "q.bedrock_quirk('nuzleaf', 'blink')"
      ]
    },
    "sleep": {
      "poseTypes": ["SLEEP"],
      "animations": [
        "q.bedrock('nuzleaf', 'sleep')"
      ]
    }
  }
}
