{
  "portraitScale": 1.84,
  "portraitTranslation": [-0.21, 0.51, 0],
  "profileScale": 0.83,
  "profileTranslation": [0.0, 0.51, 0],
  "rootBone": "scrafty",
  "animations": {
	  "cry": "q.bedrock_stateful('scrafty', 'cry')"
	  },
  "poses": {
    "battle-standing": {
      "poseTypes": ["STAND"],
      "isBattle": true,
      "animations": [
        "q.look('head')",
        "q.bedrock('scrafty', 'battle_idle')"
      ],
      "quirks": [
        "q.bedrock_quirk('scrafty', 'blink')"
      ]
    },
    "standing": {
      "poseTypes": ["STAND", "NONE", "PORTRAIT", "PROFILE", "FLOAT"],
      "isBattle": false,
      "animations": [
        "q.look('head')",
        "q.bedrock('scrafty', 'ground_idle')"
      ],
      "quirks": [
        "q.bedrock_quirk('scrafty', 'blink')"
      ]
    },
    "walking": {
      "poseTypes": ["WALK", "SWIM"],
      "animations": [
        "q.look('head')",
        "q.bedrock('scrafty', 'ground_walk')"
      ],
      "quirks": [
        "q.bedrock_quirk('scrafty', 'blink')"
      ]
    }
  }
}
