{
  "portraitScale": 1.97,
  "portraitTranslation": [-0.49, 0.28, 0],
  "profileScale": 0.72,
  "profileTranslation": [0, 0.64, 0],
  "rootBone": "shiftry",
  "animations": {
	  "cry": "q.bedrock_stateful('shiftry', 'cry')"
  },
  "poses": {
    "standing": {
      "poseTypes": ["STAND", "NONE", "FLOAT", "PORTRAIT", "PROFILE"],
      "isBattle": false,
      "animations": [
        "q.bedrock('shiftry', 'ground_idle')"
      ],
      "quirks": [
        "q.bedrock_quirk('shiftry', 'blink')"
      ]
    },
	"battle-standing": {
      "poseTypes": ["STAND", "NONE", "FLOAT", "PORTRAIT", "PROFILE"],
      "isBattle": true,
      "animations": [
        "q.bedrock('shiftry', 'battle_idle')"
      ],
      "quirks": [
        "q.bedrock_quirk('shiftry', 'blink')"
      ]
    },
    "walking": {
      "poseTypes": ["WALK", "SWIM"],
      "animations": [
        "q.bedrock('shiftry', 'ground_walk')"
      ],
      "quirks": [
        "q.bedrock_quirk('shiftry', 'blink')"
      ]
    },
    "sleep": {
      "poseTypes": ["SLEEP"],
      "animations": [
        "q.bedrock('shiftry', 'sleep')"
      ]
    }
  }
}
