{
  "type": "minecraft:chest",
  "pools": [
    {
      "rolls": {
        "type": "minecraft:uniform",
        "min": 2.0,
        "max": 4.0
      },
      "entries": [
        {
          "type": "minecraft:item",
          "name": "minecraft:kelp",
          "weight": 30,
          "functions": [
            {
              "function": "minecraft:set_count",
              "count": {
                "type": "minecraft:uniform",
                "min": 2.0,
                "max": 5.0
              }
            }
          ]
        },
        {
          "type": "minecraft:item",
          "name": "minecraft:seagrass",
          "weight": 30,
          "functions": [
            {
              "function": "minecraft:set_count",
              "count": {
                "type": "minecraft:uniform",
                "min": 2.0,
                "max": 5.0
              }
            }
          ]
        },
        {
          "type": "minecraft:item",
          "name": "cobblemon:awakening",
          "weight": 25,
          "functions": [
            {
              "function": "minecraft:set_count",
              "count": {
                "type": "minecraft:uniform",
                "min": 2.0,
                "max": 4.0
              }
            }
          ]
        },
        {
          "type": "minecraft:item",
          "name": "handcrafted:white_sheet",
          "weight": 2
        },
        {
          "type": "minecraft:item",
          "name": "handcrafted:orange_sheet",
          "weight": 2
        },
        {
          "type": "minecraft:item",
          "name": "handcrafted:magenta_sheet",
          "weight": 2
        },
        {
          "type": "minecraft:item",
          "name": "handcrafted:light_blue_sheet",
          "weight": 2
        },
        {
          "type": "minecraft:item",
          "name": "handcrafted:yellow_sheet",
          "weight": 2
        },
        {
          "type": "minecraft:item",
          "name": "handcrafted:lime_sheet",
          "weight": 2
        },
        {
          "type": "minecraft:item",
          "name": "handcrafted:pink_sheet",
          "weight": 2
        },
        {
          "type": "minecraft:item",
          "name": "handcrafted:gray_sheet",
          "weight": 2
        },
        {
          "type": "minecraft:item",
          "name": "handcrafted:light_gray_sheet",
          "weight": 2
        },
        {
          "type": "minecraft:item",
          "name": "handcrafted:cyan_sheet",
          "weight": 2
        },
        {
          "type": "minecraft:item",
          "name": "handcrafted:purple_sheet",
          "weight": 2
        },
        {
          "type": "minecraft:item",
          "name": "handcrafted:blue_sheet",
          "weight": 2
        },
        {
          "type": "minecraft:item",
          "name": "handcrafted:brown_sheet",
          "weight": 2
        },
        {
          "type": "minecraft:item",
          "name": "handcrafted:green_sheet",
          "weight": 2
        },
        {
          "type": "minecraft:item",
          "name": "handcrafted:red_sheet",
          "weight": 2
        },
        {
          "type": "minecraft:item",
          "name": "handcrafted:black_sheet",
          "weight": 2
        },
        {
          "type": "minecraft:item",
          "name": "minecraft:turtle_scute",
          "weight": 4,
          "functions": [
            {
              "function": "minecraft:set_count",
              "count": {
                "type": "minecraft:uniform",
                "min": 1.0,
                "max": 3.0
              }
            }
          ]
        },
        {
          "type": "minecraft:item",
          "name": "cobblemon:dream_rod",
          "weight": 5
        },
        {
          "type": "minecraft:item",
          "name": "minecraft:nautilus_shell",
          "weight": 5
        }
      ]
    },
    {
      "rolls": {
        "type": "minecraft:uniform",
        "min": 0.0,
        "max": 2.0
      },
      "entries": [
        {
          "type": "minecraft:item",
          "name": "minecraft:candle",
          "weight": 10
        },
        {
          "type": "minecraft:item",
          "name": "minecraft:white_candle",
          "weight": 10
        },
        {
          "type": "minecraft:item",
          "name": "minecraft:orange_candle",
          "weight": 10
        },
        {
          "type": "minecraft:item",
          "name": "minecraft:magenta_candle",
          "weight": 10
        },
        {
          "type": "minecraft:item",
          "name": "minecraft:light_blue_candle",
          "weight": 10
        },
        {
          "type": "minecraft:item",
          "name": "minecraft:yellow_candle",
          "weight": 10
        },
        {
          "type": "minecraft:item",
          "name": "minecraft:lime_candle",
          "weight": 10
        },
        {
          "type": "minecraft:item",
          "name": "minecraft:pink_candle",
          "weight": 10
        },
        {
          "type": "minecraft:item",
          "name": "minecraft:gray_candle",
          "weight": 10
        },
        {
          "type": "minecraft:item",
          "name": "minecraft:light_gray_candle",
          "weight": 10
        },
        {
          "type": "minecraft:item",
          "name": "minecraft:cyan_candle",
          "weight": 10
        },
        {
          "type": "minecraft:item",
          "name": "minecraft:purple_candle",
          "weight": 10
        },
        {
          "type": "minecraft:item",
          "name": "minecraft:blue_candle",
          "weight": 10
        },
        {
          "type": "minecraft:item",
          "name": "minecraft:brown_candle",
          "weight": 10
        },
        {
          "type": "minecraft:item",
          "name": "minecraft:green_candle",
          "weight": 10
        },
        {
          "type": "minecraft:item",
          "name": "minecraft:red_candle",
          "weight": 10
        }
      ]
    }
  ]
}