{
  "type": "minecraft:chest",
  "pools": [
    {
      "rolls": {
        "type": "minecraft:uniform",
        "min": 2.0,
        "max": 3.0
      },
      "entries": [
        {
          "type": "minecraft:item",
          "name": "cobblemon:relic_coin",
          "weight": 8,
          "functions": [
            {
              "function": "minecraft:set_count",
              "count": {
                "type": "minecraft:uniform",
                "min": 1.0,
                "max": 3.0
              }
            }
          ]
        },
        {
          "type": "minecraft:item",
          "name": "cobblemon:potion",
          "weight": 12
        },
        {
          "type": "minecraft:item",
          "name": "cobblemon:super_potion",
          "weight": 6
        },
        {
          "type": "minecraft:loot_table",
          "value": "minecraft:cobblemon/healing_status",
          "weight": 10
        },
        {
          "type": "minecraft:loot_table",
          "value": "minecraft:cobblemon/x_item",
          "weight": 8
        }
      ]
    },
    {
      "rolls": {
        "type": "minecraft:uniform",
        "min": 2.0,
        "max": 4.0
      },
      "entries": [
        {
          "type": "minecraft:item",
          "name": "cobblemon:poke_ball",
          "weight": 50,
          "functions": [
            {
              "function": "minecraft:set_count",
              "count": {
                "type": "minecraft:uniform",
                "min": 2.0,
                "max": 5.0
              }
            }
          ]
        },
        {
          "type": "minecraft:item",
          "name": "cobblemon:luxury_ball",
          "weight": 15
        },
        {
          "type": "minecraft:item",
          "name": "cobblemon:premier_ball",
          "weight": 15
        },
        {
          "type": "minecraft:item",
          "name": "cobblemon:slate_ball",
          "weight": 15
        }
      ]
    },
    {
      "rolls": {
        "type": "minecraft:uniform",
        "min": 1.0,
        "max": 3.0
      },
      "entries": [
        {
          "type": "minecraft:item",
          "name": "minecraft:copper_ingot",
          "weight": 20,
          "functions": [
            {
              "function": "minecraft:set_count",
              "count": {
                "type": "minecraft:uniform",
                "min": 2.0,
                "max": 5.0
              }
            }
          ]
        },
        {
          "type": "minecraft:item",
          "name": "minecraft:iron_ingot",
          "weight": 10,
          "functions": [
            {
              "function": "minecraft:set_count",
              "count": {
                "type": "minecraft:uniform",
                "min": 1.0,
                "max": 2.0
              }
            }
          ]
        },
        {
          "type": "minecraft:item",
          "name": "minecraft:coal",
          "weight": 15,
          "functions": [
            {
              "function": "minecraft:set_count",
              "count": {
                "type": "minecraft:uniform",
                "min": 2.0,
                "max": 4.0
              }
            }
          ]
        },
        {
          "type": "minecraft:item",
          "name": "minecraft:quartz",
          "weight": 12
        }
      ]
    },
    {
      "rolls": 1.0,
      "entries": [
        {
          "type": "minecraft:loot_table",
          "value": "minecraft:cobblemon/gems",
          "weight": 3
        },
        {
          "type": "minecraft:item",
          "name": "minecraft:breeze_rod",
          "weight": 2
        },
        {
          "type": "minecraft:item",
          "name": "mega_showdown:stellar_tera_shard",
          "weight": 1
        },
        {
          "type": "minecraft:empty",
          "weight": 20
        }
      ]
    },
    {
      "rolls": 1.0,
      "entries": [
        {
          "type": "minecraft:loot_table",
          "value": "minecraft:cobblemon/mints",
          "weight": 4
        },
        {
          "type": "minecraft:loot_table",
          "value": "minecraft:cobblemon/evolutionary",
          "weight": 6
        },
        {
          "type": "minecraft:item",
          "name": "minecraft:oak_log",
          "weight": 10
        }
      ]
    }
  ]
}