{
  "type": "minecraft:chest",
  "pools": [
    {
      "rolls": {
        "min": 3,
        "max": 4
      },
      "entries": [
        {
          "type": "minecraft:item",
          "name": "minecraft:pale_moss_block",
          "weight": 45,
          "functions": [
            {
              "function": "minecraft:set_count",
              "count": {
                "min": 2,
                "max": 6
              }
            }
          ]
        },
        {
          "type": "minecraft:item",
          "name": "minecraft:pale_hanging_moss",
          "weight": 40,
          "functions": [
            {
              "function": "minecraft:set_count",
              "count": {
                "min": 1,
                "max": 4
              }
            }
          ]
        },
        {
          "type": "minecraft:item",
          "name": "minecraft:cobweb",
          "weight": 40
        },
        {
          "type": "minecraft:item",
          "name": "minecraft:stick",
          "weight": 40,
          "functions": [
            {
              "function": "minecraft:set_count",
              "count": {
                "min": 1,
                "max": 4
              }
            }
          ]
        },
        {
          "type": "minecraft:item",
          "name": "minecraft:bone",
          "weight": 35,
          "functions": [
            {
              "function": "minecraft:set_count",
              "count": {
                "min": 1,
                "max": 3
              }
            }
          ]
        },
        {
          "type": "minecraft:item",
          "name": "minecraft:bone_meal",
          "weight": 35,
          "functions": [
            {
              "function": "minecraft:set_count",
              "count": {
                "min": 2,
                "max": 5
              }
            }
          ]
        },
        {
          "type": "minecraft:item",
          "name": "minecraft:coal",
          "weight": 35,
          "functions": [
            {
              "function": "minecraft:set_count",
              "count": {
                "min": 1,
                "max": 5
              }
            }
          ]
        },
        {
          "type": "minecraft:item",
          "name": "cobblemon:dusk_ball",
          "weight": 30,
          "functions": [
            {
              "function": "minecraft:set_count",
              "count": {
                "min": 1,
                "max": 2
              }
            }
          ]
        },
        {
          "type": "minecraft:item",
          "name": "minecraft:black_candle",
          "weight": 25,
          "functions": [
            {
              "function": "minecraft:set_count",
              "count": {
                "min": 1,
                "max": 3
              }
            }
          ]
        },
        {
          "type": "minecraft:item",
          "name": "cobblemon:suspicious_sherd",
          "weight": 25
        },
        {
          "type": "minecraft:item",
          "name": "cobblemon:capture_sherd",
          "weight": 25
        },
        {
          "type": "minecraft:item",
          "name": "cobblemon:black_tumblestone",
          "weight": 25
        },
        {
          "type": "minecraft:item",
          "name": "minecraft:spider_eye",
          "weight": 20,
          "functions": [
            {
              "function": "minecraft:set_count",
              "count": {
                "min": 1,
                "max": 3
              }
            }
          ]
        },
        {
          "type": "minecraft:item",
          "name": "minecraft:string",
          "weight": 20
        },
        {
          "type": "minecraft:item",
          "name": "mega_showdown:dark_tera_shard",
          "weight": 15,
          "functions": [
            {
              "function": "minecraft:set_count",
              "count": {
                "min": 1,
                "max": 6
              }
            }
          ]
        },
        {
          "type": "minecraft:item",
          "name": "minecraft:beetroot",
          "weight": 15,
          "functions": [
            {
              "function": "minecraft:set_count",
              "count": {
                "min": 1,
                "max": 3
              }
            }
          ]
        },
        {
          "type": "minecraft:item",
          "name": "minecraft:poisonous_potato",
          "weight": 15
        },
        {
          "type": "minecraft:item",
          "name": "cobblemon:black_tumblestone_cluster",
          "weight": 12,
          "functions": [
            {
              "function": "minecraft:set_count",
              "count": {
                "min": 1,
                "max": 3
              }
            }
          ]
        },
        {
          "type": "minecraft:item",
          "name": "cobblemon:small_budding_black_tumblestone",
          "weight": 12,
          "functions": [
            {
              "function": "minecraft:set_count",
              "count": {
                "min": 1,
                "max": 4
              }
            }
          ]
        },
        {
          "type": "minecraft:item",
          "name": "minecraft:crying_obsidian",
          "weight": 6,
          "functions": [
            {
              "function": "minecraft:set_count",
              "count": {
                "min": 1,
                "max": 2
              }
            }
          ]
        },
        {
          "type": "minecraft:item",
          "name": "minecraft:ominous_bottle",
          "weight": 2,
          "functions": [
            {
              "function": "minecraft:set_components",
              "components": {
                "minecraft:ominous_bottle_amplifier": 0
              }
            }
          ]
        },
        {
          "type": "minecraft:item",
          "name": "minecraft:ominous_bottle",
          "weight": 2,
          "functions": [
            {
              "function": "minecraft:set_components",
              "components": {
                "minecraft:ominous_bottle_amplifier": 1
              }
            }
          ]
        },
        {
          "type": "minecraft:item",
          "name": "minecraft:ominous_bottle",
          "weight": 2,
          "functions": [
            {
              "function": "minecraft:set_components",
              "components": {
                "minecraft:ominous_bottle_amplifier": 2
              }
            }
          ]
        },
        {
          "type": "minecraft:item",
          "name": "minecraft:ominous_bottle",
          "weight": 2,
          "functions": [
            {
              "function": "minecraft:set_components",
              "components": {
                "minecraft:ominous_bottle_amplifier": 3
              }
            }
          ]
        },
        {
          "type": "minecraft:item",
          "name": "cobblemon:dark_gem",
          "weight": 4
        },
        {
          "type": "minecraft:item",
          "name": "mega_showdown:darkinium_z",
          "weight": 1
        },
        {
          "type": "minecraft:item",
          "name": "minecraft:disc_fragment_5",
          "weight": 1
        }
      ]
    }
  ]
}