{
  "type": "minecraft:chest",
  "pools": [
    {
      "rolls": {
        "type": "minecraft:uniform",
        "min": 4.0,
        "max": 8.0
      },
      "entries": [
        {
          "type": "minecraft:item",
          "name": "cobblemon:tumblestone",
          "weight": 50,
          "functions": [
            {
              "function": "minecraft:set_count",
              "count": {
                "type": "minecraft:uniform",
                "min": 1.0,
                "max": 5.0
              }
            }
          ]
        },
        {
          "type": "minecraft:item",
          "name": "cobblemon:sky_tumblestone",
          "weight": 50,
          "functions": [
            {
              "function": "minecraft:set_count",
              "count": {
                "type": "minecraft:uniform",
                "min": 1.0,
                "max": 5.0
              }
            }
          ]
        },
        {
          "type": "minecraft:item",
          "name": "cobblemon:black_tumblestone",
          "weight": 50,
          "functions": [
            {
              "function": "minecraft:set_count",
              "count": {
                "type": "minecraft:uniform",
                "min": 1.0,
                "max": 5.0
              }
            }
          ]
        },
        {
          "type": "minecraft:item",
          "name": "cobblemon:small_budding_tumblestone",
          "weight": 30,
          "functions": [
            {
              "function": "minecraft:set_count",
              "count": {
                "type": "minecraft:uniform",
                "min": 1.0,
                "max": 5.0
              }
            }
          ]
        },
        {
          "type": "minecraft:item",
          "name": "cobblemon:small_budding_sky_tumblestone",
          "weight": 25,
          "functions": [
            {
              "function": "minecraft:set_count",
              "count": {
                "type": "minecraft:uniform",
                "min": 1.0,
                "max": 5.0
              }
            }
          ]
        },
        {
          "type": "minecraft:item",
          "name": "cobblemon:small_budding_black_tumblestone",
          "weight": 25,
          "functions": [
            {
              "function": "minecraft:set_count",
              "count": {
                "type": "minecraft:uniform",
                "min": 1.0,
                "max": 5.0
              }
            }
          ]
        },
        {
          "type": "minecraft:item",
          "name": "cobblemon:ancient_heavy_ball",
          "weight": 15,
          "functions": [
            {
              "function": "minecraft:set_count",
              "count": {
                "type": "minecraft:uniform",
                "min": 1.0,
                "max": 4.0
              }
            }
          ]
        },
        {
          "type": "minecraft:item",
          "name": "cobblemon:ancient_feather_ball",
          "weight": 15,
          "functions": [
            {
              "function": "minecraft:set_count",
              "count": {
                "type": "minecraft:uniform",
                "min": 1.0,
                "max": 4.0
              }
            }
          ]
        },
        {
          "type": "minecraft:item",
          "name": "cobblemon:ancient_leaden_ball",
          "weight": 8,
          "functions": [
            {
              "function": "minecraft:set_count",
              "count": {
                "type": "minecraft:uniform",
                "min": 1.0,
                "max": 4.0
              }
            }
          ]
        },
        {
          "type": "minecraft:item",
          "name": "cobblemon:ancient_wing_ball",
          "weight": 8,
          "functions": [
            {
              "function": "minecraft:set_count",
              "count": {
                "type": "minecraft:uniform",
                "min": 1.0,
                "max": 4.0
              }
            }
          ]
        },
        {
          "type": "minecraft:item",
          "name": "cobblemon:medium_budding_tumblestone",
          "weight": 15,
          "functions": [
            {
              "function": "minecraft:set_count",
              "count": {
                "type": "minecraft:uniform",
                "min": 1.0,
                "max": 5.0
              }
            }
          ]
        },
        {
          "type": "minecraft:item",
          "name": "cobblemon:medium_budding_sky_tumblestone",
          "weight": 12,
          "functions": [
            {
              "function": "minecraft:set_count",
              "count": {
                "type": "minecraft:uniform",
                "min": 1.0,
                "max": 5.0
              }
            }
          ]
        },
        {
          "type": "minecraft:item",
          "name": "cobblemon:medium_budding_black_tumblestone",
          "weight": 12,
          "functions": [
            {
              "function": "minecraft:set_count",
              "count": {
                "type": "minecraft:uniform",
                "min": 1.0,
                "max": 5.0
              }
            }
          ]
        },
        {
          "type": "minecraft:item",
          "name": "cobblemon:remedy",
          "weight": 12
        },
        {
          "type": "minecraft:item",
          "name": "cobblemon:fine_remedy",
          "weight": 6
        },
        {
          "type": "minecraft:item",
          "name": "cobblemon:large_budding_tumblestone",
          "weight": 6,
          "functions": [
            {
              "function": "minecraft:set_count",
              "count": {
                "type": "minecraft:uniform",
                "min": 1.0,
                "max": 5.0
              }
            }
          ]
        },
        {
          "type": "minecraft:item",
          "name": "cobblemon:ancient_gigaton_ball",
          "weight": 4,
          "functions": [
            {
              "function": "minecraft:set_count",
              "count": {
                "type": "minecraft:uniform",
                "min": 1.0,
                "max": 4.0
              }
            }
          ]
        },
        {
          "type": "minecraft:item",
          "name": "cobblemon:ancient_jet_ball",
          "weight": 4,
          "functions": [
            {
              "function": "minecraft:set_count",
              "count": {
                "type": "minecraft:uniform",
                "min": 1.0,
                "max": 4.0
              }
            }
          ]
        },
        {
          "type": "minecraft:item",
          "name": "cobblemon:tumblestone_cluster",
          "weight": 4,
          "functions": [
            {
              "function": "minecraft:set_count",
              "count": {
                "type": "minecraft:uniform",
                "min": 1.0,
                "max": 5.0
              }
            }
          ]
        },
        {
          "type": "minecraft:item",
          "name": "cobblemon:superb_remedy",
          "weight": 3
        },
        {
          "type": "minecraft:item",
          "name": "cobblemon:relic_coin",
          "weight": 40,
          "functions": [
            {
              "function": "minecraft:set_count",
              "count": {
                "type": "minecraft:uniform",
                "min": 4.0,
                "max": 12.0
              }
            }
          ]
        },
        {
          "type": "minecraft:empty",
          "weight": 15
        }
      ]
    }
  ]
}