{
  "type": "minecraft:crafting_shaped",
  "key": {
    "P": {
      "item": "lumymon:poke_radar"
    },
    "W": {
      "item": "cobblemon:normal_gem"
    },
    "E": {
      "item": "lumymon:spark_relic"
    },
    "D": {
      "item": "lumymon:draco_relic"
    },
    "R": {
      "item": "lumymon:pebble_relic"
    },
    "I": {
      "item": "lumymon:cryo_relic"
    },
    "S": {
      "item": "lumymon:metal_relic"
    }
  },
  "pattern": [
    " W ",
    "EPD",
    "RIS"
  ],
  "result": {
    "id": "lumymon:regigigas_radar"
  }
}