{
  "type": "minecraft:crafting_shaped",
  "pattern": [
    "XZ ",
    "ZYZ",
    "ZZZ"
  ],
  "key": {
    "X": { "item": "minecraft:dragon_breath" },
    "Y": { "item": "cobblemon:dragon_gem" },
    "Z": { "item": "mega_showdown:dragon_tera_shard" }
  },
  "result": {
    "id": "lumymon:draconic_fin",
    "count": 1,
    "components": {
      "lumymon:structure_name": "cobbleverse:sinnoh_league",
      "lumymon:dimension_id": "any",
      "lumymon:map_decoration": "lumymon:league"
    }
  }
}