{
  "type": "minecraft:crafting_shaped",
  "pattern": [
    "X  ",
    " Y ",
    "  Z"
  ],
  "key": {
    "X": { "item": "minecraft:copper_ingot" },
    "Y": { "item": "cobblemon:armor_fossil" },
    "Z": { "item": "minecraft:iron_block" }
  },
  "result": {
    "id": "lumymon:steel_spade",
    "count": 1,
    "components": {
      "lumymon:structure_name": "cobbleverse:ferruccio",
      "lumymon:dimension_id": "any",
      "lumymon:map_decoration": "lumymon:steel_gym"
    }
  }
}