{
  "type": "minecraft:crafting_shaped",
  "pattern": [
    " XZ",
    "XYX",
    "ZX "
  ],
  "key": {
    "X": { "item": "minecraft:yellow_stained_glass" },
    "Y": { "item": "mega_showdown:booster_energy" },
    "Z": { "item": "minecraft:netherite_ingot" }
  },
  "result": {
    "id": "lumymon:electric_fuse",
    "count": 1,
    "components": {
      "lumymon:structure_name": "cobbleverse:corrado",
      "lumymon:dimension_id": "any",
      "lumymon:map_decoration": "lumymon:electric_gym"
    }
  }
}