{
  "type": "minecraft:crafting_shaped",
  "pattern": [
    " Z ",
    "YXY",
    "   "
  ],
  "key": {
    "X": { "item": "minecraft:copper_ingot" },
    "Y": { "item": "cobblemon:rocky_helmet" },
    "Z": { "item": "minecraft:recovery_compass" }
  },
  "result": {
    "id": "lumymon:rock_casque",
    "count": 1,
    "components": {
      "lumymon:structure_name": "cobbleverse:pedro",
      "lumymon:dimension_id": "any",
      "lumymon:map_decoration": "lumymon:rock_gym"
    }
  }
}