{
  "type": "minecraft:crafting_shaped",
  "pattern": [
    "XXX",
    "XYX",
    "Z Z"
  ],
  "key": {
    "X": { "item": "minecraft:blue_ice" },
    "Y": { "item": "cobblemon:choice_scarf" },
    "Z": { "item": "minecraft:light_blue_wool" }
  },
  "result": {
    "id": "lumymon:ice_ribbon",
    "count": 1,
    "components": {
      "lumymon:structure_name": "cobbleverse:bianca",
      "lumymon:dimension_id": "any",
      "lumymon:map_decoration": "lumymon:ice_gym"
    }
  }
}