{
  "parent": "cobbleverse:pokemon/catch_heatran_shiny",
  "display": {
    "title": {
      "translate": "advancements.cobbleverse.catch_cresselia"
    },
    "description": {
      "translate": "advancements.cobbleverse.catch_cresselia.description"
    },
    "icon": {
      "id": "lumymon:dream_catcher"
    },
    "announce_to_chat": true,
    "show_toast": true,
    "hidden": false,
    "frame": "goal"
  },
  "criteria": {
    "caught_cresselia": {
      "trigger": "cobblemon:aspects_collected",
      "conditions": {
        "species": "cobblemon:cresselia",
        "aspects": ["legendary"]
      }
    }
  },
  "requirements": [
    [
      "caught_cresselia"
    ]
  ]
}