{
  "parent": "cobbleverse:trainer/sinnoh/defeat_boss_cyrus",
  "display": {
    "title": {
      "translate": "advancements.cobbleverse.catch_dialga"
    },
    "description": {
      "translate": "advancements.cobbleverse.catch_dialga.description"
    },
    "icon": {
      "id": "mega_showdown:adamant_orb"
    },
    "announce_to_chat": true,
    "show_toast": true,
    "hidden": false,
    "frame": "goal"
  },
  "criteria": {
    "caught_dialga": {
      "trigger": "cobblemon:aspects_collected",
      "conditions": {
        "species": "cobblemon:dialga",
        "aspects": ["legendary"]
      }
    }
  },
  "requirements": [
    [
      "caught_dialga"
    ]
  ]
}