{
  "parent": "cobbleverse:pokemon/catch_dialga_shiny",
  "display": {
    "title": {
      "translate": "advancements.cobbleverse.catch_palkia"
    },
    "description": {
      "translate": "advancements.cobbleverse.catch_palkia.description"
    },
    "icon": {
      "id": "mega_showdown:lustrous_orb"
    },
    "announce_to_chat": true,
    "show_toast": true,
    "hidden": false,
    "frame": "goal"
  },
  "criteria": {
    "caught_palkia": {
      "trigger": "cobblemon:aspects_collected",
      "conditions": {
        "species": "cobblemon:palkia",
        "aspects": ["legendary"]
      }
    }
  },
  "requirements": [
    [
      "caught_palkia"
    ]
  ]
}