{
  "parent": "cobbleverse:pokemon/catch_giratina",
  "display": {
    "title": {
      "translate": "advancements.cobbleverse.catch_giratina_shiny"
    },
    "description": {
      "translate": "advancements.cobbleverse.catch_giratina_shiny.description"
    },
    "icon": {
      "id": "legendarymonuments:griseous_key"
    },
    "announce_to_chat": true,
    "show_toast": true,
    "hidden": true,
    "frame": "challenge"
  },
  "criteria": {
    "caught_giratina_shiny": {
      "trigger": "cobblemon:aspects_collected",
      "conditions": {
        "species": "cobblemon:giratina",
        "aspects": ["shiny"]
      }
    }
  },
  "requirements": [
    [
      "caught_giratina_shiny"
    ]
  ]
}