{
  "parent": "cobbleverse:pokemon/catch_regidrago_shiny",
  "display": {
    "title": {
      "translate": "advancements.cobbleverse.catch_regigigas"
    },
    "description": {
      "translate": "advancements.cobbleverse.catch_regigigas.description"
    },
    "icon": {
      "id": "lumymon:titan_relic"
    },
    "announce_to_chat": true,
    "show_toast": true,
    "hidden": false,
    "frame": "goal"
  },
  "criteria": {
    "caught_regigigas": {
      "trigger": "cobblemon:aspects_collected",
      "conditions": {
        "species": "cobblemon:regigigas",
        "aspects": ["legendary"]
      }
    }
  },
  "requirements": [
    [
      "caught_regigigas"
    ]
  ]
}