{
  "parent": "cobbleverse:pokemon/catch_palkia",
  "display": {
    "title": {
      "translate": "advancements.cobbleverse.catch_palkia_shiny"
    },
    "description": {
      "translate": "advancements.cobbleverse.catch_palkia_shiny.description"
    },
    "icon": {
      "id": "mega_showdown:lustrous_globe"
    },
    "announce_to_chat": true,
    "show_toast": true,
    "hidden": true,
    "frame": "challenge"
  },
  "criteria": {
    "caught_palkia_shiny": {
      "trigger": "cobblemon:aspects_collected",
      "conditions": {
        "species": "cobblemon:palkia",
        "aspects": ["shiny"]
      }
    }
  },
  "requirements": [
    [
      "caught_palkia_shiny"
    ]
  ]
}