{
  "parent": "cobbleverse:item/obtain_prof_oak_letter",
  "display": {
    "title": {
      "translate": "advancements.cobbleverse.catch_shaymin"
    },
    "description": {
      "translate": "advancements.cobbleverse.catch_shaymin.description"
    },
    "icon": {
      "id": "mega_showdown:gracidea_flower"
    },
    "announce_to_chat": true,
    "show_toast": true,
    "hidden": false,
    "frame": "goal"
  },
  "criteria": {
    "caught_shaymin": {
      "trigger": "cobblemon:aspects_collected",
      "conditions": {
        "species": "cobblemon:shaymin",
        "aspects": ["mythical"]
      }
    }
  },
  "requirements": [
    [
      "caught_shaymin"
    ]
  ]
}