{
  "parent": "cobbleverse:trainer/sinnoh/defeat_corrado",
  "display": {
    "title": {
      "translate": "advancements.cobbleverse.catch_heatran"
    },
    "description": {
      "translate": "advancements.cobbleverse.catch_heatran.description"
    },
    "icon": {
      "id": "lumymon:magmatic_cluster"
    },
    "announce_to_chat": true,
    "show_toast": true,
    "hidden": false,
    "frame": "goal"
  },
  "criteria": {
    "caught_heatran": {
      "trigger": "cobblemon:aspects_collected",
      "conditions": {
        "species": "cobblemon:heatran",
        "aspects": ["legendary"]
      }
    }
  },
  "requirements": [
    [
      "caught_heatran"
    ]
  ]
}