{
  "parent": "cobbleverse:trainer/sinnoh/defeat_boss_cyrus",
  "display": {
    "title": {
      "translate": "advancements.cobbleverse.catch_uxie"
    },
    "description": {
      "translate": "advancements.cobbleverse.catch_uxie.description"
    },
    "icon": {
      "id": "lumymon:uxie_claw"
    },
    "announce_to_chat": true,
    "show_toast": true,
    "hidden": false,
    "frame": "goal"
  },
  "criteria": {
    "caught_uxie": {
      "trigger": "cobblemon:aspects_collected",
      "conditions": {
        "species": "cobblemon:uxie",
        "aspects": ["legendary"]
      }
    }
  },
  "requirements": [
    [
      "caught_uxie"
    ]
  ]
}