{
  "parent": "cobbleverse:pokemon/catch_uxie_shiny",
  "display": {
    "title": {
      "translate": "advancements.cobbleverse.catch_mesprit"
    },
    "description": {
      "translate": "advancements.cobbleverse.catch_mesprit.description"
    },
    "icon": {
      "id": "lumymon:mesprit_plume"
    },
    "announce_to_chat": true,
    "show_toast": true,
    "hidden": false,
    "frame": "goal"
  },
  "criteria": {
    "caught_mesprit": {
      "trigger": "cobblemon:aspects_collected",
      "conditions": {
        "species": "cobblemon:mesprit",
        "aspects": ["legendary"]
      }
    }
  },
  "requirements": [
    [
      "caught_mesprit"
    ]
  ]
}