{
  "parent": "cobbleverse:pokemon/catch_regidrago",
  "display": {
    "title": {
      "translate": "advancements.cobbleverse.catch_regidrago_shiny"
    },
    "description": {
      "translate": "advancements.cobbleverse.catch_regidrago_shiny.description"
    },
    "icon": {
      "id": "lumymon:dragon_ore"
    },
    "announce_to_chat": true,
    "show_toast": true,
    "hidden": true,
    "frame": "challenge"
  },
  "criteria": {
    "caught_regidrago_shiny": {
      "trigger": "cobblemon:aspects_collected",
      "conditions": {
        "species": "cobblemon:regidrago",
        "aspects": ["shiny"]
      }
    }
  },
  "requirements": [
    [
      "caught_regidrago_shiny"
    ]
  ]
}