{
  "parent": "cobbleverse:pokemon/catch_cresselia_shiny",
  "display": {
    "title": {
      "translate": "advancements.cobbleverse.catch_darkrai"
    },
    "description": {
      "translate": "advancements.cobbleverse.catch_darkrai.description"
    },
    "icon": {
      "id": "lumymon:nightmare_weaver"
    },
    "announce_to_chat": true,
    "show_toast": true,
    "hidden": false,
    "frame": "goal"
  },
  "criteria": {
    "caught_darkrai": {
      "trigger": "cobblemon:aspects_collected",
      "conditions": {
        "species": "cobblemon:darkrai",
        "aspects": ["mythical"]
      }
    }
  },
  "requirements": [
    [
      "caught_darkrai"
    ]
  ]
}