{
  "parent": "cobbleverse:item/craft_azure_flute",
  "display": {
    "title": {
      "translate": "advancements.cobbleverse.catch_arceus"
    },
    "description": {
      "translate": "advancements.cobbleverse.catch_arceus.description"
    },
    "icon": {
      "id": "mega_showdown:legend_plate"
    },
    "announce_to_chat": true,
    "show_toast": true,
    "hidden": false,
    "frame": "goal"
  },
  "criteria": {
    "caught_arceus": {
      "trigger": "cobblemon:aspects_collected",
      "conditions": {
        "species": "cobblemon:arceus",
        "aspects": ["mythical"]
      }
    }
  },
  "requirements": [
    [
      "caught_arceus"
    ]
  ]
}