{
  "parent": "cobbleverse:pokemon/catch_palkia_shiny",
  "display": {
    "title": {
      "translate": "advancements.cobbleverse.catch_giratina"
    },
    "description": {
      "translate": "advancements.cobbleverse.catch_giratina.description"
    },
    "icon": {
      "id": "mega_showdown:griseous_orb"
    },
    "announce_to_chat": true,
    "show_toast": true,
    "hidden": false,
    "frame": "goal"
  },
  "criteria": {
    "caught_giratina": {
      "trigger": "cobblemon:aspects_collected",
      "conditions": {
        "species": "cobblemon:giratina",
        "aspects": ["legendary"]
      }
    }
  },
  "requirements": [
    [
      "caught_giratina"
    ]
  ]
}