{
  "parent": "cobbleverse:pokemon/catch_regieleki_shiny",
  "display": {
    "title": {
      "translate": "advancements.cobbleverse.catch_regidrago"
    },
    "description": {
      "translate": "advancements.cobbleverse.catch_regidrago.description"
    },
    "icon": {
      "id": "lumymon:draco_relic"
    },
    "announce_to_chat": true,
    "show_toast": true,
    "hidden": false,
    "frame": "goal"
  },
  "criteria": {
    "caught_regidrago": {
      "trigger": "cobblemon:aspects_collected",
      "conditions": {
        "species": "cobblemon:regidrago",
        "aspects": ["legendary"]
      }
    }
  },
  "requirements": [
    [
      "caught_regidrago"
    ]
  ]
}