{
  "parent": "cobbleverse:pokemon/catch_registeel_shiny",
  "display": {
    "title": {
      "translate": "advancements.cobbleverse.catch_regieleki"
    },
    "description": {
      "translate": "advancements.cobbleverse.catch_regieleki.description"
    },
    "icon": {
      "id": "lumymon:spark_relic"
    },
    "announce_to_chat": true,
    "show_toast": true,
    "hidden": false,
    "frame": "goal"
  },
  "criteria": {
    "caught_regieleki": {
      "trigger": "cobblemon:aspects_collected",
      "conditions": {
        "species": "cobblemon:regieleki",
        "aspects": ["legendary"]
      }
    }
  },
  "requirements": [
    [
      "caught_regieleki"
    ]
  ]
}