{
  "parent": "cobbleverse:pokemon/catch_mesprit_shiny",
  "display": {
    "title": {
      "translate": "advancements.cobbleverse.catch_azelf"
    },
    "description": {
      "translate": "advancements.cobbleverse.catch_azelf.description"
    },
    "icon": {
      "id": "lumymon:azelf_fang"
    },
    "announce_to_chat": true,
    "show_toast": true,
    "hidden": false,
    "frame": "goal"
  },
  "criteria": {
    "caught_azelf": {
      "trigger": "cobblemon:aspects_collected",
      "conditions": {
        "species": "cobblemon:azelf",
        "aspects": ["legendary"]
      }
    }
  },
  "requirements": [
    [
      "caught_azelf"
    ]
  ]
}