{
  "parent": "cobbleverse:item/obtain_manaphy_egg",
  "display": {
    "title": {
      "translate": "advancements.cobbleverse.hatch_phione"
    },
    "description": {
      "translate": "advancements.cobbleverse.hatch_phione.description"
    },
    "icon": {
      "id": "minecraft:heart_of_the_sea"
    },
    "announce_to_chat": true,
    "show_toast": true,
    "hidden": false,
    "frame": "goal"
  },
  "criteria": {
    "hatched_phione": {
      "trigger": "cobblemon:party",
      "conditions": {
        "party": ["cobblemon:phione"]
      }
    }
  },
  "requirements": [
    [
      "hatched_phione"
    ]
  ]
}