{
  "type": "minecraft:chest",
  "pools": [
    {
      "rolls": { "min": 8, "max":13 },
      "entries": [
        { "type": "loot_table", "value": "bca:support_tables/apricorn",   "weight": 10 },
        { "type": "loot_table", "value": "bca:support_tables/poke_balls", "weight": 5 },
        { "type": "loot_table", "value": "bca:item_groups/honey",  "weight": 2 },
        { "type": "loot_table", "value": "bca:item_groups/evolution_items",  "weight": 1 },
        { "type": "loot_table", "value": "bca:item_groups/wool",  "weight": 5 },
        { "type": "item",       "name": "minecraft:air",                      "weight": 25 }
      ]
    }
  ]
}
