{
  "type": "minecraft:chest",
  "pools": [
    {
      "rolls": { "min": 5, "max":11 },
      "entries": [
        { "type": "loot_table", "value": "bca:support_tables/brewing_and_alchemy", "weight": 2 },
        { "type": "loot_table", "value": "bca:item_groups/ingredients",     "weight": 3 },
        { "type": "loot_table", "value": "bca:item_groups/mulch",     "weight": 1 },
        { "type": "item",       "name": "minecraft:air",                 "weight": 2 }
      ]
    }
  ]
}
