{
  "type": "minecraft:chest",
  "pools": [
    {
      "rolls": { "min": 7, "max":12 },
      "entries": [
        { "type": "loot_table", "value": "bca:support_tables/sittingroom",   "weight": 10 },
        { "type": "loot_table", "value": "bca:item_groups/normal_balls",    "weight": 5 },
        { "type": "loot_table", "value": "bca:support_tables/poke_currency", "weight": 1 },
        { "type": "loot_table", "value": "bca:item_groups/type_boosting_items",    "weight": 2 },
        { "type": "loot_table", "value": "bca:item_groups/held_items",     "weight": 2 },
        { "type": "item",       "name": "minecraft:air",                    "weight": 15 }
      ]
    }
  ]
}
