{
    "type": "minecraft:chest",
    "pools": [
        {
            "rolls": 1,
            "entries": [
                {
                    "type": "minecraft:item",
                    "name": "cobblemon:scroll_of_darkness",
                    "weight": 1
                },
                {
                    "type": "minecraft:item",
                    "name": "cobblemon:scroll_of_waters",
                    "weight": 1
                },
                {
                    "type": "minecraft:item",
                    "name": "minecraft:air",
                    "weight": 6
                }
            ]
        }
    ]
}