{
	"format_version": "1.12.0",
	"minecraft:geometry": [
		{
			"description": {
				"identifier": "geometry.lunala",
				"texture_width": 512,
				"texture_height": 256,
				"visible_bounds_width": 13,
				"visible_bounds_height": 8.5,
				"visible_bounds_offset": [0, 3.75, 0]
			},
			"bones": [
				{
					"name": "lunala",
					"pivot": [0, 0, 0]
				},
				{
					"name": "body",
					"parent": "lunala",
					"pivot": [0, 41, 0]
				},
				{
					"name": "torso",
					"parent": "body",
					"pivot": [0.025, 36, 0]
				},
				{
					"name": "torso_lower",
					"parent": "torso",
					"pivot": [0.025, 38, 0],
					"cubes": [
						{"origin": [-7.475, 29, -4.5], "size": [15, 11, 9], "uv": [151, 98]},
						{"origin": [-7.475, 29, -4.5], "size": [15, 11, 9], "inflate": 0.25, "uv": [208, 222]}
					]
				},
				{
					"name": "bone3",
					"parent": "torso_lower",
					"pivot": [0.025, 32, 0],
					"cubes": [
						{"origin": [-4, 15, -1.5], "size": [8, 17, 3], "uv": [200, 95]}
					]
				},
				{
					"name": "bone34",
					"parent": "bone3",
					"pivot": [0, 17, 0],
					"cubes": [
						{"origin": [-14, -1, 0], "size": [28, 18, 0], "uv": [150, 55]}
					]
				},
				{
					"name": "bone35",
					"parent": "bone34",
					"pivot": [0, 11, 1],
					"cubes": [
						{"origin": [-1.5, 3, -1], "size": [3, 8, 2], "uv": [202, 171]}
					]
				},
				{
					"name": "chest",
					"parent": "torso",
					"pivot": [0.025, 38.5, -0.58333],
					"cubes": [
						{"origin": [-8.975, 51, -5.75], "size": [18, 5, 11], "uv": [150, 39]},
						{"origin": [-8.975, 51, -5.75], "size": [18, 5, 11], "inflate": 0.25, "uv": [68, 240]},
						{"origin": [-9.975, 38, -7], "size": [20, 13, 14], "uv": [151, 1]},
						{"origin": [-9.975, 38, -7], "size": [20, 13, 14], "inflate": 0.25, "uv": [0, 229]},
						{"origin": [0.025, 35, -8], "size": [0, 23, 16], "uv": [148, 190]}
					]
				},
				{
					"name": "locator_seat_1",
					"parent": "chest",
					"pivot": [0, 51.5, 6.5],
					"locators": {
						"seat_1": {
							"offset": [0, 51.5, 6.5],
							"rotation": [-50, 0, 0]
						}
					}
				},
				{
					"name": "neck",
					"parent": "chest",
					"pivot": [0.025, 54.5, 0],
					"cubes": [
						{"origin": [-1.975, 55.75, -2], "size": [4, 6, 4], "uv": [202, 161]}
					]
				},
				{
					"name": "head",
					"parent": "neck",
					"pivot": [0.025, 60, 0],
					"cubes": [
						{"origin": [-4.975, 61, -5.025], "size": [10, 10, 14], "inflate": 0.01, "uv": [150, 73]}
					]
				},
				{
					"name": "bone",
					"parent": "head",
					"pivot": [0.025, 60, 0],
					"cubes": [
						{"origin": [-10.975, 64, -3], "size": [22, 18, 0], "uv": [226, 132]}
					]
				},
				{
					"name": "bone7",
					"parent": "head",
					"pivot": [0.025, 60, 0],
					"cubes": [
						{"origin": [-10.975, 64, 7], "size": [22, 12, 0], "uv": [182, 125]},
						{"origin": [-10.975, 76, 6], "size": [22, 6, 0], "uv": [226, 119]},
						{"origin": [-10.975, 82, -3], "size": [22, 0, 9], "uv": [217, 108]},
						{"origin": [-10.975, 76, 6], "size": [22, 0, 1], "uv": [279, 255]},
						{"origin": [-8.975, 60, -3], "size": [18, 4, 10], "uv": [196, 242]},
						{"origin": [9.025, 64, -3], "size": [2, 0, 10], "uv": [136, 242]},
						{"origin": [-10.975, 64, -3], "size": [2, 0, 10], "uv": [136, 242], "mirror": true}
					]
				},
				{
					"name": "bone2",
					"parent": "head",
					"pivot": [11.025, 60, 10],
					"cubes": [
						{"origin": [11.025, 64, -3], "size": [0, 12, 10], "uv": [182, 159]},
						{"origin": [11.025, 76, -3], "size": [0, 6, 9], "uv": [257, 240]},
						{"origin": [-10.975, 76, -3], "size": [0, 6, 9], "uv": [257, 240], "mirror": true},
						{"origin": [-10.975, 64, -3], "size": [0, 12, 10], "uv": [182, 159], "mirror": true}
					]
				},
				{
					"name": "bone4",
					"parent": "bone2",
					"pivot": [11.025, 77, 2],
					"rotation": [0, 0, -55]
				},
				{
					"name": "bone5",
					"parent": "bone2",
					"pivot": [-10.975, 77, 2],
					"rotation": [0, 0, 55]
				},
				{
					"name": "mouth_open",
					"parent": "head",
					"pivot": [0.75, 62.25, -7.25],
					"rotation": [0, -45, 0],
					"cubes": [
						{"origin": [-0.98211, 61.25, -7.95711], "size": [4, 2, 0], "uv": [0, 9]}
					]
				},
				{
					"name": "bone50",
					"parent": "mouth_open",
					"pivot": [-0.98211, 62.25, -7.98211],
					"rotation": [0, 90, 0],
					"cubes": [
						{"origin": [-4.98211, 61.25, -7.98211], "size": [4, 2, 0], "uv": [0, 9], "mirror": true}
					]
				},
				{
					"name": "mouth_open2",
					"parent": "mouth_open",
					"pivot": [0.725, 62, -7.275],
					"cubes": [
						{"origin": [-1.00711, 61, -7.98211], "size": [4, 2, 0], "uv": [0, 11]}
					]
				},
				{
					"name": "bone6",
					"parent": "mouth_open2",
					"pivot": [-1.00711, 62, -8.00711],
					"rotation": [0, 90, 0],
					"cubes": [
						{"origin": [-5.00711, 61, -8.00711], "size": [4, 2, 0], "uv": [0, 11], "mirror": true}
					]
				},
				{
					"name": "head_rotation",
					"parent": "head",
					"pivot": [0.025, 66, -5.725],
					"rotation": [0, -45, 0],
					"cubes": [
						{"origin": [-2.975, 61, -8.725], "size": [7, 9, 7], "uv": [198, 79]}
					]
				},
				{
					"name": "bone45",
					"parent": "head_rotation",
					"pivot": [-2, 62.25, -9.75],
					"cubes": [
						{"origin": [-3, 62.25, -8.75], "size": [2, 1, 0], "inflate": 0.01, "uv": [2, 2]}
					]
				},
				{
					"name": "bone46",
					"parent": "bone45",
					"pivot": [0, 61.5, -9.75],
					"cubes": [
						{"origin": [-1, 61.5, -8.75], "size": [1, 1, 0], "uv": [2, 2]},
						{"origin": [0, 62.25, -8.75], "size": [1, 1, 0], "uv": [2, 2]}
					]
				},
				{
					"name": "bone47",
					"parent": "bone45",
					"pivot": [-3.025, 62.75, -8.775],
					"rotation": [0, 90, 0],
					"cubes": [
						{"origin": [-5.025, 62.25, -8.775], "size": [2, 1, 0], "inflate": 0.01, "uv": [2, 2], "mirror": true}
					]
				},
				{
					"name": "bone48",
					"parent": "bone47",
					"pivot": [-6.025, 61.5, -9.775],
					"cubes": [
						{"origin": [-6.025, 61.5, -8.775], "size": [1, 1, 0], "uv": [2, 2], "mirror": true},
						{"origin": [-7.025, 62.25, -8.775], "size": [1, 1, 0], "uv": [2, 2], "mirror": true}
					]
				},
				{
					"name": "bone38",
					"parent": "head_rotation",
					"pivot": [1.525, 66, -8.75],
					"rotation": [0, 0, -7.5],
					"cubes": [
						{"origin": [-0.475, 65, -8.75], "size": [4, 2, 0], "uv": [0, 214]},
						{"origin": [-0.825, 66.5, -8.8], "size": [2, 1, 0], "inflate": 0.01, "uv": [178, 192]},
						{"origin": [1.025, 67, -8.75], "size": [1, 2, 0], "uv": [178, 194]}
					]
				},
				{
					"name": "bone39",
					"parent": "bone38",
					"pivot": [0.425, 65, -7.75],
					"cubes": [
						{"origin": [-0.325, 65, -8.75], "size": [2, 2, 2], "inflate": 0.01, "uv": [212, 211]},
						{"origin": [0.175, 65.5, -8.775], "size": [1, 1, 0], "inflate": 0.01, "uv": [18, 216]},
						{"origin": [0.175, 66, -8.775], "size": [1, 1, 0], "inflate": 0.01, "uv": [18, 216]},
						{"origin": [0.175, 65.5, -8.775], "size": [1, 1, 2], "inflate": 0.01, "uv": [16, 214]}
					]
				},
				{
					"name": "bone40",
					"parent": "head_rotation",
					"pivot": [-2.99832, 66.93271, -4.76667],
					"rotation": [89.99999, 82.5, 89.99999],
					"cubes": [
						{"origin": [-5.44832, 64.93271, -4.75], "size": [4, 2, 0], "uv": [8, 214]},
						{"origin": [-3.09832, 66.43271, -4.8], "size": [2, 1, 0], "inflate": 0.01, "uv": [178, 193]},
						{"origin": [-3.94832, 66.93271, -4.75], "size": [1, 2, 0], "uv": [180, 194]}
					]
				},
				{
					"name": "bone41",
					"parent": "bone40",
					"pivot": [-2.34832, 64.93271, -3.75],
					"cubes": [
						{"origin": [-3.59832, 64.93271, -4.75], "size": [2, 2, 2], "inflate": 0.01, "uv": [202, 213]},
						{"origin": [-3.09832, 65.43271, -4.775], "size": [1, 1, 0], "inflate": 0.01, "uv": [24, 216]},
						{"origin": [-3.09832, 65.93271, -4.775], "size": [1, 1, 0], "inflate": 0.01, "uv": [24, 216]}
					]
				},
				{
					"name": "arm_left_rotation",
					"parent": "chest",
					"pivot": [3.875, 54, 0]
				},
				{
					"name": "bone8",
					"parent": "arm_left_rotation",
					"pivot": [7.875, 54, 0],
					"rotation": [0, 0, 32.5],
					"cubes": [
						{"origin": [7.875, 53, -1], "size": [15, 2, 2], "uv": [202, 153]}
					]
				},
				{
					"name": "bone19",
					"parent": "bone8",
					"pivot": [9.875, 53, 0],
					"cubes": [
						{"origin": [6.875, 55, -1], "size": [3, 6, 2], "uv": [202, 197]}
					]
				},
				{
					"name": "bone20",
					"parent": "bone19",
					"pivot": [6.9, 61, 0],
					"rotation": [0, 0, 42.5],
					"cubes": [
						{"origin": [6.9, 61, 0], "size": [3, 6, 0], "uv": [212, 197]}
					]
				},
				{
					"name": "bone17",
					"parent": "bone8",
					"pivot": [17.875, 53, 0],
					"rotation": [0, 0, -32.5],
					"cubes": [
						{"origin": [6.1, 22.215, 0], "size": [16, 37, 0], "uv": [150, 118]}
					]
				},
				{
					"name": "bone44",
					"parent": "bone8",
					"pivot": [29.1, 42.215, 0]
				},
				{
					"name": "bone9",
					"parent": "bone8",
					"pivot": [22.875, 53, 0],
					"rotation": [0, 0, -65],
					"cubes": [
						{"origin": [22.875, 53, -0.5], "size": [23, 2, 1], "uv": [198, 73]}
					]
				},
				{
					"name": "bone18",
					"parent": "bone9",
					"pivot": [29.1, 42.215, 0],
					"rotation": [0, 0, 32.5],
					"cubes": [
						{"origin": [18.05, 1.865, 0], "size": [24, 68, 0], "uv": [0, 146]}
					]
				},
				{
					"name": "bone21",
					"parent": "bone18",
					"pivot": [42.05, 24.85, 0],
					"cubes": [
						{"origin": [42.05, 1.865, 0], "size": [51, 107, 0], "uv": [24, 0]}
					]
				},
				{
					"name": "bone36",
					"parent": "bone9",
					"pivot": [23.125, 51.5, 0.5],
					"rotation": [0, 0, -22.5],
					"cubes": [
						{"origin": [20.125, 50.25, -0.5], "size": [8, 3, 1], "inflate": -0.01, "uv": [202, 181]}
					]
				},
				{
					"name": "bone10",
					"parent": "bone9",
					"pivot": [45.875, 53, 0],
					"rotation": [0, 0, -22.5],
					"cubes": [
						{"origin": [45.875, 53, -1], "size": [4, 2, 2], "uv": [206, 63]}
					]
				},
				{
					"name": "bone11",
					"parent": "bone10",
					"pivot": [48.975, 53, 0],
					"rotation": [-3.31914, 14.63639, -35.42638],
					"cubes": [
						{"origin": [48.975, 53, -2], "size": [4, 2, 2], "inflate": 0.01, "uv": [206, 67]}
					]
				},
				{
					"name": "bone13",
					"parent": "bone11",
					"pivot": [52.975, 53, 0],
					"rotation": [0, 0, -42.5],
					"cubes": [
						{"origin": [52.975, 53, -2], "size": [5, 2, 2], "uv": [202, 189]}
					]
				},
				{
					"name": "bone12",
					"parent": "bone13",
					"pivot": [57.975, 53.1, -0.5],
					"rotation": [0, 0, -45],
					"cubes": [
						{"origin": [57.975, 53.1, -1.5], "size": [4, 1, 1], "uv": [200, 115]}
					]
				},
				{
					"name": "bone14",
					"parent": "bone10",
					"pivot": [48.975, 53, 0],
					"rotation": [3.31914, -14.63639, -35.42638],
					"cubes": [
						{"origin": [48.975, 53, 0], "size": [4, 2, 2], "inflate": 0.01, "uv": [208, 39]}
					]
				},
				{
					"name": "bone15",
					"parent": "bone14",
					"pivot": [52.975, 53, 0],
					"rotation": [0, 0, -42.5],
					"cubes": [
						{"origin": [52.975, 53, 0], "size": [5, 2, 2], "uv": [202, 193]}
					]
				},
				{
					"name": "bone16",
					"parent": "bone15",
					"pivot": [57.975, 53.1, 0.5],
					"rotation": [0, 0, -45],
					"cubes": [
						{"origin": [57.975, 53.1, 0.5], "size": [4, 1, 1], "uv": [206, 71]}
					]
				},
				{
					"name": "arm_right_rotation",
					"parent": "chest",
					"pivot": [-3.875, 54, 0]
				},
				{
					"name": "bone22",
					"parent": "arm_right_rotation",
					"pivot": [-7.875, 54, 0],
					"rotation": [0, 0, -32.5],
					"cubes": [
						{"origin": [-22.875, 53, -1], "size": [15, 2, 2], "uv": [202, 153], "mirror": true}
					]
				},
				{
					"name": "bone23",
					"parent": "bone22",
					"pivot": [-9.875, 53, 0],
					"cubes": [
						{"origin": [-9.875, 55, -1], "size": [3, 6, 2], "uv": [202, 197], "mirror": true}
					]
				},
				{
					"name": "bone24",
					"parent": "bone23",
					"pivot": [-6.9, 61, 0],
					"rotation": [0, 0, -42.5],
					"cubes": [
						{"origin": [-9.9, 61, 0], "size": [3, 6, 0], "uv": [212, 197], "mirror": true}
					]
				},
				{
					"name": "bone25",
					"parent": "bone22",
					"pivot": [-17.875, 53, 0],
					"rotation": [0, 0, 32.5],
					"cubes": [
						{"origin": [-22.1, 22.215, 0], "size": [16, 37, 0], "uv": [150, 118], "mirror": true}
					]
				},
				{
					"name": "bone26",
					"parent": "bone22",
					"pivot": [-22.875, 53, 0],
					"rotation": [0, 0, 65],
					"cubes": [
						{"origin": [-45.875, 53, -0.5], "size": [23, 2, 1], "uv": [198, 73], "mirror": true}
					]
				},
				{
					"name": "bone27",
					"parent": "bone26",
					"pivot": [-29.1, 42.215, 0],
					"rotation": [0, 0, -32.5],
					"cubes": [
						{"origin": [-42.05, 1.865, 0], "size": [24, 68, 0], "uv": [0, 146], "mirror": true}
					]
				},
				{
					"name": "bone28",
					"parent": "bone27",
					"pivot": [-42.05, 24.85, 0],
					"cubes": [
						{"origin": [-93.05, 1.865, 0], "size": [51, 107, 0], "uv": [24, 0], "mirror": true}
					]
				},
				{
					"name": "bone29",
					"parent": "bone26",
					"pivot": [-23.125, 51.5, 0.5],
					"rotation": [0, 0, 22.5],
					"cubes": [
						{"origin": [-28.125, 50.25, -0.5], "size": [8, 3, 1], "inflate": -0.01, "uv": [202, 181], "mirror": true}
					]
				},
				{
					"name": "bone30",
					"parent": "bone26",
					"pivot": [-45.875, 53, 0],
					"rotation": [0, 0, 22.5],
					"cubes": [
						{"origin": [-49.875, 53, -1], "size": [4, 2, 2], "uv": [206, 63], "mirror": true}
					]
				},
				{
					"name": "bone31",
					"parent": "bone30",
					"pivot": [-48.975, 53, 0],
					"rotation": [-3.31914, -14.63639, 35.42638],
					"cubes": [
						{"origin": [-52.975, 53, -2], "size": [4, 2, 2], "inflate": 0.01, "uv": [206, 67], "mirror": true}
					]
				},
				{
					"name": "bone32",
					"parent": "bone31",
					"pivot": [-52.975, 53, 0],
					"rotation": [0, 0, 42.5],
					"cubes": [
						{"origin": [-57.975, 53, -2], "size": [5, 2, 2], "uv": [202, 189], "mirror": true}
					]
				},
				{
					"name": "bone33",
					"parent": "bone32",
					"pivot": [-57.975, 53.1, -0.5],
					"rotation": [0, 0, 45],
					"cubes": [
						{"origin": [-61.975, 53.1, -1.5], "size": [4, 1, 1], "uv": [200, 115], "mirror": true}
					]
				},
				{
					"name": "bone37",
					"parent": "bone30",
					"pivot": [-48.975, 53, 0],
					"rotation": [3.31914, 14.63639, 35.42638],
					"cubes": [
						{"origin": [-52.975, 53, 0], "size": [4, 2, 2], "inflate": 0.01, "uv": [208, 39], "mirror": true}
					]
				},
				{
					"name": "bone42",
					"parent": "bone37",
					"pivot": [-52.975, 53, 0],
					"rotation": [0, 0, 42.5],
					"cubes": [
						{"origin": [-57.975, 53, 0], "size": [5, 2, 2], "uv": [202, 193], "mirror": true}
					]
				},
				{
					"name": "bone43",
					"parent": "bone42",
					"pivot": [-57.975, 53.1, 0.5],
					"rotation": [0, 0, 45],
					"cubes": [
						{"origin": [-61.975, 53.1, 0.5], "size": [4, 1, 1], "uv": [206, 71], "mirror": true}
					]
				}
			]
		}
	]
}