{
	"format_version": "1.12.0",
	"minecraft:geometry": [
		{
			"description": {
				"identifier": "geometry.arctibax",
				"texture_width": 128,
				"texture_height": 128,
				"visible_bounds_width": 15,
				"visible_bounds_height": 4.5,
				"visible_bounds_offset": [0, 1.75, 0]
			},
			"bones": [
				{
					"name": "arctibax",
					"pivot": [0, 0, 0]
				},
				{
					"name": "body",
					"parent": "arctibax",
					"pivot": [0, 0.75, 0]
				},
				{
					"name": "bone8",
					"parent": "body",
					"pivot": [4.35, 11.7, 0.75],
					"rotation": [-31.28223, -9.29798, -14.89149],
					"cubes": [
						{"origin": [4.35, 6.1627, -2.09339], "size": [4, 8, 6], "uv": [34, 74]}
					]
				},
				{
					"name": "bone9",
					"parent": "bone8",
					"pivot": [6.35, 6.575, -0.85],
					"rotation": [65.25, 0, 0],
					"cubes": [
						{"origin": [4.85, 0.54141, -2.21618], "size": [3, 6, 3], "uv": [90, 94]}
					]
				},
				{
					"name": "bone11",
					"parent": "bone9",
					"pivot": [6.35, 0.54141, 0.78382],
					"rotation": [-30, 0, 0],
					"cubes": [
						{"origin": [4.85, -1.45859, -2.21618], "size": [3, 2, 3], "inflate": 0.01, "uv": [100, 56]}
					]
				},
				{
					"name": "bone10",
					"parent": "bone11",
					"pivot": [6.35, -1.44629, 0.77721],
					"cubes": [
						{"origin": [4.85, -3.45859, -4.21618], "size": [3, 2, 5], "uv": [92, 70]},
						{"origin": [5.35, -3.45859, -7.21618], "size": [0, 2, 3], "uv": [46, 102]},
						{"origin": [7.35, -3.45859, -7.21618], "size": [0, 2, 3], "uv": [102, 99]},
						{"origin": [6.35, -3.45859, -7.21618], "size": [0, 2, 3], "uv": [102, 94]},
						{"origin": [5.35, -3.49629, -2.22279], "size": [2, 1, 2], "pivot": [6.35, -2.99629, -1.22279], "rotation": [0, -45, 0], "uv": [0, 0]}
					]
				},
				{
					"name": "bone14",
					"parent": "body",
					"pivot": [-4.35, 11.7, 0.75],
					"rotation": [-31.28223, 9.29798, 14.89149],
					"cubes": [
						{"origin": [-8.35, 6.1627, -2.09339], "size": [4, 8, 6], "uv": [34, 74], "mirror": true}
					]
				},
				{
					"name": "bone15",
					"parent": "bone14",
					"pivot": [-6.35, 6.575, -0.85],
					"rotation": [65.25, 0, 0],
					"cubes": [
						{"origin": [-7.85, 0.54141, -2.21618], "size": [3, 6, 3], "uv": [90, 94], "mirror": true}
					]
				},
				{
					"name": "bone16",
					"parent": "bone15",
					"pivot": [-6.35, 0.54141, 0.78382],
					"rotation": [-30, 0, 0],
					"cubes": [
						{"origin": [-7.85, -1.45859, -2.21618], "size": [3, 2, 3], "inflate": 0.01, "uv": [100, 56], "mirror": true}
					]
				},
				{
					"name": "bone17",
					"parent": "bone16",
					"pivot": [-6.35, -1.44629, 0.77721],
					"cubes": [
						{"origin": [-7.85, -3.45859, -4.21618], "size": [3, 2, 5], "uv": [92, 70], "mirror": true},
						{"origin": [-7.375, -3.49629, -2.22279], "size": [2, 1, 2], "pivot": [-6.375, -2.99629, -1.22279], "rotation": [0, -45, 0], "uv": [0, 0]},
						{"origin": [-5.35, -3.45859, -7.21618], "size": [0, 2, 3], "uv": [46, 102], "mirror": true},
						{"origin": [-7.35, -3.45859, -7.21618], "size": [0, 2, 3], "uv": [102, 99], "mirror": true},
						{"origin": [-6.35, -3.45859, -7.21618], "size": [0, 2, 3], "uv": [102, 94], "mirror": true}
					]
				},
				{
					"name": "torso",
					"parent": "body",
					"pivot": [0, 15.2, -1.75],
					"rotation": [-20, 0, 0],
					"cubes": [
						{"origin": [-5, 8.75, -10], "size": [10, 12, 16], "uv": [0, 46]}
					]
				},
				{
					"name": "neck",
					"parent": "torso",
					"pivot": [0, 16.4, -6.5],
					"rotation": [-38.25, 0, 0],
					"cubes": [
						{"origin": [-4, 12.08459, -20.15211], "size": [8, 9, 15], "inflate": -0.01, "uv": [54, 46]}
					]
				},
				{
					"name": "head_ai",
					"parent": "neck",
					"pivot": [0, 18.35959, -18.02711]
				},
				{
					"name": "head",
					"parent": "head_ai",
					"pivot": [0, 18.35959, -18.02711],
					"cubes": [
						{"origin": [-4, 14.71253, -25.80206], "size": [8, 7, 9], "uv": [0, 74]},
						{"origin": [-4, 14.71253, -25.80206], "size": [8, 2, 9], "inflate": 0.1, "uv": [80, 5]},
						{"origin": [-4, 12.71253, -23.80206], "size": [8, 2, 7], "uv": [80, 31]}
					]
				},
				{
					"name": "bone7",
					"parent": "head",
					"pivot": [0, 17.71253, -24.30206],
					"cubes": [
						{"origin": [4, 19.71253, -24.30206], "size": [0, 1, 3], "inflate": 0.02, "uv": [82, 98]},
						{"origin": [3, 19.21253, -25.80206], "size": [1, 1, 2], "inflate": 0.03, "uv": [18, 103]}
					]
				},
				{
					"name": "bone12",
					"parent": "head",
					"pivot": [0, 17.71253, -24.30206],
					"cubes": [
						{"origin": [-4.025, 19.71253, -24.30206], "size": [0, 1, 3], "inflate": 0.02, "uv": [100, 66]},
						{"origin": [-4.025, 19.21253, -25.80206], "size": [1, 1, 2], "inflate": 0.02, "uv": [86, 103]}
					]
				},
				{
					"name": "bone6",
					"parent": "head",
					"pivot": [0, 14.71253, -25.55206],
					"cubes": [
						{"origin": [4, 16.71253, -25.55206], "size": [0, 3, 3], "inflate": 0.01, "uv": [26, 90]}
					]
				},
				{
					"name": "bone41",
					"parent": "bone6",
					"pivot": [-0.975, 14.71253, -25.55206],
					"cubes": [
						{"origin": [2.025, 16.71253, -25.55206], "size": [1, 3, 3], "inflate": 0.001, "uv": [17, 90]}
					]
				},
				{
					"name": "bone42",
					"parent": "bone6",
					"pivot": [-0.025, 14.71253, -25.55206],
					"cubes": [
						{"origin": [-3.025, 16.71253, -25.55206], "size": [1, 3, 3], "inflate": 0.001, "uv": [17, 90], "mirror": true}
					]
				},
				{
					"name": "bone13",
					"parent": "bone6",
					"pivot": [3.025, 18.46253, -24.80206],
					"cubes": [
						{"origin": [2.025, 17.46253, -25.30206], "size": [2, 2, 1], "uv": [92, 103]}
					]
				},
				{
					"name": "bone18",
					"parent": "head",
					"pivot": [0, 14.71253, -25.55206],
					"cubes": [
						{"origin": [-4, 16.71253, -25.55206], "size": [0, 3, 3], "inflate": 0.01, "uv": [26, 96]}
					]
				},
				{
					"name": "bone19",
					"parent": "bone18",
					"pivot": [-3.025, 18.46253, -24.80206],
					"cubes": [
						{"origin": [-4.025, 17.46253, -25.30206], "size": [2, 2, 1], "uv": [98, 104]}
					]
				},
				{
					"name": "bone",
					"parent": "head",
					"pivot": [0, 14.71253, -23.80206],
					"cubes": [
						{"origin": [-4, 12.71253, -25.80206], "size": [8, 2, 2], "inflate": 0.01, "uv": [80, 40]},
						{"origin": [-4, 12.71253, -25.80206], "size": [8, 2, 2], "inflate": 0.12, "uv": [90, 90]},
						{"origin": [-3, 12.71253, -27.80206], "size": [6, 2, 2], "uv": [92, 84]},
						{"origin": [-3, 12.71253, -27.85206], "size": [6, 2, 2], "inflate": 0.1, "uv": [66, 98]},
						{"origin": [0, 10.71253, -26.30206], "size": [0, 2, 2], "pivot": [0, 12.71253, -26.30206], "rotation": [15, 0, 0], "uv": [104, 104]}
					]
				},
				{
					"name": "bone40",
					"parent": "head",
					"pivot": [0, 19.71253, -25.80206],
					"cubes": [
						{"origin": [-3, 14.71253, -28.80206], "size": [6, 5, 3], "uv": [54, 90]},
						{"origin": [-3, 14.71253, -28.80206], "size": [6, 5, 3], "inflate": 0.11, "uv": [72, 90]}
					]
				},
				{
					"name": "bone20",
					"parent": "torso",
					"pivot": [5, 14.5, -6],
					"rotation": [-33.2817, -9.19967, -28.99792],
					"cubes": [
						{"origin": [4, 9.5, -8], "size": [2, 5, 3], "uv": [100, 40]}
					]
				},
				{
					"name": "bone25",
					"parent": "bone20",
					"pivot": [5, 9.5, -5],
					"cubes": [
						{"origin": [4, 6.5, -8], "size": [2, 3, 3], "inflate": 0.01, "uv": [26, 102]}
					]
				},
				{
					"name": "bone21",
					"parent": "bone25",
					"pivot": [6, 6.5, -6],
					"cubes": [
						{"origin": [4, 4.5, -8], "size": [2, 2, 3], "uv": [66, 102]}
					]
				},
				{
					"name": "bone29",
					"parent": "bone21",
					"pivot": [6.025, 5.35, -6.5]
				},
				{
					"name": "bone26",
					"parent": "bone29",
					"pivot": [6.025, 5.35, -6.5],
					"rotation": [-32.5, 0, 0],
					"cubes": [
						{"origin": [6.025, 0.35, -7], "size": [0, 5, 1], "uv": [32, 90]}
					]
				},
				{
					"name": "bone27",
					"parent": "bone29",
					"pivot": [6.025, 5.35, -6.5],
					"rotation": [32.5, 0, 0],
					"cubes": [
						{"origin": [6.025, 0.35, -7], "size": [0, 5, 1], "uv": [32, 96]}
					]
				},
				{
					"name": "bone28",
					"parent": "bone29",
					"pivot": [6.025, 5.85, -6.425],
					"rotation": [-10, 0, 0],
					"cubes": [
						{"origin": [6.025, 4.85, -6.925], "size": [0, 1, 1], "inflate": 0.01, "uv": [96, 88]}
					]
				},
				{
					"name": "bone22",
					"parent": "bone21",
					"pivot": [6, 4.5, -7.75],
					"cubes": [
						{"origin": [4, 2.5, -7.75], "size": [2, 2, 0], "uv": [80, 44]}
					]
				},
				{
					"name": "bone23",
					"parent": "bone21",
					"pivot": [6, 4.5, -6.5],
					"cubes": [
						{"origin": [4, 2.5, -6.5], "size": [2, 2, 0], "uv": [84, 44]}
					]
				},
				{
					"name": "bone24",
					"parent": "bone21",
					"pivot": [6, 4.5, -5.25],
					"cubes": [
						{"origin": [4, 2.5, -5.25], "size": [2, 2, 0], "uv": [88, 44]}
					]
				},
				{
					"name": "bone30",
					"parent": "torso",
					"pivot": [-5, 14.5, -6],
					"rotation": [-33.17778, 9.61067, 29.63383],
					"cubes": [
						{"origin": [-6, 9.5, -8], "size": [2, 5, 3], "uv": [100, 48]}
					]
				},
				{
					"name": "bone31",
					"parent": "bone30",
					"pivot": [-5, 9.5, -5],
					"cubes": [
						{"origin": [-6, 6.5, -8], "size": [2, 3, 3], "inflate": 0.01, "uv": [36, 102]}
					]
				},
				{
					"name": "bone32",
					"parent": "bone31",
					"pivot": [-6, 6.5, -6],
					"cubes": [
						{"origin": [-6, 4.5, -8], "size": [2, 2, 3], "uv": [76, 102]}
					]
				},
				{
					"name": "bone33",
					"parent": "bone32",
					"pivot": [-6.025, 5.35, -6.5]
				},
				{
					"name": "bone34",
					"parent": "bone33",
					"pivot": [-6.025, 5.35, -6.5],
					"rotation": [-32.5, 0, 0],
					"cubes": [
						{"origin": [-6.025, 0.35, -7], "size": [0, 5, 1], "uv": [52, 102]}
					]
				},
				{
					"name": "bone35",
					"parent": "bone33",
					"pivot": [-6.025, 5.35, -6.5],
					"rotation": [32.5, 0, 0],
					"cubes": [
						{"origin": [-6.025, 0.35, -7], "size": [0, 5, 1], "uv": [24, 103]}
					]
				},
				{
					"name": "bone36",
					"parent": "bone33",
					"pivot": [-6.025, 5.85, -6.425],
					"rotation": [-10, 0, 0],
					"cubes": [
						{"origin": [-6.025, 4.85, -6.925], "size": [0, 1, 1], "inflate": 0.01, "uv": [88, 98]}
					]
				},
				{
					"name": "bone37",
					"parent": "bone32",
					"pivot": [-6, 4.5, -7.75],
					"cubes": [
						{"origin": [-6, 2.5, -7.75], "size": [2, 2, 0], "uv": [92, 44]}
					]
				},
				{
					"name": "bone38",
					"parent": "bone32",
					"pivot": [-6, 4.5, -6.5],
					"cubes": [
						{"origin": [-6, 2.5, -6.5], "size": [2, 2, 0], "uv": [92, 88]}
					]
				},
				{
					"name": "bone39",
					"parent": "bone32",
					"pivot": [-6, 4.5, -5.25],
					"cubes": [
						{"origin": [-6, 2.5, -5.25], "size": [2, 2, 0], "uv": [96, 44]}
					]
				},
				{
					"name": "bone3",
					"parent": "torso",
					"pivot": [0, 19.75, -3.35],
					"cubes": [
						{"origin": [0, 15.75, -8.35], "size": [0, 26, 20], "uv": [40, 0]},
						{"origin": [0, 15.75, -8.35], "size": [0, 26, 20], "inflate": 0.2, "uv": [0, 0]}
					]
				},
				{
					"name": "bone2",
					"parent": "torso",
					"pivot": [0, 14.9, 4],
					"rotation": [13, 0, 0],
					"cubes": [
						{"origin": [-4, 10.9, 2], "size": [8, 9, 11], "uv": [54, 70]}
					]
				},
				{
					"name": "bone4",
					"parent": "bone2",
					"pivot": [-1, 16.125, 12],
					"rotation": [5, 0, 0],
					"cubes": [
						{"origin": [-3, 13.375, 11], "size": [6, 6, 9], "uv": [80, 16]}
					]
				},
				{
					"name": "bone5",
					"parent": "bone4",
					"pivot": [0, 16.875, 19],
					"cubes": [
						{"origin": [-1.5, 15.375, 18], "size": [3, 3, 10], "uv": [0, 90]}
					]
				}
			]
		}
	]
}