{
	"format_version": "1.8.0",
	"animations": {
		"animation.treecko.test": {
			"loop": true,
			"bones": {
				"head": {
					"rotation": [-10, 0, 0],
					"position": [0, 0.1, -0.3]
				},
				"jaw": {
					"rotation": [32.5, 0, 0]
				},
				"tail": {
					"rotation": [-45, 0, 0],
					"position": [0, -0.5, 0]
				},
				"tail_left": {
					"rotation": [10, 0, 2.5]
				},
				"tail_left2": {
					"rotation": [17.5, 0, 0]
				},
				"tail_right": {
					"rotation": [10, 0, -2.5]
				},
				"tail_right2": {
					"rotation": [15, 0, 0]
				},
				"arm_left": {
					"rotation": [0, 0, -5]
				},
				"hand_left": {
					"rotation": [0, 0, -57.5]
				},
				"finger_front_left": {
					"rotation": [0, 0, 20]
				},
				"finger_front_left2": {
					"rotation": [0, 0, 45]
				},
				"finger_back_left": {
					"rotation": [0, 0, 20]
				},
				"finger_back_left2": {
					"rotation": [0, 0, 45]
				},
				"finger_middle_left": {
					"rotation": [0, 0, 20]
				},
				"finger_middle_left2": {
					"rotation": [0, 0, 45]
				},
				"arm_right": {
					"rotation": [0, 0, 5]
				},
				"torso": {
					"rotation": [7.5, 0, 0]
				},
				"torso2": {
					"rotation": [-5, 0, 0]
				},
				"neck": {
					"rotation": [-5, 0, 0]
				},
				"hand_right": {
					"rotation": [0, 0, 57.5]
				},
				"finger_front_right": {
					"rotation": [0, 0, -20]
				},
				"finger_front_right2": {
					"rotation": [0, 0, -45]
				},
				"finger_back_right": {
					"rotation": [0, 0, -20]
				},
				"finger_back_right2": {
					"rotation": [0, 0, -45]
				},
				"finger_middle_right": {
					"rotation": [0, 0, -20]
				},
				"finger_middle_right2": {
					"rotation": [0, 0, -45]
				},
				"leg_left": {
					"rotation": [1.18155, -9.91358, -2.38565]
				},
				"foot_left": {
					"rotation": [-0.4165, -7.26605, 3.29302]
				},
				"leg_right": {
					"rotation": [1.18155, 9.91358, 2.38565]
				},
				"foot_right": {
					"rotation": [-0.4165, 7.26605, -3.29302]
				}
			}
		},
		"animation.treecko.ground_idle": {
			"loop": true,
			"bones": {
				"torso": {
					"rotation": ["5+math.sin(q.anim_time*90*2+30)*1", 0, 0],
					"position": [0, "0+math.sin(q.anim_time*90*2+15)*-0.1", 0]
				},
				"tail": {
					"rotation": ["-42.5+math.sin(q.anim_time*90*2-30)*-1", 0, 0]
				},
				"tail_left": {
					"rotation": ["10+math.sin(q.anim_time*90*2-60)*-1.5", 0, 0]
				},
				"tail_left2": {
					"rotation": ["15+math.sin(q.anim_time*90*2-90)*-2", 0, 0]
				},
				"tail_right": {
					"rotation": ["10+math.sin(q.anim_time*90*2-60)*-1.5", 0, 0]
				},
				"tail_right2": {
					"rotation": ["15+math.sin(q.anim_time*90*2-90)*-2", 0, 0]
				},
				"torso2": {
					"rotation": [-5, 0, 0]
				},
				"neck": {
					"rotation": ["-2.5+math.sin(q.anim_time*90*2-30)*2", 0, 0]
				},
				"head": {
					"rotation": [2.5, 0, 0]
				},
				"pupil_right": {
					"position": [0, 0, 0]
				},
				"arm_left": {
					"rotation": [10.08453, "-7.38542+math.sin(q.anim_time*90*2-30)*-2", 48.69038]
				},
				"arm_left2": {
					"rotation": [0, 42.5, 0]
				},
				"hand_left": {
					"rotation": [0, 0, 22.5],
					"position": [-0.15, 0.05, 0]
				},
				"finger_front_left": {
					"rotation": [6.94363, 7.64256, 14.02881]
				},
				"finger_front_left2": {
					"rotation": [0, 0, 22.5]
				},
				"finger_back_left": {
					"rotation": [-4.01743, -1.75217, 14.46202]
				},
				"finger_back_left2": {
					"rotation": [0, 0, 30]
				},
				"finger_middle_left": {
					"rotation": [0, 0, 12.5]
				},
				"finger_middle_left2": {
					"rotation": [0, 0, 20]
				},
				"arm_right": {
					"rotation": [10.08, "7.39+math.sin(q.anim_time*90*2-30)*2", -48.69]
				},
				"arm_right2": {
					"rotation": [0, -42.5, 0]
				},
				"hand_right": {
					"rotation": [0, 0, -22.5],
					"position": [0.15, 0.05, 0]
				},
				"finger_front_right": {
					"rotation": [6.94363, -7.64256, -14.02881]
				},
				"finger_front_right2": {
					"rotation": [0, 0, -22.5]
				},
				"finger_back_right": {
					"rotation": [-4.01743, 1.75217, -14.46202]
				},
				"finger_back_right2": {
					"rotation": [0, 0, -30]
				},
				"finger_middle_right": {
					"rotation": [0, 0, -12.5]
				},
				"finger_middle_right2": {
					"rotation": [0, 0, -20]
				},
				"leg_right": {
					"rotation": [1.18155, 9.91358, 2.38565]
				},
				"foot_right": {
					"rotation": [-0.4165, 7.26605, -3.29302]
				},
				"leg_left": {
					"rotation": [1.18155, -9.91358, -2.38565]
				},
				"foot_left": {
					"rotation": [-0.4165, -7.26605, 3.29302]
				},
				"stick": {
					"rotation": [30, 45, 0]
				}
			}
		},
		"animation.treecko.ground_walk": {
			"loop": true,
			"animation_length": 1,
			"bones": {
				"treecko": {
					"position": [0, 0, "0+math.sin(q.anim_time*90*8+210)*0.2"]
				},
				"body": {
					"position": {
						"0.0": [0, 0, 0],
						"0.125": {
							"pre": [0, 0, 0],
							"post": [0, 0, 0],
							"lerp_mode": "catmullrom"
						},
						"0.25": {
							"post": [0, -0.25, 0],
							"lerp_mode": "catmullrom"
						},
						"0.375": {
							"post": [0, 0, 0],
							"lerp_mode": "catmullrom"
						},
						"0.5": [0, 0, 0],
						"0.625": {
							"pre": [0, 0, 0],
							"post": [0, 0, 0],
							"lerp_mode": "catmullrom"
						},
						"0.75": {
							"post": [0, -0.25, 0],
							"lerp_mode": "catmullrom"
						},
						"0.8333": {
							"post": [0, 0, 0],
							"lerp_mode": "catmullrom"
						},
						"1.0": [0, 0, 0]
					}
				},
				"torso": {
					"rotation": ["5+math.sin(q.anim_time*90*8+30)*2", "0+math.sin(q.anim_time*90*4+90)*10", "0+math.sin(q.anim_time*90*4+270)*3"],
					"position": [0, "0+math.sin(q.anim_time*90*8+130)*0.3", 0]
				},
				"tail": {
					"rotation": ["-42.5+math.sin(q.anim_time*90*8+0)*3", "math.sin(q.anim_time*90*4+60)*10", 0]
				},
				"tail_left": {
					"rotation": ["10+math.sin(q.anim_time*90*8-25)*2", "0+math.sin(q.anim_time*90*4+30)*8", 0]
				},
				"tail_left2": {
					"rotation": ["15+math.sin(q.anim_time*90*8-55)*2", "0+math.sin(q.anim_time*90*4+0)*6", 0]
				},
				"tail_left3": {
					"rotation": ["0+math.sin(q.anim_time*90*8-85)*2", "0+math.sin(q.anim_time*90*4-30)*4", 0]
				},
				"tail_right": {
					"rotation": ["10+math.sin(q.anim_time*90*8-35)*2", "0+math.sin(q.anim_time*90*4+30)*8", 0]
				},
				"tail_right2": {
					"rotation": ["15+math.sin(q.anim_time*90*8-65)*2", "0+math.sin(q.anim_time*90*4+0)*6", 0]
				},
				"tail_right3": {
					"rotation": ["0+math.sin(q.anim_time*90*8-95)*2", "0+math.sin(q.anim_time*90*4-30)*4", 0]
				},
				"torso2": {
					"rotation": ["-5+math.sin(q.anim_time*90*8+0)*1", "0+math.sin(q.anim_time*90*4+60+180)*5", "0+math.sin(q.anim_time*90*4+60)*3"]
				},
				"neck": {
					"rotation": ["-2.5+math.sin(q.anim_time*90*8-30)*1", "0+math.sin(q.anim_time*90*4+30+180)*2", "0+math.sin(q.anim_time*90*4+30)*1"]
				},
				"head": {
					"rotation": ["2.5+math.sin(q.anim_time*90*8-60)*1.5", "0+math.sin(q.anim_time*90*4+0)*5", "0+math.sin(q.anim_time*90*4+0+180)*3"]
				},
				"pupil_right": {
					"position": [0, 0, 0]
				},
				"arm_left": {
					"rotation": [10.08453, "-7.3854+math.sin(q.anim_time*90*4-90)*25", "48.6904+math.sin(q.anim_time*90*4+0)*2.5"]
				},
				"arm_left2": {
					"rotation": [0, "42.5+math.sin(q.anim_time*90*4-120)*20", 0]
				},
				"hand_left": {
					"rotation": [0, "0+math.sin(q.anim_time*90*4-150)*2.5", "22.5+math.sin(q.anim_time*90*4-150)*5"],
					"position": [-0.15, 0.05, 0]
				},
				"finger_front_left": {
					"rotation": [6.94363, 7.64256, 14.02881]
				},
				"finger_front_left2": {
					"rotation": [0, 0, 22.5]
				},
				"finger_back_left": {
					"rotation": [-4.01743, -1.75217, 14.46202]
				},
				"finger_back_left2": {
					"rotation": [0, 0, 30]
				},
				"finger_middle_left": {
					"rotation": [0, 0, 12.5]
				},
				"finger_middle_left2": {
					"rotation": [0, 0, 20]
				},
				"arm_right": {
					"rotation": [10.08453, "7.3854+math.sin(q.anim_time*90*4-90)*25", "-48.6904+math.sin(q.anim_time*90*4+0)*2.5"]
				},
				"arm_right2": {
					"rotation": [0, "-42.5+math.sin(q.anim_time*90*4-120)*20", 0]
				},
				"hand_right": {
					"rotation": [0, "0+math.sin(q.anim_time*90*4-150)*2.5", "-22.5+math.sin(q.anim_time*90*4-150)*5"],
					"position": [0.15, 0.05, 0]
				},
				"finger_front_right": {
					"rotation": [6.94363, -7.64256, -14.02881]
				},
				"finger_front_right2": {
					"rotation": [0, 0, -22.5]
				},
				"finger_back_right": {
					"rotation": [-4.01743, 1.75217, -14.46202]
				},
				"finger_back_right2": {
					"rotation": [0, 0, -30]
				},
				"finger_middle_right": {
					"rotation": [0, 0, -12.5]
				},
				"finger_middle_right2": {
					"rotation": [0, 0, -20]
				},
				"leg_right": {
					"rotation": {
						"0.0": {
							"post": [36.50677, 8.43184, 4.42536],
							"lerp_mode": "catmullrom"
						},
						"0.1667": {
							"post": [24.86042, 8.76111, 3.97209],
							"lerp_mode": "catmullrom"
						},
						"0.5": {
							"post": [-61.31845, 9.91358, 2.38565],
							"lerp_mode": "catmullrom"
						},
						"0.75": {
							"post": [1.18155, 9.91358, 2.38565],
							"lerp_mode": "catmullrom"
						},
						"1.0": {
							"post": [36.50677, 8.43184, 4.42536],
							"lerp_mode": "catmullrom"
						}
					},
					"position": {
						"0.0": {
							"post": [0, 0.5, 1],
							"lerp_mode": "catmullrom"
						},
						"0.25": {
							"post": [0, 0.75, 0.13],
							"lerp_mode": "catmullrom"
						},
						"0.5": {
							"post": [0, 0, -0.75],
							"lerp_mode": "catmullrom"
						},
						"0.75": {
							"post": [0, 0, 0],
							"lerp_mode": "catmullrom"
						},
						"0.875": {
							"post": [0, 0.75, 0.5],
							"lerp_mode": "catmullrom"
						},
						"1.0": {
							"post": [0, 0.5, 1],
							"lerp_mode": "catmullrom"
						}
					}
				},
				"leg_right2": {
					"rotation": {
						"0.0": {
							"post": [15, 0, 0],
							"lerp_mode": "catmullrom"
						},
						"0.1667": {
							"post": [55, 0, 0],
							"lerp_mode": "catmullrom"
						},
						"0.3333": {
							"post": [92.5, 0, 0],
							"lerp_mode": "catmullrom"
						},
						"0.5": {
							"post": [47.5, 0, 0],
							"lerp_mode": "catmullrom"
						},
						"0.75": {
							"post": [0, 0, 0],
							"lerp_mode": "catmullrom"
						},
						"1.0": {
							"post": [15, 0, 0],
							"lerp_mode": "catmullrom"
						}
					}
				},
				"foot_right": {
					"rotation": {
						"0.0": {
							"post": [24.37394, 0.4385, -6.40588],
							"lerp_mode": "catmullrom"
						},
						"0.1667": {
							"post": [11.9438, 2.71435, -5.36826],
							"lerp_mode": "catmullrom"
						},
						"0.3333": {
							"post": [-35.48635, 4.9902, -4.33064],
							"lerp_mode": "catmullrom"
						},
						"0.5": {
							"post": [-30.4165, 7.26605, -3.29302],
							"lerp_mode": "catmullrom"
						},
						"0.75": {
							"post": [-0.4165, 7.26605, -3.29302],
							"lerp_mode": "catmullrom"
						},
						"1.0": {
							"post": [24.37394, 0.4385, -6.40588],
							"lerp_mode": "catmullrom"
						}
					}
				},
				"foot_right2": {
					"rotation": {
						"0.0": {
							"post": [-30, 0, 0],
							"lerp_mode": "catmullrom"
						},
						"0.5": {
							"post": [12.5, 0, 0],
							"lerp_mode": "catmullrom"
						},
						"0.75": {
							"post": [0, 0, 0],
							"lerp_mode": "catmullrom"
						},
						"1.0": {
							"post": [-30, 0, 0],
							"lerp_mode": "catmullrom"
						}
					},
					"position": {
						"0.0": {
							"post": [0, 0, 0],
							"lerp_mode": "catmullrom"
						},
						"0.5": {
							"post": [0, 0, 0.2],
							"lerp_mode": "catmullrom"
						},
						"0.75": {
							"post": [0, 0, 0],
							"lerp_mode": "catmullrom"
						},
						"1.0": {
							"post": [0, 0, 0],
							"lerp_mode": "catmullrom"
						}
					}
				},
				"toes_right": {
					"rotation": {
						"0.0": {
							"post": [-42.5, 0, 0],
							"lerp_mode": "catmullrom"
						},
						"0.5": {
							"post": [15, 0, 0],
							"lerp_mode": "catmullrom"
						},
						"0.75": {
							"post": [0, 0, 0],
							"lerp_mode": "catmullrom"
						},
						"1.0": {
							"post": [-42.5, 0, 0],
							"lerp_mode": "catmullrom"
						}
					},
					"position": {
						"0.0": {
							"post": [0, 0, 0],
							"lerp_mode": "catmullrom"
						},
						"0.5": {
							"post": [0, -0.1, 0],
							"lerp_mode": "catmullrom"
						},
						"0.75": {
							"post": [0, 0, 0],
							"lerp_mode": "catmullrom"
						},
						"1.0": {
							"post": [0, 0, 0],
							"lerp_mode": "catmullrom"
						}
					}
				},
				"leg_left": {
					"rotation": {
						"0.0": {
							"post": [-61.31845, -9.91358, -2.38565],
							"lerp_mode": "catmullrom"
						},
						"0.25": {
							"post": [1.18155, -9.91358, -2.38565],
							"lerp_mode": "catmullrom"
						},
						"0.5": {
							"post": [36.50677, -8.43184, -4.42536],
							"lerp_mode": "catmullrom"
						},
						"0.6667": {
							"post": [24.86042, -8.76111, -3.97209],
							"lerp_mode": "catmullrom"
						},
						"1.0": {
							"post": [-61.31845, -9.91358, -2.38565],
							"lerp_mode": "catmullrom"
						}
					},
					"position": {
						"0.0": {
							"post": [0, 0, -0.75],
							"lerp_mode": "catmullrom"
						},
						"0.25": {
							"post": [0, 0, 0],
							"lerp_mode": "catmullrom"
						},
						"0.375": {
							"post": [0, 0.75, 0.5],
							"lerp_mode": "catmullrom"
						},
						"0.5": {
							"post": [0, 0.5, 1],
							"lerp_mode": "catmullrom"
						},
						"0.75": {
							"post": [0, 0.75, 0.13],
							"lerp_mode": "catmullrom"
						},
						"1.0": {
							"post": [0, 0, -0.75],
							"lerp_mode": "catmullrom"
						}
					}
				},
				"leg_left2": {
					"rotation": {
						"0.0": {
							"post": [47.5, 0, 0],
							"lerp_mode": "catmullrom"
						},
						"0.25": {
							"post": [0, 0, 0],
							"lerp_mode": "catmullrom"
						},
						"0.5": {
							"post": [15, 0, 0],
							"lerp_mode": "catmullrom"
						},
						"0.6667": {
							"post": [55, 0, 0],
							"lerp_mode": "catmullrom"
						},
						"0.8333": {
							"post": [92.5, 0, 0],
							"lerp_mode": "catmullrom"
						},
						"1.0": {
							"post": [47.5, 0, 0],
							"lerp_mode": "catmullrom"
						}
					}
				},
				"foot_left": {
					"rotation": {
						"0.0": {
							"post": [-30.4165, -7.26605, 3.29302],
							"lerp_mode": "catmullrom"
						},
						"0.25": {
							"post": [-0.4165, -7.26605, 3.29302],
							"lerp_mode": "catmullrom"
						},
						"0.5": {
							"post": [24.37394, -0.4385, 6.40588],
							"lerp_mode": "catmullrom"
						},
						"0.6667": {
							"post": [11.9438, -2.71435, 5.36826],
							"lerp_mode": "catmullrom"
						},
						"0.8333": {
							"post": [-35.48635, -4.9902, 4.33064],
							"lerp_mode": "catmullrom"
						},
						"1.0": {
							"post": [-30.4165, -7.26605, 3.29302],
							"lerp_mode": "catmullrom"
						}
					}
				},
				"foot_left2": {
					"rotation": {
						"0.0": {
							"post": [12.5, 0, 0],
							"lerp_mode": "catmullrom"
						},
						"0.25": {
							"post": [0, 0, 0],
							"lerp_mode": "catmullrom"
						},
						"0.5": {
							"post": [-30, 0, 0],
							"lerp_mode": "catmullrom"
						},
						"1.0": {
							"post": [12.5, 0, 0],
							"lerp_mode": "catmullrom"
						}
					},
					"position": {
						"0.0": {
							"post": [0, 0, 0.2],
							"lerp_mode": "catmullrom"
						},
						"0.25": {
							"post": [0, 0, 0],
							"lerp_mode": "catmullrom"
						},
						"0.5": {
							"post": [0, 0, 0],
							"lerp_mode": "catmullrom"
						},
						"1.0": {
							"post": [0, 0, 0.2],
							"lerp_mode": "catmullrom"
						}
					}
				},
				"toes_right2": {
					"rotation": {
						"0.0": {
							"post": [15, 0, 0],
							"lerp_mode": "catmullrom"
						},
						"0.25": {
							"post": [0, 0, 0],
							"lerp_mode": "catmullrom"
						},
						"0.5": {
							"post": [-42.5, 0, 0],
							"lerp_mode": "catmullrom"
						},
						"1.0": {
							"post": [15, 0, 0],
							"lerp_mode": "catmullrom"
						}
					},
					"position": {
						"0.0": {
							"post": [0, -0.1, 0],
							"lerp_mode": "catmullrom"
						},
						"0.25": {
							"post": [0, 0, 0],
							"lerp_mode": "catmullrom"
						},
						"0.5": {
							"post": [0, 0, 0],
							"lerp_mode": "catmullrom"
						},
						"1.0": {
							"post": [0, -0.1, 0],
							"lerp_mode": "catmullrom"
						}
					}
				},
				"stick": {
					"rotation": [30, 45, 0]
				}
			}
		},
		"animation.treecko.blink": {
			"animation_length": 0.1667,
			"bones": {
				"eyelid_left": {
					"position": {
						"0.0": [0.1, 0, 0],
						"0.125": [0.1, 0, 0],
						"0.1667": {"pre": [0.1, 0, 0], "post": [0, 0, 0]}
					}
				},
				"eyelid_right": {
					"position": {
						"0.0": [-0.1, 0, 0],
						"0.125": [-0.1, 0, 0],
						"0.1667": {"pre": [-0.1, 0, 0], "post": [0, 0, 0]}
					}
				},
				"eye_right": {
					"position": {
						"0.0": [0.1, 0, 0],
						"0.125": [0.1, 0, 0],
						"0.1667": {"pre": [0.1, 0, 0], "post": [0, 0, 0]}
					}
				},
				"eye_left": {
					"position": {
						"0.0": [-0.1, 0, 0],
						"0.125": [-0.1, 0, 0],
						"0.1667": {"pre": [-0.1, 0, 0], "post": [0, 0, 0]}
					}
				}
			}
		},
		"animation.treecko.speed_check": {
			"loop": true,
			"bones": {
				"treecko": {
					"position": [0, 0, "39-query.anim_time *90 *0.25"]
				}
			}
		},
		"animation.treecko.test2": {
			"loop": true,
			"bones": {
				"torso": {
					"rotation": [-4.73298, 2.77592, 27.09295]
				},
				"tail": {
					"rotation": [-5.82738, 13.76109, -8.78252],
					"position": [0.25, 0, 0]
				},
				"tail_left": {
					"rotation": [17.07306, 24.25643, 6.31117]
				},
				"tail_left2": {
					"rotation": [24.53554, -3.67372, -4.51152]
				},
				"tail_right": {
					"rotation": [20.05865, 9.84795, 1.74036]
				},
				"tail_right2": {
					"rotation": [25.12876, 9.658, 2.59914]
				},
				"torso2": {
					"rotation": [7.06953, 5.56451, -12.40436],
					"position": [0, 0, 0.5]
				},
				"neck": {
					"rotation": [0.41092, 23.12473, -12.05132],
					"position": [0, 0.5, 0]
				},
				"head": {
					"rotation": [12.80178, -8.52421, -5.3105],
					"position": [0, 0.5, -1]
				},
				"pupil_right": {
					"position": [0, 0, -0.5]
				},
				"arm_left": {
					"rotation": [9.29398, -6.81225, -20.04345],
					"position": [0, 0.25, 1]
				},
				"arm_left2": {
					"rotation": [0.65426, 4.95712, 7.52832]
				},
				"hand_left": {
					"rotation": [-17.87814, -19.86103, -49.99202],
					"position": [-0.15, 0.05, 0]
				},
				"finger_front_left": {
					"rotation": [0, 5, 20]
				},
				"finger_front_left2": {
					"rotation": [0, 0, 45]
				},
				"finger_back_left": {
					"rotation": [0, -5, 20]
				},
				"finger_back_left2": {
					"rotation": [0, 0, 45]
				},
				"finger_middle_left": {
					"rotation": [0, 0, 20]
				},
				"finger_middle_left2": {
					"rotation": [0, 0, 45]
				},
				"arm_right": {
					"rotation": [28.39833, -11.25395, 25.21731],
					"position": [0, 3, -3.25]
				},
				"arm_right2": {
					"rotation": [0, -27.5, 0]
				},
				"hand_right": {
					"rotation": [8.98458, -4.04496, 42.82624],
					"position": [0.15, 0.05, 0]
				},
				"finger_front_right": {
					"rotation": [24.55654, -22.88323, -18.35198]
				},
				"finger_front_right2": {
					"rotation": [0, 0, -45]
				},
				"finger_back_right": {
					"rotation": [24.23178, 6.06465, 25.68919]
				},
				"finger_back_right2": {
					"rotation": [0, 0, -45]
				},
				"finger_middle_right": {
					"rotation": [0, 0, 15]
				},
				"finger_middle_right2": {
					"rotation": [0, 0, -45]
				},
				"leg_right": {
					"rotation": [-156.31845, 9.91358, 2.38565],
					"position": [0, 0.75, -2.25]
				},
				"foot_right": {
					"rotation": [0.53366, 26.73797, -15.04829]
				},
				"leg_left": {
					"rotation": [-2.91472, -22.08853, 21.08653],
					"position": [0, -1, 0]
				},
				"foot_left": {
					"rotation": [65.81573, -6.16374, -15.44323]
				},
				"body": {
					"rotation": [0, 32.5, 0],
					"position": [0, 1.75, 0]
				},
				"tail_right3": {
					"rotation": [0, 0, 0]
				},
				"jaw": {
					"rotation": [40, 0, 0]
				},
				"leg_right2": {
					"rotation": [77.54738, -0.6465, -10.13344]
				},
				"foot_right2": {
					"rotation": [12.5, 0, 0],
					"position": [0, 0, 0.25]
				},
				"toes_right": {
					"rotation": [17.5, 0, 0]
				},
				"leg_left2": {
					"rotation": [16.93839, -4.46375, 14.33501]
				},
				"foot_left2": {
					"rotation": [-35.67815, -9.54385, 8.11019]
				},
				"toes_right2": {
					"rotation": [-24.91643, -2.11089, -4.53359]
				},
				"toe_inner_right": {
					"rotation": [26.9673, -26.74473, -3.82626]
				},
				"toe_outer_right": {
					"rotation": [22.5, 20, 0]
				},
				"toe_middle_right": {
					"rotation": [15, 0, 0]
				},
				"toe_inner_left": {
					"rotation": [-32.5, 0, 0]
				},
				"toe_outer_left": {
					"rotation": [-25, 0, 0]
				},
				"toe_middle_left": {
					"rotation": [-25, 0, 0]
				},
				"pupil_left": {
					"position": [0, 0, 0.5]
				},
				"eye_shine_left": {
					"position": [0, 0, 0.5]
				}
			}
		},
		"animation.treecko.eye_wide": {
			"loop": true,
			"bones": {
				"eye_emote_right2": {
					"scale": [1, 1.5, 1]
				},
				"eye_emote_left2": {
					"scale": [1, 1.5, 1]
				}
			}
		},
		"animation.treecko.happy": {
			"loop": true,
			"bones": {
				"jaw": {
					"rotation": [20, 0, 0]
				},
				"eye_right": {
					"position": [0.1, 0, 0]
				},
				"eye_left": {
					"position": [-0.1, 0, 0]
				},
				"eyelid_happy_left": {
					"position": [0.1, 0, 0]
				},
				"eyelid_happy_right": {
					"position": [-0.1, 0, 0]
				}
			}
		},
		"animation.treecko.angry": {
			"loop": true,
			"bones": {
				"eye_emote_right2": {
					"position": [0.1, 0, 0]
				},
				"pupil_emote_right": {
					"position": [0.1, 0, 0]
				},
				"eye_emote_left2": {
					"position": [-0.1, 0, 0]
				},
				"pupil_emote_left": {
					"position": [-0.1, 0, 0]
				}
			}
		},
		"animation.treecko.sad": {
			"loop": true,
			"bones": {
				"eye_emote_right": {
					"position": [0.1, 0, 0]
				},
				"eye_emote_left": {
					"position": [-0.1, 0, 0]
				}
			}
		},
		"animation.treecko.shocked": {
			"loop": true,
			"bones": {
				"jaw": {
					"rotation": [20, 0, 0]
				},
				"pupil_right": {
					"position": [0, 0, -0.2],
					"scale": [1, 0.5, 0.7]
				},
				"pupil_left": {
					"position": [0, 0, -0.2],
					"scale": [1, 0.5, 0.7]
				}
			}
		},
		"animation.treecko.hurt": {
			"loop": true,
			"bones": {
				"jaw": {
					"rotation": [20, 0, 0]
				},
				"eye_right": {
					"position": [0.1, 0, 0]
				},
				"eye_left": {
					"position": [-0.1, 0, 0]
				},
				"eyelid_hurt_left": {
					"position": [0.1, 0, 0]
				},
				"eyelid_hurt_right": {
					"position": [-0.1, 0, 0]
				}
			}
		},
		"animation.treecko.cry": {
			"animation_length": 1.2083,
			"bones": {
				"head": {
					"rotation": {
						"0.0": [0, 0, 0],
						"0.2083": [0, 0, 0],
						"0.2917": {
							"pre": [2.5, 0, 0],
							"post": [2.5, 0, 0],
							"lerp_mode": "catmullrom"
						},
						"0.4167": {
							"post": [-5, 0, 0],
							"lerp_mode": "catmullrom"
						},
						"0.5": {
							"post": [-2.5, 0, 0],
							"lerp_mode": "catmullrom"
						},
						"0.5833": {
							"post": [-5, 0, 0],
							"lerp_mode": "catmullrom"
						},
						"0.6667": {
							"post": [-2.5, 0, 0],
							"lerp_mode": "catmullrom"
						},
						"0.7917": {
							"post": [-5, 0, 0],
							"lerp_mode": "catmullrom"
						},
						"1.0": {
							"post": [-7, 0, 0],
							"lerp_mode": "catmullrom"
						},
						"1.2083": [0, 0, 0]
					}
				},
				"jaw": {
					"rotation": {
						"0.0": [0, 0, 0],
						"0.25": [0, 0, 0],
						"0.4167": {
							"pre": [22.5, 0, 0],
							"post": [22.5, 0, 0],
							"lerp_mode": "catmullrom"
						},
						"0.5": {
							"post": [12.5, 0, 0],
							"lerp_mode": "catmullrom"
						},
						"0.5833": {
							"post": [22.5, 0, 0],
							"lerp_mode": "catmullrom"
						},
						"0.6667": {
							"post": [12.5, 0, 0],
							"lerp_mode": "catmullrom"
						},
						"0.7917": {
							"post": [35, 0, 0],
							"lerp_mode": "catmullrom"
						},
						"1.0": {
							"post": [35, 0, 0],
							"lerp_mode": "catmullrom"
						},
						"1.2083": [0, 0, 0]
					}
				}
			},
			"sound_effects": {
				"0.375": {
					"effect": "pokemon.treecko.cry"
				}
			}
		}
	}
}