{
	"format_version": "1.10.0",
	"particle_effect": {
		"description": {
			"identifier": "cobblemon:aura_blast",
			"basic_render_parameters": {
				"material": "particles_alpha",
				"texture": "textures/particles/generic/ring/mediumring"
			}
		},
		"components": {
			"minecraft:emitter_rate_instant": {
				"num_particles": 1
			},
			"minecraft:emitter_lifetime_once": {
				"active_time": 0.3
			},
			"minecraft:emitter_lifetime_events": {
				"creation_event": "event_sound"
			},
			"minecraft:emitter_shape_point": {},
			"minecraft:particle_lifetime_expression": {
				"max_lifetime": 0.17
			},
			"minecraft:particle_initial_spin": {
				"rotation": 1,
				"rotation_rate": 240
			},
			"minecraft:particle_initial_speed": 0,
			"minecraft:particle_motion_dynamic": {},
			"minecraft:particle_appearance_billboard": {
				"size": [0.65, 0.65],
				"facing_camera_mode": "rotate_y",
				"uv": {
					"texture_width": 90,
					"texture_height": 15,
					"flipbook": {
						"base_UV": [0, 0],
						"size_UV": [15, 15],
						"step_UV": [15, 0],
						"frames_per_second": 32,
						"max_frame": 6
					}
				}
			},
			"minecraft:particle_appearance_tinting": {
				"color": {
					"interpolant": "v.particle_age / v.particle_lifetime",
					"gradient": {
						"0.0": "#FF0875C1",
						"0.78": "#FF56DCFF"
					}
				}
			}
		}
	}
}