{
  "low_level_cap": [
    {
      "translatable": "dialogs.rctmod.pat.low_level_cap.0"
    },
    {
      "translatable": "dialogs.rctmod.pat.low_level_cap.1"
    }
  ],
  "missing_pokemon": [
    {
      "translatable": "dialogs.rctmod.pat.missing_pokemon.0"
    },
    {
      "translatable": "dialogs.rctmod.pat.missing_pokemon.1"
    }
  ],
  "missing_required_trainer": [
    {
      "translatable": "dialogs.rctmod.pat.missing_required_trainer.0"
    },
    {
      "translatable": "dialogs.rctmod.pat.missing_required_trainer.1"
    }
  ],
  "missing_required_trainer_champ": [],
  "missing_required_trainer_e4": [],
  "missing_required_trainer_leader": [],
  "missing_required_trainer_light_of_ruin": [],
  "missing_required_trainer_rival": [],
  "missing_required_trainer_team_galactic": [],
  "missing_required_trainer_team_rocket": [],
  "missing_required_trainer_team_shadow": [],
  "wrong_series": [
    {
      "translatable": "dialogs.rctmod.pat.wrong_series.0"
    }
  ],
  "on_battle_lost": [],
  "on_battle_start": [],
  "on_battle_won": [],
  "on_cooldown": [],
  "over_level_cap": [
    {
      "translatable": "dialogs.rctmod.pat.over_level_cap.0"
    }
  ],
  "player_busy": [],
  "trainer_busy": [],
  "trainer_lost": [],
  "trainer_won": [],
  "unknown_reason": [
    {
      "translatable": "dialogs.rctmod.pat.unknown_reason"
    }
  ]
}