{
  "low_level_cap": [
    {
      "translatable": "dialogs.rctmod.karen.low_level_cap.0"
    },
    {
      "translatable": "dialogs.rctmod.karen.low_level_cap.1"
    },
    {
      "translatable": "dialogs.rctmod.karen.low_level_cap.2"
    },
    {
      "translatable": "dialogs.rctmod.karen.low_level_cap.3"
    },
    {
      "translatable": "dialogs.rctmod.karen.low_level_cap.4"
    },
    {
      "translatable": "dialogs.rctmod.karen.low_level_cap.5"
    }
  ],
  "missing_pokemon": [
    {
      "translatable": "dialogs.rctmod.karen.missing_pokemon.0"
    },
    {
      "translatable": "dialogs.rctmod.karen.missing_pokemon.1"
    },
    {
      "translatable": "dialogs.rctmod.karen.missing_pokemon.2"
    },
    {
      "translatable": "dialogs.rctmod.karen.missing_pokemon.3"
    },
    {
      "translatable": "dialogs.rctmod.karen.missing_pokemon.4"
    },
    {
      "translatable": "dialogs.rctmod.karen.missing_pokemon.5"
    }
  ],
  "missing_required_trainer": [
    {
      "translatable": "dialogs.rctmod.karen.missing_required_trainer.0"
    },
    {
      "translatable": "dialogs.rctmod.karen.missing_required_trainer.1"
    },
    {
      "translatable": "dialogs.rctmod.karen.missing_required_trainer.2"
    },
    {
      "translatable": "dialogs.rctmod.karen.missing_required_trainer.3"
    },
    {
      "translatable": "dialogs.rctmod.karen.missing_required_trainer.4"
    }
  ],
  "missing_required_trainer_champ": [],
  "missing_required_trainer_e4": [],
  "missing_required_trainer_leader": [],
  "missing_required_trainer_light_of_ruin": [],
  "missing_required_trainer_rival": [],
  "missing_required_trainer_team_galactic": [],
  "missing_required_trainer_team_rocket": [],
  "missing_required_trainer_team_shadow": [],
  "wrong_series": [
    {
      "translatable": "dialogs.rctmod.karen.wrong_series.0"
    },
    {
      "translatable": "dialogs.rctmod.karen.wrong_series.1"
    }
  ],
  "on_battle_lost": [
    {
      "translatable": "dialogs.rctmod.karen.on_battle_lost.0"
    },
    {
      "translatable": "dialogs.rctmod.karen.on_battle_lost.1"
    },
    {
      "translatable": "dialogs.rctmod.karen.on_battle_lost.2"
    },
    {
      "translatable": "dialogs.rctmod.karen.on_battle_lost.3"
    },
    {
      "translatable": "dialogs.rctmod.karen.on_battle_lost.4"
    },
    {
      "translatable": "dialogs.rctmod.karen.on_battle_lost.5"
    },
    {
      "translatable": "dialogs.rctmod.karen.on_battle_lost.6"
    },
    {
      "translatable": "dialogs.rctmod.karen.on_battle_lost.7"
    },
    {
      "translatable": "dialogs.rctmod.karen.on_battle_lost.8"
    },
    {
      "translatable": "dialogs.rctmod.karen.on_battle_lost.9"
    },
    {
      "translatable": "dialogs.rctmod.karen.on_battle_lost.10"
    }
  ],
  "on_battle_start": [
    {
      "translatable": "dialogs.rctmod.karen.on_battle_start.0"
    },
    {
      "translatable": "dialogs.rctmod.karen.on_battle_start.1"
    },
    {
      "translatable": "dialogs.rctmod.karen.on_battle_start.2"
    },
    {
      "translatable": "dialogs.rctmod.karen.on_battle_start.3"
    },
    {
      "translatable": "dialogs.rctmod.karen.on_battle_start.4"
    },
    {
      "translatable": "dialogs.rctmod.karen.on_battle_start.5"
    },
    {
      "translatable": "dialogs.rctmod.karen.on_battle_start.6"
    },
    {
      "translatable": "dialogs.rctmod.karen.on_battle_start.7"
    },
    {
      "translatable": "dialogs.rctmod.karen.on_battle_start.8"
    },
    {
      "translatable": "dialogs.rctmod.karen.on_battle_start.9"
    },
    {
      "translatable": "dialogs.rctmod.karen.on_battle_start.10"
    },
    {
      "translatable": "dialogs.rctmod.karen.on_battle_start.11"
    },
    {
      "translatable": "dialogs.rctmod.karen.on_battle_start.12"
    },
    {
      "translatable": "dialogs.rctmod.karen.on_battle_start.13"
    },
    {
      "translatable": "dialogs.rctmod.karen.on_battle_start.14"
    },
    {
      "translatable": "dialogs.rctmod.karen.on_battle_start.15"
    }
  ],
  "on_battle_won": [
    {
      "translatable": "dialogs.rctmod.karen.on_battle_won.0"
    },
    {
      "translatable": "dialogs.rctmod.karen.on_battle_won.1"
    },
    {
      "translatable": "dialogs.rctmod.karen.on_battle_won.2"
    },
    {
      "translatable": "dialogs.rctmod.karen.on_battle_won.3"
    },
    {
      "translatable": "dialogs.rctmod.karen.on_battle_won.4"
    },
    {
      "translatable": "dialogs.rctmod.karen.on_battle_won.5"
    },
    {
      "translatable": "dialogs.rctmod.karen.on_battle_won.6"
    },
    {
      "translatable": "dialogs.rctmod.karen.on_battle_won.7"
    },
    {
      "translatable": "dialogs.rctmod.karen.on_battle_won.8"
    },
    {
      "translatable": "dialogs.rctmod.karen.on_battle_won.9"
    },
    {
      "translatable": "dialogs.rctmod.karen.on_battle_won.10"
    },
    {
      "translatable": "dialogs.rctmod.karen.on_battle_won.11"
    },
    {
      "translatable": "dialogs.rctmod.karen.on_battle_won.12"
    },
    {
      "translatable": "dialogs.rctmod.karen.on_battle_won.13"
    },
    {
      "translatable": "dialogs.rctmod.karen.on_battle_won.14"
    },
    {
      "translatable": "dialogs.rctmod.karen.on_battle_won.15"
    }
  ],
  "on_cooldown": [
    {
      "translatable": "dialogs.rctmod.karen.on_cooldown.0"
    },
    {
      "translatable": "dialogs.rctmod.karen.on_cooldown.1"
    },
    {
      "translatable": "dialogs.rctmod.karen.on_cooldown.2"
    },
    {
      "translatable": "dialogs.rctmod.karen.on_cooldown.3"
    },
    {
      "translatable": "dialogs.rctmod.karen.on_cooldown.4"
    },
    {
      "translatable": "dialogs.rctmod.karen.on_cooldown.5"
    }
  ],
  "over_level_cap": [
    {
      "translatable": "dialogs.rctmod.karen.over_level_cap.0"
    },
    {
      "translatable": "dialogs.rctmod.karen.over_level_cap.1"
    },
    {
      "translatable": "dialogs.rctmod.karen.over_level_cap.2"
    },
    {
      "translatable": "dialogs.rctmod.karen.over_level_cap.3"
    },
    {
      "translatable": "dialogs.rctmod.karen.over_level_cap.4"
    },
    {
      "translatable": "dialogs.rctmod.karen.over_level_cap.5"
    }
  ],
  "player_busy": [
    {
      "translatable": "dialogs.rctmod.karen.player_busy.0"
    },
    {
      "translatable": "dialogs.rctmod.karen.player_busy.1"
    },
    {
      "translatable": "dialogs.rctmod.karen.player_busy.2"
    },
    {
      "translatable": "dialogs.rctmod.karen.player_busy.3"
    },
    {
      "translatable": "dialogs.rctmod.karen.player_busy.4"
    },
    {
      "translatable": "dialogs.rctmod.karen.player_busy.5"
    }
  ],
  "trainer_busy": [
    {
      "translatable": "dialogs.rctmod.karen.trainer_busy.0"
    },
    {
      "translatable": "dialogs.rctmod.karen.trainer_busy.1"
    },
    {
      "translatable": "dialogs.rctmod.karen.trainer_busy.2"
    },
    {
      "translatable": "dialogs.rctmod.karen.trainer_busy.3"
    },
    {
      "translatable": "dialogs.rctmod.karen.trainer_busy.4"
    },
    {
      "translatable": "dialogs.rctmod.karen.trainer_busy.5"
    }
  ],
  "trainer_lost": [
    {
      "translatable": "dialogs.rctmod.karen.trainer_lost.0"
    },
    {
      "translatable": "dialogs.rctmod.karen.trainer_lost.1"
    },
    {
      "translatable": "dialogs.rctmod.karen.trainer_lost.2"
    },
    {
      "translatable": "dialogs.rctmod.karen.trainer_lost.3"
    },
    {
      "translatable": "dialogs.rctmod.karen.trainer_lost.4"
    },
    {
      "translatable": "dialogs.rctmod.karen.trainer_lost.5"
    },
    {
      "translatable": "dialogs.rctmod.karen.trainer_lost.6"
    },
    {
      "translatable": "dialogs.rctmod.karen.trainer_lost.7"
    },
    {
      "translatable": "dialogs.rctmod.karen.trainer_lost.8"
    },
    {
      "translatable": "dialogs.rctmod.karen.trainer_lost.9"
    },
    {
      "translatable": "dialogs.rctmod.karen.trainer_lost.10"
    },
    {
      "translatable": "dialogs.rctmod.karen.trainer_lost.11"
    },
    {
      "translatable": "dialogs.rctmod.karen.trainer_lost.12"
    },
    {
      "translatable": "dialogs.rctmod.karen.trainer_lost.13"
    },
    {
      "translatable": "dialogs.rctmod.karen.trainer_lost.14"
    },
    {
      "translatable": "dialogs.rctmod.karen.trainer_lost.15"
    }
  ],
  "trainer_won": [
    {
      "translatable": "dialogs.rctmod.karen.trainer_won.0"
    },
    {
      "translatable": "dialogs.rctmod.karen.trainer_won.1"
    },
    {
      "translatable": "dialogs.rctmod.karen.trainer_won.2"
    },
    {
      "translatable": "dialogs.rctmod.karen.trainer_won.3"
    },
    {
      "translatable": "dialogs.rctmod.karen.trainer_won.4"
    }
  ],
  "unknown_reason": [
    {
      "translatable": "dialogs.rctmod.karen.unknown_reason"
    }
  ]
}