{
  "low_level_cap": [
    {
      "translatable": "dialogs.rctmod.galactic_supervisor.low_level_cap.0"
    },
    {
      "translatable": "dialogs.rctmod.galactic_supervisor.low_level_cap.1"
    }
  ],
  "missing_pokemon": [
    {
      "translatable": "dialogs.rctmod.galactic_supervisor.missing_pokemon.0"
    },
    {
      "translatable": "dialogs.rctmod.galactic_supervisor.missing_pokemon.1"
    }
  ],
  "missing_required_trainer": [],
  "missing_required_trainer_champ": [],
  "missing_required_trainer_e4": [],
  "missing_required_trainer_leader": [],
  "missing_required_trainer_light_of_ruin": [],
  "missing_required_trainer_rival": [],
  "missing_required_trainer_team_galactic": [],
  "missing_required_trainer_team_rocket": [],
  "missing_required_trainer_team_shadow": [],
  "wrong_series": [
    {
      "translatable": "dialogs.rctmod.galactic_supervisor.wrong_series.0"
    },
    {
      "translatable": "dialogs.rctmod.galactic_supervisor.wrong_series.1"
    }
  ],
  "on_battle_lost": [
    {
      "translatable": "dialogs.rctmod.galactic_supervisor.on_battle_lost.0"
    },
    {
      "translatable": "dialogs.rctmod.galactic_supervisor.on_battle_lost.1"
    }
  ],
  "on_battle_start": [
    {
      "translatable": "dialogs.rctmod.galactic_supervisor.on_battle_start.0"
    },
    {
      "translatable": "dialogs.rctmod.galactic_supervisor.on_battle_start.1"
    }
  ],
  "on_battle_won": [
    {
      "translatable": "dialogs.rctmod.galactic_supervisor.on_battle_won.0"
    },
    {
      "translatable": "dialogs.rctmod.galactic_supervisor.on_battle_won.1"
    }
  ],
  "on_cooldown": [
    {
      "translatable": "dialogs.rctmod.galactic_supervisor.on_cooldown.0"
    },
    {
      "translatable": "dialogs.rctmod.galactic_supervisor.on_cooldown.1"
    }
  ],
  "over_level_cap": [
    {
      "translatable": "dialogs.rctmod.galactic_supervisor.over_level_cap.0"
    },
    {
      "translatable": "dialogs.rctmod.galactic_supervisor.over_level_cap.1"
    }
  ],
  "player_busy": [
    {
      "translatable": "dialogs.rctmod.galactic_supervisor.player_busy.0"
    }
  ],
  "trainer_busy": [
    {
      "translatable": "dialogs.rctmod.galactic_supervisor.trainer_busy.0"
    }
  ],
  "trainer_lost": [
    {
      "translatable": "dialogs.rctmod.galactic_supervisor.trainer_lost.0"
    },
    {
      "translatable": "dialogs.rctmod.galactic_supervisor.trainer_lost.1"
    }
  ],
  "trainer_won": [
    {
      "translatable": "dialogs.rctmod.galactic_supervisor.trainer_won.0"
    },
    {
      "translatable": "dialogs.rctmod.galactic_supervisor.trainer_won.1"
    }
  ],
  "unknown_reason": [
    {
      "translatable": "dialogs.rctmod.galactic_supervisor.unknown_reason"
    }
  ]
}