{
  "low_level_cap": [
    {
      "translatable": "dialogs.rctmod.galactic_secretary.low_level_cap.0"
    }
  ],
  "missing_pokemon": [
    {
      "translatable": "dialogs.rctmod.galactic_secretary.missing_pokemon.0"
    }
  ],
  "missing_required_trainer": [],
  "missing_required_trainer_champ": [],
  "missing_required_trainer_e4": [],
  "missing_required_trainer_leader": [],
  "missing_required_trainer_light_of_ruin": [],
  "missing_required_trainer_rival": [],
  "missing_required_trainer_team_galactic": [],
  "missing_required_trainer_team_rocket": [],
  "missing_required_trainer_team_shadow": [],
  "wrong_series": [
    {
      "translatable": "dialogs.rctmod.galactic_secretary.wrong_series.0"
    }
  ],
  "on_battle_lost": [
    {
      "translatable": "dialogs.rctmod.galactic_secretary.on_battle_lost.0"
    }
  ],
  "on_battle_start": [
    {
      "translatable": "dialogs.rctmod.galactic_secretary.on_battle_start.0"
    }
  ],
  "on_battle_won": [
    {
      "translatable": "dialogs.rctmod.galactic_secretary.on_battle_won.0"
    }
  ],
  "on_cooldown": [
    {
      "translatable": "dialogs.rctmod.galactic_secretary.on_cooldown.0"
    }
  ],
  "over_level_cap": [
    {
      "translatable": "dialogs.rctmod.galactic_secretary.over_level_cap.0"
    }
  ],
  "player_busy": [
    {
      "translatable": "dialogs.rctmod.galactic_secretary.player_busy.0"
    }
  ],
  "trainer_busy": [
    {
      "translatable": "dialogs.rctmod.galactic_secretary.trainer_busy.0"
    }
  ],
  "trainer_lost": [
    {
      "translatable": "dialogs.rctmod.galactic_secretary.trainer_lost.0"
    }
  ],
  "trainer_won": [
    {
      "translatable": "dialogs.rctmod.galactic_secretary.trainer_won.0"
    }
  ],
  "unknown_reason": [
    {
      "translatable": "dialogs.rctmod.galactic_secretary.unknown_reason"
    }
  ]
}