{
	"format_version": "1.8.0",
	"animations": {
		"animation.baxcalibur.pose": {
			"loop": true,
			"bones": {
				"baxcalibur": {
					"position": [0, -3, 0]
				},
				"body": {
					"position": [0, -3.4, 0]
				},
				"jaw_upper": {
					"rotation": [-42.5, 0, 0]
				},
				"jaw_lower": {
					"rotation": [25, 0, 0]
				},
				"head": {
					"rotation": [-27.5, 0, 0]
				},
				"neck": {
					"rotation": [27.5, 0, 0]
				},
				"bone11": {
					"rotation": [45.9477, -7.30111, 23.97594],
					"position": [0, 0, 2.5]
				},
				"bone12": {
					"rotation": [-2.71993, -12.85202, 15.55741]
				},
				"torso": {
					"rotation": [27.14233, -4.59902, 8.88927],
					"position": [0, 2, 0]
				},
				"tail": {
					"rotation": [41.69995, -26.94622, 13.71217]
				},
				"tail2": {
					"rotation": [33.56663, -9.08661, 17.89244]
				},
				"tail3": {
					"rotation": [22.47096, -11.2531, 25.25766]
				},
				"tail4": {
					"rotation": [4.53359, -2.11089, 24.91643]
				},
				"tail5": {
					"rotation": [13.64973, -6.27967, 24.24769]
				},
				"back_spine": {
					"rotation": [-7.45698, 8.05271, -4.04584],
					"position": [1.25, 0, -1]
				},
				"leg_left": {
					"rotation": [-34.06142, -13.3158, -1.09165],
					"position": [0, -2, -4]
				},
				"calf_left": {
					"rotation": [20, 0, 0]
				},
				"foot_left": {
					"rotation": [-20.54486, 3.05125, 13.92544]
				},
				"bone18": {
					"rotation": [32.5, 0, 0]
				},
				"arm_left": {
					"rotation": [-21.63653, -50.57037, -4.84903]
				},
				"bone24": {
					"rotation": [0, 0, 25]
				},
				"bone25": {
					"rotation": [0, 22.5, 0]
				},
				"bone26": {
					"rotation": [0, 0, 30]
				},
				"bone27": {
					"rotation": [0, 0, 15]
				},
				"bone28": {
					"rotation": [0, 0, 12.5]
				},
				"bone29": {
					"rotation": [0, 0, 12.5]
				},
				"bone21": {
					"rotation": [2.5, 0, 0],
					"position": [0.25, 1.15, 0],
					"scale": [1, 0.4, 1]
				},
				"bone55": {
					"position": [-0.25, 1.1, -0.05],
					"scale": [1, 0.5, 1]
				},
				"bone56": {
					"position": [0, 0, 1.5]
				},
				"leg_right": {
					"rotation": [-14.63605, 25.45323, 7.18416],
					"position": [0, -1, 0]
				},
				"bone15": {
					"rotation": [12.5, 0, 0]
				},
				"calf_right": {
					"rotation": [25, 0, 0]
				},
				"foot_right": {
					"rotation": [-20.17274, -0.62013, -21.01276]
				},
				"arm_right": {
					"rotation": [-29.27219, 32.65788, -3.30197]
				},
				"bone39": {
					"rotation": [0, 0, -15]
				},
				"bone40": {
					"rotation": [0, -37.5, 0]
				},
				"bone41": {
					"rotation": [0, 0, -25]
				},
				"bone42": {
					"rotation": [0, 0, -22.5]
				},
				"bone43": {
					"rotation": [0, 0, -22.5]
				},
				"bone44": {
					"rotation": [0, 0, -22.5]
				},
				"bone13": {
					"rotation": [12.5, 0, 0]
				}
			}
		},
		"animation.baxcalibur.ground_idle": {
			"loop": true,
			"bones": {
				"body": {
					"position": [0, -7, 0]
				},
				"jaw_lower": {
					"rotation": ["10+math.sin(q.anim_time*90*1-120)*1.1", 0, 0]
				},
				"head": {
					"rotation": ["-0+math.sin(q.anim_time*90*1-90)*0.7", 0, 0]
				},
				"neck": {
					"rotation": ["-0+math.sin(q.anim_time*90*1-90)*0.7", 0, 0]
				},
				"bone11": {
					"rotation": ["5+math.sin(q.anim_time*90*1-90)*0.7", 0, 0]
				},
				"bone12": {
					"rotation": ["-0+math.sin(q.anim_time*90*1-90)*0.7", 0, 0]
				},
				"torso": {
					"rotation": ["10+math.sin(q.anim_time*90*1)*1.1", "-0+math.sin(q.anim_time*90*1-70)*0.9", 0],
					"position": [0, "0-math.sin(q.anim_time*90*1)*0.5", 0]
				},
				"tail": {
					"rotation": [42.5, "-0+math.sin(q.anim_time*90*1-135)*8", "0-math.sin(q.anim_time*90*1-135)*8"]
				},
				"tail2": {
					"rotation": [30, "-0+math.sin(q.anim_time*90*1-235)*18", "0-math.sin(q.anim_time*90*1-235)*18"]
				},
				"tail3": {
					"rotation": [15, "-0+math.sin(q.anim_time*90*1-299)*18", "0-math.sin(q.anim_time*90*1-299)*18"]
				},
				"tail4": {
					"rotation": [32.5, "-0+math.sin(q.anim_time*90*1-299)*18", "0-math.sin(q.anim_time*90*1-299)*18"]
				},
				"tail5": {
					"rotation": [-17.5, "-0+math.sin(q.anim_time*90*1-400)*18", "0-math.sin(q.anim_time*90*1-400)*22"]
				},
				"leg_left": {
					"rotation": ["-20.75-math.sin(q.anim_time*90*1)*2.1", -17.5, 0],
					"position": [0, "0-math.sin(q.anim_time*90*1)*0.5", 0]
				},
				"calf_left": {
					"rotation": ["20.5+math.sin(q.anim_time*90*1)*3", 0, 0]
				},
				"foot_left": {
					"rotation": ["-21.212696253-math.sin(q.anim_time*90*1)*0.8", 2.68507, 12.2127]
				},
				"bone18": {
					"rotation": ["17.5+math.sin(q.anim_time*90*1)*0.3", 0, 0]
				},
				"arm_left": {
					"rotation": [0, 0, "25+math.sin(q.anim_time*90*1-90)*2"]
				},
				"bone24": {
					"rotation": [0, 0, 10]
				},
				"bone25": {
					"rotation": [0, 47.5, 0]
				},
				"bone27": {
					"rotation": [0, -7.5, 17.5]
				},
				"bone28": {
					"rotation": [0, 0, 15]
				},
				"bone29": {
					"rotation": [0, 5, 17.5]
				},
				"leg_right": {
					"rotation": ["-22.6135962551-math.sin(q.anim_time*90*1)*2.1", 10.93522, -2.31596],
					"position": [0, "0-math.sin(q.anim_time*90*1)*0.5", 0]
				},
				"bone15": {
					"rotation": ["17.5+math.sin(q.anim_time*90*1)*0.3", 0, 0]
				},
				"calf_right": {
					"rotation": ["23.75+math.sin(q.anim_time*90*1)*3", 0, 0]
				},
				"foot_right": {
					"rotation": ["-23.3596711992-math.sin(q.anim_time*90*1)*0.8", -3.73171, -11.93845]
				},
				"arm_right": {
					"rotation": [0, 0, "-25-math.sin(q.anim_time*90*1-90)*2"]
				},
				"bone39": {
					"rotation": [0, 0, -7.5]
				},
				"bone40": {
					"rotation": [0, -47.5, 0]
				},
				"bone41": {
					"rotation": [0, 0, -12.5]
				},
				"bone42": {
					"rotation": [0, 7.5, -15]
				},
				"bone43": {
					"rotation": [0, 0, -15]
				},
				"bone44": {
					"rotation": [0, -7.5, -10]
				},
				"bone13": {
					"rotation": [12.5, 0, 0]
				}
			}
		},
		"animation.baxcalibur.battle_idle": {
			"loop": true,
			"bones": {
				"body": {
					"position": [0, -7, 0]
				},
				"jaw_lower": {
					"rotation": [10, 0, 0]
				},
				"head": {
					"rotation": ["-12.5+math.sin(q.anim_time*90*2-150)*1.1", 0, 0]
				},
				"neck": {
					"rotation": ["-0+math.sin(q.anim_time*90*2-110)*1.1", 0, 0]
				},
				"bone11": {
					"rotation": ["-5+math.sin(q.anim_time*90*2-90)*1.1", 0, 0]
				},
				"bone12": {
					"rotation": ["-0+math.sin(q.anim_time*90*2-60)*1.1", 0, 0]
				},
				"torso": {
					"rotation": ["25+math.sin(q.anim_time*90*2)*1.1", "-0+math.sin(q.anim_time*90*2-70)*0.9", 0],
					"position": [0, "0-math.sin(q.anim_time*90*2)*0.5", 0]
				},
				"tail": {
					"rotation": [42.5, "-0+math.sin(q.anim_time*90*2-135)*8", "0-math.sin(q.anim_time*90*2-135)*8"]
				},
				"tail2": {
					"rotation": [30, "-0+math.sin(q.anim_time*90*2-235)*18", "0-math.sin(q.anim_time*90*2-235)*18"]
				},
				"tail3": {
					"rotation": [15, "-0+math.sin(q.anim_time*90*2-299)*18", "0-math.sin(q.anim_time*90*2-299)*18"]
				},
				"tail4": {
					"rotation": [32.5, "-0+math.sin(q.anim_time*90*2-299)*18", "0-math.sin(q.anim_time*90*2-299)*18"]
				},
				"tail5": {
					"rotation": [-17.5, "-0+math.sin(q.anim_time*90*2-400)*18", "0-math.sin(q.anim_time*90*2-400)*22"]
				},
				"leg_left": {
					"rotation": ["-20.75-math.sin(q.anim_time*90*2)*2.1", -17.5, 0],
					"position": [0, "0-math.sin(q.anim_time*90*2)*0.5", -5]
				},
				"calf_left": {
					"rotation": ["23+math.sin(q.anim_time*90*2)*3", 0, 0]
				},
				"foot_left": {
					"rotation": ["-22.712696253-math.sin(q.anim_time*90*2)*0.8", 2.68507, 12.2127]
				},
				"bone18": {
					"rotation": ["17.5+math.sin(q.anim_time*90*2)*0.3", 0, 0]
				},
				"arm_left": {
					"rotation": [-34.93483, 6.51303, "15.6716467448+math.sin(q.anim_time*90*2-90)*0.7"]
				},
				"bone24": {
					"rotation": [0, 0, 10]
				},
				"bone25": {
					"rotation": [0, 47.5, 0]
				},
				"bone26": {
					"rotation": [0, 0, 15]
				},
				"bone27": {
					"rotation": [0, 0, 27.5]
				},
				"bone28": {
					"rotation": [0, 0, 20]
				},
				"bone29": {
					"rotation": [0, 0, 15]
				},
				"leg_right": {
					"rotation": ["-19.2303743855-math.sin(q.anim_time*90*2)*2.1", 30.36837, -2.23576],
					"position": [0, "0-math.sin(q.anim_time*90*2)*0.5", 0]
				},
				"bone15": {
					"rotation": ["17.5+math.sin(q.anim_time*90*2)*0.3", 0, 0]
				},
				"calf_right": {
					"rotation": ["24+math.sin(q.anim_time*90*2)*3", 0, 0]
				},
				"foot_right": {
					"rotation": ["-23.3596711992-math.sin(q.anim_time*90*2)*0.8", -3.73171, -11.93845]
				},
				"arm_right": {
					"rotation": [-37.17159, -10.51524, "-15.0652982187-math.sin(q.anim_time*90*2-90)*2"]
				},
				"bone39": {
					"rotation": [0, 0, -7.5]
				},
				"bone40": {
					"rotation": [0, -47.5, 0]
				},
				"bone41": {
					"rotation": [0, 0, -22.5]
				},
				"bone42": {
					"rotation": [0, 0, -17.5]
				},
				"bone43": {
					"rotation": [0, 0, -15]
				},
				"bone44": {
					"rotation": [0, 0, -15]
				},
				"bone13": {
					"rotation": [12.5, 0, 0],
					"position": [0, 0, 0]
				}
			}
		},
		"animation.baxcalibur.pose2": {
			"loop": true,
			"bones": {
				"body": {
					"rotation": [0, 17.5, 0],
					"position": [0, -7, 0]
				},
				"jaw_upper": {
					"rotation": [-5, 0, 0]
				},
				"jaw_lower": {
					"rotation": [10, 0, 0]
				},
				"head": {
					"rotation": [0, -45, 0]
				},
				"neck": {
					"rotation": [-3.61644, -19.6835, 10.62758]
				},
				"bone11": {
					"rotation": [-5.61409, -10.04447, 16.85409]
				},
				"bone12": {
					"rotation": [0, 10, 0],
					"position": [0, 0, 0.75]
				},
				"torso": {
					"rotation": [25, 0, 0]
				},
				"tail": {
					"rotation": [59.65473, 14.76689, -2.66399]
				},
				"tail2": {
					"rotation": [35.17393, 10.17781, -25.68482]
				},
				"tail3": {
					"rotation": [15, 0, 0]
				},
				"tail4": {
					"rotation": [-22.5, 0, 0]
				},
				"tail5": {
					"rotation": [-17.5, 0, 0]
				},
				"leg_left": {
					"rotation": [-17.53523, -45.16905, -14.49579]
				},
				"calf_left": {
					"rotation": [10.5, 0, 0]
				},
				"foot_left": {
					"rotation": [2.61813, 2.36365, 19.7131]
				},
				"bone18": {
					"rotation": [17.5, 0, 0]
				},
				"arm_left": {
					"rotation": [0, 52.5, 25]
				},
				"bone24": {
					"rotation": [0, 0, 10]
				},
				"bone25": {
					"rotation": [0, 62.5, 0]
				},
				"leg_right": {
					"rotation": [-22.6136, 10.93522, -2.31596]
				},
				"bone15": {
					"rotation": [17.5, 0, 0]
				},
				"calf_right": {
					"rotation": [24, 0, 0]
				},
				"foot_right": {
					"rotation": [-23.35967, -3.73171, -11.93845]
				},
				"arm_right": {
					"rotation": [0, -25, -5]
				},
				"bone39": {
					"rotation": [0, 0, -7.5]
				},
				"bone40": {
					"rotation": [0, -47.5, 0]
				},
				"bone41": {
					"rotation": [0, 0, -12.5]
				},
				"bone13": {
					"rotation": [12.5, 0, 0]
				}
			}
		},
		"animation.baxcalibur.ground_walk": {
			"loop": true,
			"animation_length": 4,
			"bones": {
				"body": {
					"position": [0, "-7.05+math.clamp(math.sin(q.anim_time*90*2)*10,0.1,2)+math.clamp(math.sin(q.anim_time*90*2+180)*10,0.1,2)", 0]
				},
				"head": {
					"rotation": ["-15-math.cos((q.anim_time)*90*8/2)*2", 0, 0]
				},
				"bone11": {
					"rotation": [0, 0, "0+math.cos((q.anim_time)*90*8/4)*2"]
				},
				"bone12": {
					"rotation": [0, "-0-math.cos((q.anim_time)*90*8/4-30)*10", "0+math.cos((q.anim_time)*90*8/4)*9"]
				},
				"torso": {
					"rotation": ["25+math.cos((q.anim_time)*90*8/2-90)*2", "math.cos((q.anim_time)*90*8/4)*15", "-math.cos((q.anim_time)*90*8/4)*5"],
					"position": ["-0-math.cos((q.anim_time)*90*8/4-50)*1", "0-math.cos((q.anim_time)*90*8/2)*0.8", 0]
				},
				"tail": {
					"rotation": [42.5, "-0+math.sin(q.anim_time*90*2-135)*8", "0-math.sin(q.anim_time*90*2-135)*8"]
				},
				"tail2": {
					"rotation": [30, "-0+math.sin(q.anim_time*90*2-235)*18", "0-math.sin(q.anim_time*90*2-235)*18"]
				},
				"tail3": {
					"rotation": [15, "-0+math.sin(q.anim_time*90*2-299)*18", "0-math.sin(q.anim_time*90*2-299)*18"]
				},
				"tail4": {
					"rotation": [32.5, "-0+math.sin(q.anim_time*90*2-299)*18", "0-math.sin(q.anim_time*90*2-299)*18"]
				},
				"tail5": {
					"rotation": [-17.5, "-0+math.sin(q.anim_time*90*2-400)*18", "0-math.sin(q.anim_time*90*2-400)*22"]
				},
				"leg_left": {
					"rotation": {
						"0.0": [-30, 0, 0],
						"1.0": {
							"pre": [30, 0, 0],
							"post": [30, 0, 0],
							"lerp_mode": "catmullrom"
						},
						"1.25": {
							"post": [10, 0, 0],
							"lerp_mode": "catmullrom"
						},
						"1.7917": {
							"post": [-30, 0, 0],
							"lerp_mode": "catmullrom"
						},
						"2.0": [-30, 0, 0],
						"3.0": {
							"pre": [30, 0, 0],
							"post": [30, 0, 0],
							"lerp_mode": "catmullrom"
						},
						"3.25": {
							"post": [10, 0, 0],
							"lerp_mode": "catmullrom"
						},
						"3.7917": {
							"post": [-30, 0, 0],
							"lerp_mode": "catmullrom"
						},
						"4.0": [-30, 0, 0]
					},
					"position": {
						"0.0": [0, 0, -5],
						"1.0": {
							"pre": [0, 0, -0.5],
							"post": [0, 0, -0.5],
							"lerp_mode": "catmullrom"
						},
						"1.25": {
							"post": [0, 1, -0.5],
							"lerp_mode": "catmullrom"
						},
						"1.7917": {
							"post": [0, 2, -3.5],
							"lerp_mode": "catmullrom"
						},
						"2.0": [0, 0, -5],
						"3.0": {
							"pre": [0, 0, -0.5],
							"post": [0, 0, -0.5],
							"lerp_mode": "catmullrom"
						},
						"3.25": {
							"post": [0, 1, -0.5],
							"lerp_mode": "catmullrom"
						},
						"3.7917": {
							"post": [0, 2, -3.5],
							"lerp_mode": "catmullrom"
						},
						"4.0": [0, 0, -5]
					}
				},
				"calf_left": {
					"rotation": {
						"0.0": [0, 0, 0],
						"0.5": {
							"pre": [3.75, 0, 0],
							"post": [3.75, 0, 0],
							"lerp_mode": "catmullrom"
						},
						"0.875": {
							"post": [-14.58, 0, 0],
							"lerp_mode": "catmullrom"
						},
						"1.0": {
							"post": [-17.5, 0, 0],
							"lerp_mode": "catmullrom"
						},
						"1.375": {
							"post": [25, 0, 0],
							"lerp_mode": "catmullrom"
						},
						"1.6667": {
							"post": [29.8973, 4.09405, -2.87277],
							"lerp_mode": "catmullrom"
						},
						"1.875": {
							"post": [-7.55135, 2.04702, -1.43639],
							"lerp_mode": "catmullrom"
						},
						"2.0": [0, 0, 0],
						"2.5": {
							"pre": [3.75, 0, 0],
							"post": [3.75, 0, 0],
							"lerp_mode": "catmullrom"
						},
						"2.875": {
							"post": [-14.58, 0, 0],
							"lerp_mode": "catmullrom"
						},
						"3.0": {
							"post": [-17.5, 0, 0],
							"lerp_mode": "catmullrom"
						},
						"3.375": {
							"post": [25, 0, 0],
							"lerp_mode": "catmullrom"
						},
						"3.6667": {
							"post": [29.8973, 4.09405, -2.87277],
							"lerp_mode": "catmullrom"
						},
						"3.875": {
							"post": [-7.55135, 2.04702, -1.43639],
							"lerp_mode": "catmullrom"
						},
						"4.0": [0, 0, 0]
					}
				},
				"foot_left": {
					"rotation": {
						"0.0": [-4.6658, 2.57594, 14.78217],
						"0.5": [-32.1658, 2.57594, 14.78217],
						"0.875": [-44.0408, 2.57594, 14.78217],
						"1.0": [-44.6658, 2.57594, 14.78217],
						"1.25": [-19.6658, 2.57594, 14.78217],
						"1.75": [-14.6658, 2.57594, 14.78217],
						"2.0": [-4.6658, 2.57594, 14.78217],
						"2.5": [-32.1658, 2.57594, 14.78217],
						"2.875": [-44.0408, 2.57594, 14.78217],
						"3.0": [-44.6658, 2.57594, 14.78217],
						"3.25": [-19.6658, 2.57594, 14.78217],
						"3.75": [-14.6658, 2.57594, 14.78217],
						"4.0": [-4.6658, 2.57594, 14.78217]
					},
					"position": {
						"0.0": [0, 0, 0],
						"1.0": [0, -0.5, 0],
						"1.25": [0, -0.5, 0],
						"1.75": [0, -0.5, 0],
						"2.0": [0, 0, 0],
						"3.0": [0, -0.5, 0],
						"3.25": [0, -0.5, 0],
						"3.75": [0, -0.5, 0],
						"4.0": [0, 0, 0]
					}
				},
				"bone18": {
					"rotation": {
						"0.0": [27.5, 0, 0],
						"1.0": [25, 0, 0],
						"1.5833": {
							"pre": [32.5, 0, 0],
							"post": [32.5, 0, 0],
							"lerp_mode": "catmullrom"
						},
						"2.0": [27.5, 0, 0],
						"3.0": [25, 0, 0],
						"3.5833": {
							"pre": [32.5, 0, 0],
							"post": [32.5, 0, 0],
							"lerp_mode": "catmullrom"
						},
						"4.0": [27.5, 0, 0]
					}
				},
				"arm_left": {
					"rotation": {
						"0.0": [0, "-0+math.cos((q.anim_time)*90*4-90)*3", 27.5],
						"2.0": {
							"pre": [0, "-0+math.cos((q.anim_time)*90*4-90)*3", 27.5],
							"post": [0, "-0+math.cos((q.anim_time)*90*4-90)*3", 27.5]
						},
						"4.0": {
							"pre": [0, "-0+math.cos((q.anim_time)*90*4-90)*3", 27.5],
							"post": [0, "-0+math.cos((q.anim_time)*90*4-90)*3", 27.5]
						}
					}
				},
				"bone25": {
					"rotation": [0, 42.5, 0]
				},
				"leg_right": {
					"rotation": {
						"0.0": [25, 0, 0],
						"0.25": {
							"pre": [15, 0, 0],
							"post": [15, 0, 0],
							"lerp_mode": "catmullrom"
						},
						"0.7917": {
							"post": [-35, 0, 0],
							"lerp_mode": "catmullrom"
						},
						"1.0": {
							"post": [-32.5, 0, 0],
							"lerp_mode": "catmullrom"
						},
						"2.0": [25, 0, 0],
						"2.25": {
							"pre": [15, 0, 0],
							"post": [15, 0, 0],
							"lerp_mode": "catmullrom"
						},
						"2.7917": {
							"post": [-35, 0, 0],
							"lerp_mode": "catmullrom"
						},
						"3.0": {
							"post": [-32.5, 0, 0],
							"lerp_mode": "catmullrom"
						},
						"4.0": [25, 0, 0]
					},
					"position": {
						"0.0": [0, 0, 1],
						"0.25": {
							"pre": [0, 1, 0],
							"post": [0, 1, 0],
							"lerp_mode": "catmullrom"
						},
						"0.7917": {
							"post": [0, 2, -5],
							"lerp_mode": "catmullrom"
						},
						"1.0": {
							"post": [0, 0, -6.25],
							"lerp_mode": "catmullrom"
						},
						"2.0": [0, 0, 1],
						"2.25": {
							"pre": [0, 1, 0],
							"post": [0, 1, 0],
							"lerp_mode": "catmullrom"
						},
						"2.7917": {
							"post": [0, 2, -5],
							"lerp_mode": "catmullrom"
						},
						"3.0": {
							"post": [0, 0, -6.25],
							"lerp_mode": "catmullrom"
						},
						"4.0": [0, 0, 1]
					}
				},
				"bone15": {
					"rotation": {
						"0.0": [18, 0, 0],
						"0.25": [23, 0, 0],
						"0.75": [15.5, 0, 0],
						"1.0": [23, 0, 0],
						"2.0": [18, 0, 0],
						"2.25": [23, 0, 0],
						"2.75": [15.5, 0, 0],
						"3.0": [23, 0, 0],
						"4.0": [18, 0, 0]
					}
				},
				"calf_right": {
					"rotation": {
						"0.0": [-0.5, 0, 0],
						"0.375": {
							"pre": [19.5, 0, 0],
							"post": [19.5, 0, 0],
							"lerp_mode": "catmullrom"
						},
						"0.6667": {
							"post": [27, 0, 0],
							"lerp_mode": "catmullrom"
						},
						"0.875": {
							"post": [-3.5, 0, 0],
							"lerp_mode": "catmullrom"
						},
						"1.0": {
							"post": [7, 0, 0],
							"lerp_mode": "catmullrom"
						},
						"1.5": {
							"post": [10.75, 0, 0],
							"lerp_mode": "catmullrom"
						},
						"2.0": [-0.5, 0, 0],
						"2.375": {
							"pre": [19.5, 0, 0],
							"post": [19.5, 0, 0],
							"lerp_mode": "catmullrom"
						},
						"2.6667": {
							"post": [27, 0, 0],
							"lerp_mode": "catmullrom"
						},
						"2.875": {
							"post": [-3.5, 0, 0],
							"lerp_mode": "catmullrom"
						},
						"3.0": {
							"post": [7, 0, 0],
							"lerp_mode": "catmullrom"
						},
						"3.5": {
							"post": [10.75, 0, 0],
							"lerp_mode": "catmullrom"
						},
						"4.0": [-0.5, 0, 0]
					}
				},
				"foot_right": {
					"rotation": {
						"0.0": [-47.85659, -7.99365, -12.73415],
						"0.375": {
							"pre": [-20.35659, -7.99365, -12.73415],
							"post": [-20.35659, -7.99365, -12.73415],
							"lerp_mode": "catmullrom"
						},
						"0.5833": [-2.98347, -7.99365, -12.73415],
						"0.75": [-10.35659, -7.99365, -12.73415],
						"0.875": [3.39341, -7.99365, -12.73415],
						"1.0": [-7.85659, -7.99365, -12.73415],
						"1.5": [-32.69433, -8.01777, -13.3522],
						"2.0": [-47.85659, -7.99365, -12.73415],
						"2.375": {
							"pre": [-20.35659, -7.99365, -12.73415],
							"post": [-20.35659, -7.99365, -12.73415],
							"lerp_mode": "catmullrom"
						},
						"2.5833": [-2.98347, -7.99365, -12.73415],
						"2.75": [-10.35659, -7.99365, -12.73415],
						"2.875": [3.39341, -7.99365, -12.73415],
						"3.0": [-7.85659, -7.99365, -12.73415],
						"3.5": [-32.69433, -8.01777, -13.3522],
						"4.0": [-47.85659, -7.99365, -12.73415]
					},
					"position": {
						"0.0": [0, -1, 0],
						"0.75": [0, 0, 0],
						"1.0": [0, 0, 0],
						"2.0": [0, -1, 0],
						"2.75": [0, 0, 0],
						"3.0": [0, 0, 0],
						"4.0": [0, -1, 0]
					}
				},
				"arm_right": {
					"rotation": [0, "-0-math.cos((q.anim_time)*90*4-90)*3", -25]
				},
				"bone40": {
					"rotation": [0, -35, 0]
				},
				"bone13": {
					"rotation": [12.5, 0, 0]
				}
			}
		},
		"animation.baxcalibur.walkspeed": {
			"loop": true,
			"bones": {
				"baxcalibur": {
					"position": [0, 0, "0-query.anim_time *90 *0.2"]
				}
			}
		}
	}
}