{
  "head": "head",
  "portraitScale": 2.7,
  "portraitTranslation": [ -0.1, 4.4, 0 ],
  "profileScale": 0.5,
  "profileTranslation": [ 0, 0.9, 0 ],
  "cry":  "q.bedrock(klefki, cry)",
  "faint": "q.bedrock(klefki, sleep)",
  "poses": {
    "battle-idle": {
      "poseName": "battle-idle",
      "transformTicks": 10,
      "poseTypes": ["STAND"],
      "isBattle": true,
      "animations": ["q.bedrock(klefki, battle_idle)"],
      "quirks": [
        {
          "name": "blink",
          "animations": ["q.bedrock(klefki, blink)"]
        }
      ]
    },
    "standing": {
      "poseName": "standing",
      "transformTicks": 10,
      "poseTypes": ["STAND", "NONE", "PORTRAIT", "PROFILE"],
      "isBattle": false,
      "animations": [
        "q.bedrock(klefki, ground_idle)"],
        "quirks": [
          {
            "name": "blink",
            "animations": ["q.bedrock(klefki, blink)"]
          }
        ]
    },
    "walking": {
      "poseName": "walking",
      "transformTicks": 10,
      "poseTypes": [ "WALK" ],
      "animations": [ 
        "q.bedrock(klefki, ground_walk)" ],
      "quirks": [
        {
          "name": "blink",
          "animations": ["q.bedrock(klefki, blink)"]
        }
      ]
    },
      "sleeping": {
        "poseName": "sleeping",
        "transformTicks": 10,
        "poseTypes": [
          "SLEEP"
        ],
        "animations": [
          "q.bedrock(klefki, sleep)"
        ]
     }
  }
}