{
  "portraitScale": 2.3,
  "portraitTranslation": [0.2, -1.6, 0],
  "profileScale": 0.8,
  "profileTranslation": [0, 0.3, 0],
  "animations": {
    "recoil": "q.bedrock_stateful('foongus', 'recoil')",
    "status": "q.bedrock_primary('foongus', 'status', q.curve('symmetrical_wide'))"
  },
  "poses": {
    "battle-standing": {
      "poseTypes": ["STAND", "WALK"],
      "isBattle": true,
      "animations": [
        "q.bedrock('foongus', 'battle_idle')"
      ],
      "quirks": [
        "q.bedrock_quirk('foongus', 'blink')"
      ]
    },
    "standing": {
      "poseTypes": ["STAND", "NONE", "PORTRAIT", "PROFILE"],
      "isBattle": false,
      "animations": [
        "q.bedrock('foongus', 'ground_idle')"
      ],
      "quirks": [
        "q.bedrock_quirk('foongus', 'blink')"
      ]
    },
    "walking": {
      "poseTypes": ["WALK"],
      "animations": [
        "q.bedrock('foongus', 'ground_walk')"
      ]
    },
    "float": {
      "poseTypes": ["FLOAT"],
      "animations": [
        "q.bedrock('foongus', 'ground_idle')"
      ]
    },
    "swim": {
      "poseTypes": ["SWIM"],
      "animations": [
        "q.bedrock('foongus', 'ground_walk')"
      ]
    },
    "sleep": {
      "poseTypes": ["SLEEP"],
      "animations": ["q.bedrock('foongus', 'sleep')"]
    },
   "leftshoulder": {
     "poseName": "left_shoulder",
     "transformTicks": 10,
     "poseTypes": [
       "SHOULDER_LEFT"
     ],
     "animations": [
       "q.bedrock(foongus, shoulder_left)"
     ],
     "quirks": [
       {
         "name": "blink",
         "animations": [
           "q.bedrock(foongus, blink)"
         ]
       }
     ]
   },
   "rightshoulder": {
     "poseName": "right_shoulder",
     "transformTicks": 10,
     "poseTypes": [
       "SHOULDER_RIGHT"
     ],
     "animations": [
       "q.bedrock(foongus, shoulder_right)"
     ],
     "quirks": [
       {
         "name": "blink",
         "animations": [
           "q.bedrock(foongus, blink)"
         ]
       }
     ]
   }
  }
}