{
  "pools": [
    {
      "rolls": {
        "max": 1,
        "min": 1
      },
      "entries": [
        {
          "type": "minecraft:item",
          "name": "minecraft:trial_key"
        }
      ]
    },
    {
      "rolls": {
        "max": 1,
        "min": 0
      },
      "entries": [
        {
          "type": "minecraft:loot_table",
          "value": "rctmod:generic/rare/pokeballs"
        },
        {
          "type": "minecraft:loot_table",
          "value": "rctmod:generic/team_rocket/potions"
        }
      ]
    }
  ],
  "random_sequence": "rctmod:trainers/groups/team_rocket_member"
}