{
  "pools": [
    {
      "rolls": {
        "min": 1,
        "max": 1
      },
      "entries": [
        {
          "type": "minecraft:item",
          "name": "minecraft:paper",
          "functions": [
            {
              "function": "minecraft:set_count",
              "count": {
                "min": 1,
                "max": 3
              }
            }
          ]
        },
        {
          "type": "minecraft:item",
          "name": "minecraft:ink_sac"
        },
        {
          "type": "minecraft:item",
          "name": "minecraft:glow_ink_sac"
        }
      ]
    },
    {
      "rolls": {
        "min": 0,
        "max": 1
      },
      "entries": [
        {
          "type": "minecraft:item",
          "name": "minecraft:flower_banner_pattern",
          "conditions": [
            {
              "condition": "rctmod:defeat_count",
              "comparator": "<",
              "count": 5
            }
          ]
        },
        {
          "type": "minecraft:item",
          "name": "minecraft:creeper_banner_pattern",
          "conditions": [
            {
              "condition": "rctmod:defeat_count",
              "comparator": "<",
              "count": 5
            }
          ]
        },
        {
          "type": "minecraft:item",
          "name": "minecraft:skull_banner_pattern",
          "conditions": [
            {
              "condition": "rctmod:defeat_count",
              "comparator": "<",
              "count": 5
            }
          ]
        },
        {
          "type": "minecraft:item",
          "name": "minecraft:mojang_banner_pattern",
          "conditions": [
            {
              "condition": "rctmod:defeat_count",
              "comparator": "<",
              "count": 5
            }
          ]
        },
        {
          "type": "minecraft:item",
          "name": "minecraft:piglin_banner_pattern",
          "conditions": [
            {
              "condition": "rctmod:defeat_count",
              "comparator": "<",
              "count": 5
            }
          ]
        },
        {
          "type": "minecraft:item",
          "name": "minecraft:globe_banner_pattern",
          "conditions": [
            {
              "condition": "rctmod:defeat_count",
              "comparator": "<",
              "count": 5
            }
          ]
        },
        {
          "type": "minecraft:item",
          "name": "minecraft:piglin_banner_pattern",
          "conditions": [
            {
              "condition": "rctmod:defeat_count",
              "comparator": "<",
              "count": 5
            }
          ]
        },
        {
          "type": "minecraft:item",
          "name": "minecraft:flow_banner_pattern",
          "conditions": [
            {
              "condition": "rctmod:defeat_count",
              "comparator": "<",
              "count": 5
            }
          ]
        },
        {
          "type": "minecraft:item",
          "name": "minecraft:guster_banner_pattern",
          "conditions": [
            {
              "condition": "rctmod:defeat_count",
              "comparator": "<",
              "count": 5
            }
          ]
        }
      ]
    }
  ],
  "random_sequence": "rctmod:trainers/groups/team_galactic_employee"
}