{
  "species": "cobblemon:dialga",
  "order": 3,
  "variations": [
    {
      "aspects": [
        "primal"
      ],
      "poser": "cobblemon:dialga_primal",
      "model": "cobblemon:dialga_primal.geo",
      "texture": "cobblemon:textures/pokemon/0483_dialga/dialga_primal.png",
      "layers": [
        {
          "name": "emissive",
          "emissive": true,
          "texture": "cobblemon:textures/pokemon/0483_dialga/dialga_primal_emissive.png",
          "translucent": false
        }
      ]
    },
    {
      "aspects": [
        "shiny",
        "primal"
      ],
      "texture": "cobblemon:textures/pokemon/0483_dialga/dialga_primal_shiny.png",
      "layers": [
        {
          "name": "emissive",
          "emissive": true,
          "texture": "cobblemon:textures/pokemon/0483_dialga/dialga_primal_emissive_shiny.png",
          "translucent": false
        }
      ]
    }
  ]
}