{
 "head": "head",
 "portraitScale": 1.5,
 "portraitTranslation": [ 0, -0.2, 0 ],
 "profileScale": 0.7,
 "profileTranslation": [ 0, 0.6, 0 ],
 "faint": "bedrock(swirlix, faint)",
 "poses": {
   "standing": {
     "poseName": "standing",
     "transformTicks": 10,
     "poseTypes": [
       "STAND",
       "NONE",
       "PORTRAIT",
       "PROFILE"
     ],
     "animations": [
       "look",
       "bedrock(swirlix, ground_idle)"
     ]
   },
   "walking": {
     "poseName": "walking",
     "transformTicks": 10,
     "poseTypes": [ "WALK" ],
     "animations": [ "bedrock(swirlix, ground_walk)" ]
   },
   "hover": {
     "poseTypes": ["HOVER"],
     "animations": [
       "q.look('head')",
       "q.bedrock('swirlix', 'air_idle')"
     ]
   },
   "fly": {
     "poseTypes": ["FLY"],
     "animations": [
       "q.look('head')",
       "q.bedrock('swirlix', 'air_fly')"
     ]
 }
}
}