{
  "type": "minecraft:chest",
  "pools": [
    {
      "rolls": { "min": 7, "max":11 },
      "entries": [
        { "type": "loot_table", "value": "bca:support_tables/weapons", "weight": 5 },
        { "type": "loot_table", "value": "bca:support_tables/tools",   "weight": 3 },
        { "type": "loot_table", "value": "bca:item_groups/evolution_stones",  "weight": 2 },
        { "type": "loot_table", "value": "bca:item_groups/gems",        "weight": 3 },
        { "type": "loot_table", "value": "bca:item_groups/nuggets",       "weight": 5 },
        { "type": "loot_table", "value": "bca:item_groups/minerals",  "weight": 10 },
        { "type": "item",       "name": "minecraft:air",                      "weight": 10 }
      ]
    }
  ]
}
