{
  "type": "minecraft:chest",
  "pools": [
    {
      "rolls": { "min": 7, "max":11 },
      "entries": [
        { "type": "loot_table", "value": "bca:support_tables/poke_balls",    "weight": 10 },
        { "type": "loot_table", "value": "bca:item_groups/candies",    "weight": 5 },
        { "type": "loot_table", "value": "bca:item_groups/held_items",    "weight": 5 },
        { "type": "loot_table", "value": "bca:item_groups/type_boosting_items",   "weight": 3 },
        { "type": "loot_table", "value": "bca:support_tables/evolution",   "weight": 1 },
        { "type": "item",       "name": "minecraft:air",                    "weight": 15 }
      ]
    }
  ]
}
