{
	"format_version": "1.12.0",
	"minecraft:geometry": [
		{
			"description": {
				"identifier": "geometry.boltund",
				"texture_width": 64,
				"texture_height": 64,
				"visible_bounds_width": 5,
				"visible_bounds_height": 3.5,
				"visible_bounds_offset": [0, 1.25, 0]
			},
			"bones": [
				{
					"name": "boltund",
					"pivot": [0, 0, 0]
				},
				{
					"name": "body",
					"parent": "boltund",
					"pivot": [0, 14, 0]
				},
				{
					"name": "torso",
					"parent": "body",
					"pivot": [0, 14, 5.5],
					"cubes": [
						{"origin": [-3, 11.25, -2], "size": [6, 5, 10], "uv": [0, 0]}
					]
				},
				{
					"name": "chest",
					"parent": "torso",
					"pivot": [0, 14, -1],
					"cubes": [
						{"origin": [-3.5, 10, -8], "size": [7, 7, 7], "uv": [0, 15]},
						{"origin": [0, 14.75, -9.5], "size": [0, 2, 2], "uv": [0, 17]}
					]
				},
				{
					"name": "leg_front_left",
					"parent": "chest",
					"pivot": [3.5, 13.5, -5],
					"cubes": [
						{"origin": [1.5, 9, -7], "size": [3, 6, 4], "uv": [20, 39]}
					]
				},
				{
					"name": "leg_front_left2",
					"parent": "leg_front_left",
					"pivot": [3, 9, -3.5],
					"cubes": [
						{"origin": [2, 1, -5.5], "size": [2, 8, 2], "uv": [34, 45]}
					]
				},
				{
					"name": "foot_front_left",
					"parent": "leg_front_left2",
					"pivot": [3, 1, -4.5],
					"cubes": [
						{"origin": [1.5, 0, -8], "size": [3, 2, 4], "uv": [44, 41]}
					]
				},
				{
					"name": "leg_front_right",
					"parent": "chest",
					"pivot": [-3.5, 13.5, -5],
					"cubes": [
						{"origin": [-4.5, 9, -7], "size": [3, 6, 4], "uv": [34, 35]}
					]
				},
				{
					"name": "leg_front_right2",
					"parent": "leg_front_right",
					"pivot": [-3, 9, -3.5],
					"cubes": [
						{"origin": [-4, 1, -5.5], "size": [2, 8, 2], "uv": [0, 0]}
					]
				},
				{
					"name": "foot_front_right",
					"parent": "leg_front_right2",
					"pivot": [-3, 1, -4.5],
					"cubes": [
						{"origin": [-4.5, 0, -8], "size": [3, 2, 4], "uv": [40, 21]}
					]
				},
				{
					"name": "neck",
					"parent": "chest",
					"pivot": [0, 17, -5],
					"cubes": [
						{"origin": [-2.5, 16, -7.5], "size": [5, 5, 5], "uv": [22, 0]},
						{"origin": [0, 18, -2.5], "size": [0, 4, 2], "uv": [30, 37]}
					]
				},
				{
					"name": "head",
					"parent": "neck",
					"pivot": [0, 20, -5],
					"cubes": [
						{"origin": [-3, 19.5, -9.5], "size": [6, 6, 8], "uv": [20, 21]},
						{"origin": [-1.5, 21, -12.25], "size": [3, 2, 3], "uv": [45, 6]}
					]
				},
				{
					"name": "eye_right",
					"parent": "head",
					"pivot": [-3, 0, -5.25],
					"cubes": [
						{"origin": [-3.01, 22, -9.51], "size": [1, 2, 2], "uv": [37, 0]}
					]
				},
				{
					"name": "eyelid_right",
					"parent": "eye_right",
					"pivot": [-2.42, 23, -8.92],
					"cubes": [
						{"origin": [-2.92, 22, -9.42], "size": [1, 2, 2], "inflate": 0.01, "uv": [0, 15]}
					]
				},
				{
					"name": "eye_left",
					"parent": "head",
					"pivot": [3, 0, -5.25],
					"cubes": [
						{"origin": [2.01, 22, -9.51], "size": [1, 2, 2], "uv": [48, 27]}
					]
				},
				{
					"name": "eyelid_left",
					"parent": "eye_left",
					"pivot": [3, 0, -5.25],
					"cubes": [
						{"origin": [1.92, 22, -9.42], "size": [1, 2, 2], "inflate": 0.01, "uv": [32, 10]}
					]
				},
				{
					"name": "jaw",
					"parent": "head",
					"pivot": [0, 21, -9.5],
					"cubes": [
						{"origin": [-1.5, 20, -12.25], "size": [3, 1, 3], "inflate": -0.01, "uv": [42, 47]},
						{"origin": [1.48, 20.25, -12], "size": [0, 1, 1], "pivot": [1.5, 20.75, -11.5], "rotation": [-45, 0, 0], "uv": [6, 0]},
						{"origin": [-1.48, 20.25, -12], "size": [0, 1, 1], "pivot": [-1.5, 20.75, -11.5], "rotation": [-45, 0, 0], "uv": [0, 0]}
					]
				},
				{
					"name": "ear_left",
					"parent": "head",
					"pivot": [3.01, 23.5, -4],
					"cubes": [
						{"origin": [3.01, 21, -5], "size": [0, 5, 7], "uv": [0, 22]}
					]
				},
				{
					"name": "ear_right",
					"parent": "head",
					"pivot": [-3.01, 24, -4],
					"cubes": [
						{"origin": [-3.01, 21, -5], "size": [0, 5, 7], "uv": [21, 8]}
					]
				},
				{
					"name": "tail",
					"parent": "torso",
					"pivot": [0, 15.75, 10],
					"cubes": [
						{"origin": [0, 15.75, 3], "size": [0, 3, 7], "uv": [0, 35]}
					]
				},
				{
					"name": "tail2",
					"parent": "tail",
					"pivot": [0, 16.75, 9],
					"cubes": [
						{"origin": [-0.01, 15.75, 9], "size": [0, 4, 7], "uv": [24, 28]}
					]
				},
				{
					"name": "tail3",
					"parent": "tail2",
					"pivot": [0, 15.75, 16],
					"cubes": [
						{"origin": [0, 15.75, 16], "size": [0, 1, 5], "uv": [21, 15]}
					]
				},
				{
					"name": "tail4",
					"parent": "tail3",
					"pivot": [0, 15.75, 21],
					"cubes": [
						{"origin": [-0.01, 15.75, 21], "size": [0, 1, 4], "uv": [0, 36]}
					]
				},
				{
					"name": "body_fur_left",
					"parent": "torso",
					"pivot": [3, 13.25, 8],
					"cubes": [
						{"origin": [3, 13.25, 8], "size": [0, 3, 5], "uv": [0, 32]}
					]
				},
				{
					"name": "body_fur_right",
					"parent": "torso",
					"pivot": [-3, 13.25, 8],
					"cubes": [
						{"origin": [-3, 13.25, 8], "size": [0, 3, 5], "uv": [0, 29]}
					]
				},
				{
					"name": "leg_back_left",
					"parent": "body",
					"pivot": [3, 13.5, 6.5],
					"cubes": [
						{"origin": [1, 8, 4.5], "size": [3, 7, 4], "uv": [35, 10]}
					]
				},
				{
					"name": "leg_back_left2",
					"parent": "leg_back_left",
					"pivot": [2.5, 8, 8.5],
					"cubes": [
						{"origin": [1.5, 1, 7], "size": [2, 8, 2], "uv": [0, 45]}
					]
				},
				{
					"name": "foot_back_left",
					"parent": "leg_back_left2",
					"pivot": [2.5, 1, 8],
					"cubes": [
						{"origin": [1, 0, 4.5], "size": [3, 2, 4], "uv": [44, 31]}
					]
				},
				{
					"name": "leg_back_right",
					"parent": "body",
					"pivot": [-3, 13.5, 6.5],
					"cubes": [
						{"origin": [-4, 8, 4.5], "size": [3, 7, 4], "uv": [10, 31]}
					]
				},
				{
					"name": "leg_back_right2",
					"parent": "leg_back_right",
					"pivot": [-2.5, 8, 8.5],
					"cubes": [
						{"origin": [-3.5, 1, 7], "size": [2, 8, 2], "uv": [12, 43]}
					]
				},
				{
					"name": "foot_back_right",
					"parent": "leg_back_right2",
					"pivot": [-2.5, 1, 8],
					"cubes": [
						{"origin": [-4, 0, 4.5], "size": [3, 2, 4], "uv": [42, 0]}
					]
				}
			]
		}
	]
}