{
  "head": "head",
  "portraitScale": 1.9,
  "portraitTranslation": [-0.1, 1.0, 0],
  "profileScale": 0.8,
  "profileTranslation": [0, 1.1, 0],
  "faint": "q.bedrock(fluttermane, sleep)",
  "poses": {
    "standing": {
      "poseName": "standing",
      "transformTicks": 10,
      "poseTypes": ["STAND", "NONE", "PORTRAIT", "PROFILE"],
      "animations": ["q.bedrock(fluttermane, air_idle)"],
      "quirks": [
        {
          "name": "blink",
          "animations": ["q.bedrock(fluttermane, blink)"]
        },
        {
          "name": "laugh",
          "animations": ["q.bedrock(fluttermane, laugh)"]
        }
      ]
    },
    "walking": {
      "poseName": "walking",
      "transformTicks": 10,
      "poseTypes": ["WALK"],
      "animations": ["q.bedrock(fluttermane, air_fly)"],
      "quirks": [
        {
          "name": "blink",
          "animations": ["q.bedrock(fluttermane, blink)"]
        }
      ]
    },
    "flying": {
      "poseName": "flying",
      "transformTicks": 10,
      "poseTypes": ["FLY"],
      "animations": ["q.bedrock(fluttermane, air_fly)"],
      "quirks": [
        {
          "name": "blink",
          "animations": ["q.bedrock(fluttermane, blink)"]
        }
      ]
    },
    "hovering": {
      "poseName": "hovering",
      "transformTicks": 10,
      "poseTypes": ["HOVER"],
      "animations": ["q.bedrock(fluttermane, air_idle)"],
      "quirks": [
        {
          "name": "blink",
          "animations": ["q.bedrock(fluttermane, blink)"]
        }
      ]
    },
    "sleep": {
      "poseName": "sleep",
      "poseTypes": ["SLEEP"],
      "animations": ["q.bedrock(fluttermane, sleep)"]
    }
  }
}
