{
  "species": "cobblemon:necrozma",
  "order": 3,
  "variations": [
    {
      "aspects": [ "dawn-fusion" ],
      "poser": "cobblemon:necrozma_dawnwings",
      "model": "cobblemon:necrozma_dawnwings.geo",
      "texture": "cobblemon:textures/pokemon/necrozma/necrozma_dawnwings.png",
      "layers": [
        {
          "name": "glow",
          "emissive": true,
          "texture": "cobblemon:textures/pokemon/necrozma/necrozma_dawnwings_emissive.png",
          "translucent": false
        },
        {
          "name": "translucent",
          "emissive": false,
          "texture": "cobblemon:textures/pokemon/necrozma/necrozma_dawnwings_translucent.png",
          "translucent": true
        }
      ] 
    },
    {
      "aspects": [ "shiny" , "dawn-fusion" ],
      "texture": "cobblemon:textures/pokemon/necrozma/necrozma_dawnwings_shiny.png",
      "layers": [
        {
          "name": "glow",
          "emissive": true,
          "texture": "cobblemon:textures/pokemon/necrozma/necrozma_dawnwings_shiny_emissive.png",
          "translucent": false
        },
        {
          "name": "translucent",
          "emissive": false,
          "texture": "cobblemon:textures/pokemon/necrozma/necrozma_dawnwings_shiny_translucent.png",
          "translucent": true
        }
      ]
    }
  ]
}