{
  "species": "cobblemon:mewtwo",
  "order": 2,
  "variations": [
    {
      "aspects": ["mega_x"],
      "model": "cobblemon:mewtwo_mega_x.geo",
      "poser": "cobblemon:mewtwo_mega_x",
      "texture": "cobblemon:textures/pokemon/0150_mewtwo/mewtwo_mega_x.png",
      "layers": []
    },
    {
      "aspects": ["mega_x", "shiny"],
      "model": "cobblemon:mewtwo_mega_x.geo",
      "poser": "cobblemon:mewtwo_mega_x",
      "texture": "cobblemon:textures/pokemon/0150_mewtwo/mewtwo_mega_x_shiny.png",
      "layers": []
    },
    {
      "aspects": ["mega_x", "shadow"],
      "model": "cobblemon:mewtwo_mega_x.geo",
      "poser": "cobblemon:mewtwo_mega_x",
      "texture": "cobblemon:textures/pokemon/0150_mewtwo/mewtwo_shadow_mega_x.png",
      "layers": [
		    {
		      "name": "emissive",
		      "emissive": true,
		      "texture": "cobblemon:textures/pokemon/0150_mewtwo/mewtwo_shadow_mega_x_emissive.png"
		    }
	    ]
    },
    {
      "aspects": ["mega_x", "shadow", "shiny"],
      "model": "cobblemon:mewtwo_mega_x.geo",
      "poser": "cobblemon:mewtwo_mega_x",
      "texture": "cobblemon:textures/pokemon/0150_mewtwo/mewtwo_shadow_mega_x_shiny.png",
      "layers": [
		    {
		      "name": "emissive",
		      "emissive": true,
		      "texture": "cobblemon:textures/pokemon/0150_mewtwo/mewtwo_shadow_mega_x_emissive.png"
		    }
	    ]
    }  
  ]
}