{
  "species": "cobblemon:mewtwo",
  "order": 1,
  "variations": [
    {
      "aspects": ["shadows"],
      "texture": "cobblemon:textures/pokemon/0150_mewtwo/mewtwo_shadow.png",
      "layers": [
		    {
		      "name": "emissive",
		      "emissive": true,
		      "texture": "cobblemon:textures/pokemon/0150_mewtwo/mewtwo_shadow_emissive.png"
		    }
	    ]
    },
    {
      "aspects": ["shadows", "shiny"],
      "texture": "cobblemon:textures/pokemon/0150_mewtwo/mewtwo_shadow_shiny.png",
      "layers": [
		    {
		      "name": "emissive",
		      "emissive": true,
		      "texture": "cobblemon:textures/pokemon/0150_mewtwo/mewtwo_shadow_emissive.png"
		    }
	    ]
    } 
  ]
}