{
  "name": {
    "literal": "Fede_Mercy"
  },
  "ai": {
    "type": "rct",
    "data": {
      "moveBias": 1,
      "switchBias": 0.5,
      "statMoveBias": 1,
      "itemBias": 0.8,
      "maxSelectMargin": 0.15
    }
  },
  "battleRules": {},
  "team": [
    {
      "moveset": [
        "ingrain",
        "destinybond",
        "woodhammer",
        "forestscurse"
      ],
      "ivs": {
        "spe": 30,
        "spd": 30,
        "spa": 30,
        "def": 30,
        "atk": 30,
        "hp": 30
      },
      "heldItem": [
        "miracle_seed"
      ],
      "species": "trevenant",
      "gender": "MALE",
      "level": 60,
      "nature": "gentle",
      "ability": "naturalcure",
      "shiny": "true"
    }
  ],
  "battleFormat": "GEN_9_SINGLES"
}