{
  "name": {
    "literal": "Giulio1232"
  },
  "ai": {
    "type": "rct",
    "data": {
      "moveBias": 1,
      "switchBias": 0.5,
      "statMoveBias": 1,
      "itemBias": 0.8,
      "maxSelectMargin": 0.15
    }
  },
  "battleRules": {},
  "team": [
    {
      "moveset": [
        "forcepalm",
        "aurasphere",
        "metalclaw",
        "calmmind"
      ],
      "ivs": {
        "spe": 12,
        "spd": 12,
        "spa": 12,
        "def": 12,
        "atk": 12,
        "hp": 12
      },
      "species": "lucario",
      "gender": "MALE",
      "level": 31,
      "nature": "calm",
      "ability": "steadfast"
    },
    {
      "moveset": [
        "waterpulse",
        "shadowsneak",
        "nightslash",
        "feintattack"
      ],
      "ivs": {
        "spe": 12,
        "spd": 12,
        "spa": 12,
        "def": 12,
        "atk": 12,
        "hp": 12
      },
      "species": "greninja",
      "gender": "MALE",
      "level": 36,
      "nature": "naughty",
      "ability": "torrent"
    },
    {
      "moveset": [
        "crunch",
        "bite",
        "icefang",
        "watergun"
      ],
      "ivs": {
        "spe": 12,
        "spd": 12,
        "spa": 12,
        "def": 12,
        "atk": 12,
        "hp": 12
      },
      "species": "feraligatr",
      "gender": "MALE",
      "level": 36,
      "nature": "naughty",
      "ability": "torrent"
    }
  ],
  "battleFormat": "GEN_9_SINGLES"
}