{
  "name": {
    "literal": "Lami_Andre"
  },
  "ai": {
    "type": "rct",
    "data": {
      "moveBias": 1,
      "switchBias": 0.5,
      "statMoveBias": 1,
      "itemBias": 0.8,
      "maxSelectMargin": 0.15
    }
  },
  "battleRules": {},
  "team": [
    {
      "moveset": [
        "spark",
        "thundershock",
        "charge",
        "rollout"
      ],
      "ivs": {
        "spe": 15,
        "spd": 15,
        "spa": 15,
        "def": 15,
        "atk": 15,
        "hp": 15
      },
      "heldItem": [
        "magnet"
      ],
      "species": "togedemaru",
      "gender": "FEMALE",
      "level": 25,
      "nature": "hasty",
      "ability": "lightningrod"
    },
    {
      "moveset": [
        "pound",
        "watergun",
        "tackle",
        "watersport"
      ],
      "ivs": {
        "spe": 15,
        "spd": 15,
        "spa": 15,
        "def": 15,
        "atk": 15,
        "hp": 15
      },
      "species": "oshawott",
      "gender": "MALE",
      "level": 15,
      "nature": "quirky",
      "ability": "torrent"
    },
    {
      "moveset": [
        "aurasphere",
        "forcepalm",
        "metalclaw",
        "feint"
      ],
      "ivs": {
        "spe": 15,
        "spd": 15,
        "spa": 15,
        "def": 15,
        "atk": 15,
        "hp": 15
      },
      "species": "lucario",
      "gender": "MALE",
      "level": 35,
      "nature": "jolly",
      "ability": "innerfocus"
    }
  ],
  "battleFormat": "GEN_9_SINGLES"
}