{
  "name": {
    "literal": "Fabbo67"
  },
  "ai": {
    "type": "rct",
    "data": {
      "moveBias": 1,
      "switchBias": 0.5,
      "statMoveBias": 1,
      "itemBias": 0.8,
      "maxSelectMargin": 0.15
    }
  },
  "battleRules": {},
  "team": [
    {
      "moveset": [
        "ember",
        "flamewheel",
        "bite",
        "firefang"
      ],
      "ivs": {
        "spe": 12,
        "spd": 12,
        "spa": 12,
        "def": 12,
        "atk": 12,
        "hp": 12
      },
      "species": "growlithe",
      "gender": "FEMALE",
      "level": 27,
      "nature": "mild",
      "ability": "flashfire"
    },
    {
      "moveset": [
        "rocktomb",
        "bite",
        "accelerock",
        "suckerpunch"
      ],
      "ivs": {
        "spe": 11,
        "spd": 11,
        "spa": 11,
        "def": 11,
        "atk": 11,
        "hp": 11
      },
      "species": "lycanroc",
      "gender": "MALE",
      "level": 25,
      "nature": "quiet",
      "ability": "sandrush"
    },
    {
      "moveset": [
        "spark",
        "bite",
        "nuzzle",
        "roar"
      ],
      "ivs": {
        "spe": 13,
        "spd": 13,
        "spa": 13,
        "def": 13,
        "atk": 13,
        "hp": 13
      },
      "species": "yamper",
      "gender": "MALE",
      "level": 24,
      "nature": "quirky",
      "ability": "ballfetch"
    }
  ],
  "battleFormat": "GEN_9_SINGLES"
}