{
  "name": {
    "literal": "DummyH77"
  },
  "ai": {
    "type": "rct",
    "data": {
      "moveBias": 1,
      "switchBias": 0.5,
      "statMoveBias": 1,
      "itemBias": 0.8,
      "maxSelectMargin": 0.15
    }
  },
  "battleRules": {},
  "team": [
    {
      "moveset": [
        "sweetkiss",
        "bodyslam",
        "rest",
        "disarmingvoice"
      ],
      "ivs": {
        "spe": 7,
        "spd": 7,
        "spa": 7,
        "def": 7,
        "atk": 7,
        "hp": 7
      },
      "species": "wigglytuff",
      "gender": "FEMALE",
      "level": 24,
      "nature": "jolly",
      "ability": "cutecharm"
    },
    {
      "moveset": [
        "aquatail",
        "watergun",
        "bubblebeam",
        "playrough"
      ],
      "ivs": {
        "spe": 7,
        "spd": 7,
        "spa": 7,
        "def": 7,
        "atk": 7,
        "hp": 7
      },
      "species": "azumarill",
      "gender": "FEMALE",
      "level": 28,
      "nature": "lonely",
      "ability": "hugepower"
    }
  ],
  "battleFormat": "GEN_9_SINGLES"
}