{
  "name": {
    "literal": "Lyris"
  },
  "ai": {
    "type": "rct",
    "data": {
      "moveBias": 1,
      "switchBias": 0.5,
      "statMoveBias": 1,
      "itemBias": 0.8,
      "maxSelectMargin": 0.15
    }
  },
  "battleRules": {
    "maxItemUses": 5
  },
  "bag": [
    {
      "item": "cobblemon:full_restore",
      "quantity": 5
    }
  ],
  "team": [
    {
      "moveset": [
        "hurricane",
        "boomburst",
        "focusblast",
        "dragonpulse"
      ],
      "ivs": {
        "spe": 31,
        "spd": 31,
        "spa": 31,
        "def": 31,
        "atk": 31,
        "hp": 31
      },
      "evs": {
        "spe": 252,
        "spa": 252,
        "def": 4
      },
      "heldItem": [
        "focus_sash"
      ],
      "species": "noivern",
      "gender": "FEMALE",
      "level": 72,
      "nature": "timid",
      "ability": "infiltrator"
    },
    {
      "moveset": [
        "dragondance",
        "return",
        "earthquake",
        "roost"
      ],
      "ivs": {
        "spe": 31,
        "spd": 31,
        "spa": 31,
        "def": 31,
        "atk": 31,
        "hp": 31
      },
      "evs": {
        "spe": 252,
        "def": 4,
        "atk": 252
      },
      "heldItem": [
        "life_orb"
      ],
      "species": "altaria",
      "gender": "FEMALE",
      "level": 73,
      "nature": "jolly",
      "ability": "naturalcure"
    },
    {
      "moveset": [
        "dragonclaw",
        "headsmash",
        "highhorsepower",
        "ironhead"
      ],
      "ivs": {
        "spe": 31,
        "spd": 31,
        "spa": 31,
        "def": 31,
        "atk": 31,
        "hp": 31
      },
      "evs": {
        "spe": 252,
        "atk": 252,
        "hp": 6
      },
      "heldItem": [
        "leftovers"
      ],
      "species": "tyrantrum",
      "gender": "MALE",
      "level": 74,
      "nature": "jolly",
      "ability": "rockhead"
    },
    {
      "moveset": [
        "dragonhammer",
        "firepunch",
        "powerwhip",
        "irontail"
      ],
      "ivs": {
        "spe": 31,
        "spd": 31,
        "spa": 31,
        "def": 31,
        "atk": 31,
        "hp": 31
      },
      "evs": {
        "spd": 4,
        "atk": 252,
        "hp": 252
      },
      "heldItem": [
        "assault_vest"
      ],
      "species": "goodra",
      "gender": "FEMALE",
      "level": 73,
      "nature": "adamant",
      "ability": "sapsipper"
    },
    {
      "moveset": [
        "doubleedge",
        "dragonclaw",
        "earthquake",
        "fireblast"
      ],
      "ivs": {
        "spe": 31,
        "spd": 31,
        "spa": 31,
        "def": 31,
        "atk": 31,
        "hp": 31
      },
      "evs": {
        "spe": 252,
        "spa": 4,
        "atk": 252
      },
      "heldItem": [
        "mega_showdown:salamencite"
      ],
      "species": "salamence",
      "gender": "MALE",
      "level": 75,
      "nature": "naive",
      "ability": "intimidate"
    }
  ],
  "battleFormat": "GEN_9_SINGLES"
}