{
  "name": {
    "literal": "Drake"
  },
  "ai": {
    "type": "rct",
    "data": {
      "moveBias": 1,
      "switchBias": 0.5,
      "statMoveBias": 1,
      "itemBias": 0.8,
      "maxSelectMargin": 0.15
    }
  },
  "battleRules": {
    "maxItemUses": 5
  },
  "bag": [
    {
      "item": "cobblemon:full_restore",
      "quantity": 5
    }
  ],
  "team": [
    {
      "moveset": [
        "dragonclaw",
        "fly",
        "rockslide",
        "gigadrain"
      ],
      "ivs": {
        "spe": 31,
        "spd": 31,
        "spa": 31,
        "def": 31,
        "atk": 31,
        "hp": 31
      },
      "evs": {
        "def": 252,
        "atk": 252,
        "hp": 6
      },
      "heldItem": [
        "leftovers"
      ],
      "species": "flygon",
      "gender": "MALE",
      "level": 91,
      "nature": "gentle",
      "ability": "levitate"
    },
    {
      "moveset": [
        "sludgebomb",
        "dragonpulse",
        "surf",
        "shadowball"
      ],
      "ivs": {
        "spe": 31,
        "spd": 31,
        "spa": 31,
        "def": 31,
        "atk": 31,
        "hp": 31
      },
      "evs": {
        "spe": 252,
        "spa": 252,
        "def": 6
      },
      "heldItem": [
        "focus_sash"
      ],
      "species": "dragalge",
      "gender": "MALE",
      "level": 91,
      "nature": "relaxed",
      "ability": "poisonpoint"
    },
    {
      "moveset": [
        "raindance",
        "sludgewave",
        "dragonclaw",
        "surf"
      ],
      "ivs": {
        "spe": 31,
        "spd": 31,
        "spa": 31,
        "def": 31,
        "atk": 31,
        "hp": 31
      },
      "evs": {
        "spe": 252,
        "spa": 6,
        "def": 252
      },
      "heldItem": [
        "life_orb"
      ],
      "species": "goodra",
      "gender": "FEMALE",
      "level": 91,
      "nature": "adamant",
      "ability": "hydration"
    },
    {
      "moveset": [
        "steelwing",
        "hypervoice",
        "protect",
        "bulldoze"
      ],
      "ivs": {
        "spe": 31,
        "spd": 31,
        "spa": 31,
        "def": 31,
        "atk": 31,
        "hp": 31
      },
      "evs": {
        "spd": 6,
        "spa": 252,
        "atk": 252
      },
      "heldItem": [
        "focus_sash"
      ],
      "species": "drampa",
      "gender": "MALE",
      "level": 91,
      "nature": "jolly",
      "ability": "berserk"
    },
    {
      "moveset": [
        "dragonclaw",
        "earthquake",
        "ironhead",
        "return"
      ],
      "ivs": {
        "spe": 31,
        "spd": 31,
        "spa": 31,
        "def": 31,
        "atk": 31,
        "hp": 31
      },
      "evs": {
        "spe": 252,
        "atk": 252,
        "hp": 6
      },
      "heldItem": [
        "mega_showdown:salamencite"
      ],
      "gimmicks": {
        "mega": true
      },
      "species": "salamence",
      "gender": "MALE",
      "level": 91,
      "nature": "adamant",
      "ability": "aerilate"
    },
    {
      "moveset": [
        "dragonpulse",
        "flashcannon",
        "uturn",
        "rocktomb"
      ],
      "ivs": {
        "spe": 31,
        "spd": 31,
        "spa": 31,
        "def": 31,
        "atk": 31,
        "hp": 31
      },
      "evs": {
        "spe": 252,
        "def": 6,
        "atk": 252
      },
      "heldItem": [
        "leftovers"
      ],
      "species": "hydreigon",
      "gender": "MALE",
      "level": 91,
      "nature": "jolly",
      "ability": "levitate"
    }
  ],
  "battleFormat": "GEN_9_SINGLES"
}