{
  "name": {
    "literal": "Walter"
  },
  "ai": {
    "type": "rct",
    "data": {
      "moveBias": 1,
      "switchBias": 0.5,
      "statMoveBias": 1,
      "itemBias": 0.8,
      "maxSelectMargin": 0.15
    }
  },
  "battleRules": {
    "maxItemUses": 2
  },
  "bag": [
    {
      "item": "cobblemon:full_restore",
      "quantity": 2
    }
  ],
  "team": [
    {
      "moveset": [
        "thunderpunch",
        "trailblaze",
        "gyroball",
        "poisonjab"
      ],
      "ivs": {
        "spe": 31,
        "spd": 31,
        "spa": 31,
        "def": 31,
        "atk": 31,
        "hp": 31
      },
      "evs": {
        "spe": 6,
        "spd": 252,
        "def": 252
      },
      "heldItem": [
        "focus_sash"
      ],
      "species": "toxtricity",
      "gender": "MALE",
      "level": 34,
      "nature": "modest",
      "ability": "technician"
    },
    {
      "moveset": [
        "spark",
        "trailblaze",
        "highhorsepower",
        "smartstrike"
      ],
      "ivs": {
        "spe": 31,
        "spd": 31,
        "spa": 31,
        "def": 31,
        "atk": 31,
        "hp": 31
      },
      "evs": {
        "spd": 252,
        "def": 6,
        "hp": 252
      },
      "heldItem": [
        "air_balloon"
      ],
      "species": "zebstrika",
      "gender": "MALE",
      "level": 36,
      "nature": "hardy",
      "ability": "sapsipper"
    },
    {
      "moveset": [
        "shockwave",
        "thunderbolt",
        "flamethrower",
        "irontail"
      ],
      "ivs": {
        "spe": 31,
        "spd": 31,
        "spa": 30,
        "def": 31,
        "atk": 30,
        "hp": 31
      },
      "evs": {
        "spe": 252,
        "spd": 120,
        "hp": 100
      },
      "heldItem": [
        "mega_showdown:manectite"
      ],
      "gimmicks": {
        "mega": true
      },
      "species": "manectric",
      "gender": "MALE",
      "level": 35,
      "nature": "timid",
      "ability": "static"
    },
    {
      "moveset": [
        "icepunch",
        "thunderbolt",
        "powergem",
        "dazzlinggleam"
      ],
      "ivs": {
        "spe": 31,
        "spd": 31,
        "spa": 31,
        "def": 31,
        "atk": 31,
        "hp": 31
      },
      "evs": {
        "spa": 252,
        "atk": 6,
        "hp": 252
      },
      "heldItem": [
        "leftovers"
      ],
      "species": "ampharos",
      "gender": "FEMALE",
      "level": 33,
      "nature": "quirky",
      "ability": "static"
    }
  ],
  "battleFormat": "GEN_9_SINGLES"
}