{
  "name": {
    "literal": "Frida"
  },
  "ai": {
    "type": "rct",
    "data": {
      "moveBias": 1,
      "switchBias": 0.5,
      "statMoveBias": 1,
      "itemBias": 0.8,
      "maxSelectMargin": 0.15
    }
  },
  "battleRules": {
    "maxItemUses": 5
  },
  "bag": [
    {
      "item": "cobblemon:full_restore",
      "quantity": 5
    }
  ],
  "team": [
    {
      "moveset": [
        "bulldoze",
        "waterpulse",
        "ironhead",
        "darkpulse"
      ],
      "ivs": {
        "spe": 31,
        "spd": 31,
        "spa": 31,
        "def": 31,
        "atk": 31,
        "hp": 31
      },
      "evs": {
        "spa": 6,
        "def": 252,
        "atk": 252
      },
      "heldItem": [
        "mega_showdown:glalitite"
      ],
      "gimmicks": {
        "mega": true
      },
      "species": "glalie",
      "gender": "MALE",
      "level": 86,
      "nature": "jolly",
      "ability": "icebody"
    },
    {
      "moveset": [
        "drainingkiss",
        "shadowball",
        "avalanche",
        "thunderbolt"
      ],
      "ivs": {
        "spe": 31,
        "spd": 31,
        "spa": 31,
        "def": 31,
        "atk": 31,
        "hp": 31
      },
      "evs": {
        "spe": 252,
        "spa": 252,
        "atk": 6
      },
      "heldItem": [
        "focus_sash"
      ],
      "species": "froslass",
      "gender": "FEMALE",
      "level": 86,
      "nature": "jolly",
      "ability": "cursedbody"
    },
    {
      "moveset": [
        "icefang",
        "rockslide",
        "brickbreak",
        "xscissor"
      ],
      "ivs": {
        "spe": 31,
        "spd": 31,
        "spa": 31,
        "def": 31,
        "atk": 31,
        "hp": 31
      },
      "evs": {
        "spd": 252,
        "def": 252,
        "atk": 6
      },
      "heldItem": [
        "life_orb"
      ],
      "species": "beartic",
      "gender": "MALE",
      "level": 86,
      "nature": "adamant",
      "ability": "slushrush"
    },
    {
      "moveset": [
        "woodhammer",
        "bodypress",
        "icespinner",
        "stompingtantrum"
      ],
      "ivs": {
        "spe": 31,
        "spd": 31,
        "spa": 31,
        "def": 31,
        "atk": 31,
        "hp": 31
      },
      "evs": {
        "spa": 6,
        "def": 252,
        "atk": 252
      },
      "heldItem": [
        "leftovers"
      ],
      "species": "abomasnow",
      "gender": "MALE",
      "level": 86,
      "nature": "hardy",
      "ability": "snowwarning"
    },
    {
      "moveset": [
        "round",
        "ancientpower",
        "aurorabeam",
        "bulldoze"
      ],
      "ivs": {
        "spe": 31,
        "spd": 31,
        "spa": 31,
        "def": 31,
        "atk": 31,
        "hp": 31
      },
      "evs": {
        "spe": 252,
        "atk": 252,
        "hp": 6
      },
      "heldItem": [
        "life_orb"
      ],
      "species": "aurorus",
      "gender": "MALE",
      "level": 86,
      "nature": "jolly",
      "ability": "refrigerate"
    },
    {
      "moveset": [
        "dragonclaw",
        "icefang",
        "aerialace",
        "ironhead"
      ],
      "ivs": {
        "spe": 31,
        "spd": 31,
        "spa": 31,
        "def": 31,
        "atk": 31,
        "hp": 31
      },
      "evs": {
        "spe": 252,
        "def": 252,
        "hp": 6
      },
      "heldItem": [
        "leftovers"
      ],
      "species": "baxcalibur",
      "gender": "MALE",
      "level": 86,
      "nature": "adamant",
      "ability": "icebody"
    }
  ],
  "battleFormat": "GEN_9_SINGLES"
}