{
  "name": {
    "literal": "Rocco"
  },
  "ai": {
    "type": "rct",
    "data": {
      "moveBias": 1,
      "switchBias": 0.5,
      "statMoveBias": 1,
      "itemBias": 0.8,
      "maxSelectMargin": 0.15
    }
  },
  "battleRules": {
    "maxItemUses": 6
  },
  "bag": [
    {
      "item": "cobblemon:full_restore",
      "quantity": 6
    }
  ],
  "team": [
    {
      "moveset": [
        "ironhead",
        "waterfall",
        "earthquake",
        "ancientpower"
      ],
      "ivs": {
        "spe": 31,
        "spd": 31,
        "spa": 31,
        "def": 31,
        "atk": 31,
        "hp": 31
      },
      "evs": {
        "spe": 252,
        "atk": 252,
        "hp": 6
      },
      "heldItem": [
        "leftovers"
      ],
      "species": "kyogre",
      "gender": "GENDERLESS",
      "level": 100,
      "nature": "mild",
      "ability": "drizzle"
    },
    {
      "moveset": [
        "firepunch",
        "thunderpunch",
        "rocktomb",
        "zenheadbutt"
      ],
      "ivs": {
        "spe": 31,
        "spd": 31,
        "spa": 31,
        "def": 31,
        "atk": 31,
        "hp": 31
      },
      "evs": {
        "spe": 252,
        "atk": 252,
        "hp": 6
      },
      "heldItem": [
        "air_balloon"
      ],
      "species": "groudon",
      "gender": "GENDERLESS",
      "level": 100,
      "nature": "adamant",
      "ability": "drought"
    },
    {
      "moveset": [
        "alluringvoice",
        "grassknot",
        "psyshock",
        "aurasphere"
      ],
      "ivs": {
        "spe": 31,
        "spd": 31,
        "spa": 31,
        "def": 31,
        "atk": 31,
        "hp": 31
      },
      "evs": {
        "spe": 6,
        "atk": 252,
        "hp": 252
      },
      "heldItem": [
        "life_orb"
      ],
      "species": "latias",
      "gender": "GENDERLESS",
      "level": 100,
      "nature": "adamant",
      "ability": "levitate"
    },
    {
      "moveset": [
        "energyball",
        "psychicnoise",
        "dragonpulse",
        "fly"
      ],
      "ivs": {
        "spe": 31,
        "spd": 31,
        "spa": 31,
        "def": 31,
        "atk": 31,
        "hp": 31
      },
      "evs": {
        "def": 252,
        "atk": 252,
        "hp": 6
      },
      "heldItem": [
        "life_orb"
      ],
      "species": "latios",
      "gender": "GENDERLESS",
      "level": 100,
      "nature": "adamant",
      "ability": "levitate"
    },
    {
      "moveset": [
        "drainpunch",
        "poisonjab",
        "thunderpunch",
        "zenheadbutt"
      ],
      "ivs": {
        "spe": 31,
        "spd": 31,
        "spa": 31,
        "def": 31,
        "atk": 31,
        "hp": 31
      },
      "evs": {
        "spd": 252,
        "def": 252,
        "hp": 6
      },
      "heldItem": [
        "focus_sash"
      ],
      "species": "deoxys",
      "gender": "GENDERLESS",
      "level": 100,
      "nature": "calm",
      "ability": "pressure"
    },
    {
      "moveset": [
        "ironhead",
        "earthquake",
        "bodypress",
        "shadowclaw"
      ],
      "ivs": {
        "spe": 31,
        "spd": 31,
        "spa": 31,
        "def": 31,
        "atk": 31,
        "hp": 31
      },
      "evs": {
        "spa": 252,
        "atk": 252,
        "hp": 6
      },
      "heldItem": [
        "mega_showdown:metagrossite"
      ],
      "gimmicks": {
        "mega": true
      },
      "species": "metagross",
      "gender": "GENDERLESS",
      "level": 100,
      "nature": "timid",
      "ability": "clearbody",
      "shiny": "true"
    }
  ],
  "battleFormat": "GEN_9_DOUBLES"
}