{
  "name": {
    "literal": "Alice"
  },
  "ai": {
    "type": "rct",
    "data": {
      "moveBias": 1,
      "switchBias": 0.5,
      "statMoveBias": 1,
      "itemBias": 0.8,
      "maxSelectMargin": 0.15
    }
  },
  "battleRules": {
    "maxItemUses": 4
  },
  "bag": [
    {
      "item": "cobblemon:full_restore",
      "quantity": 4
    }
  ],
  "team": [
    {
      "moveset": [
        "fly",
        "playrough",
        "flamethrower",
        "icebeam"
      ],
      "ivs": {
        "spe": 31,
        "spd": 31,
        "spa": 31,
        "def": 31,
        "atk": 31,
        "hp": 31
      },
      "evs": {
        "spe": 252,
        "spa": 252,
        "hp": 6
      },
      "heldItem": [
        "mega_showdown:altarianite"
      ],
      "gimmicks": {
        "mega": true
      },
      "species": "altaria",
      "gender": "FEMALE",
      "level": 52,
      "nature": "modest",
      "ability": "naturalcure"
    },
    {
      "moveset": [
        "sunnyday",
        "gigadrain",
        "stompingtantrum",
        "zenheadbutt"
      ],
      "ivs": {
        "spe": 31,
        "spd": 31,
        "spa": 31,
        "def": 31,
        "atk": 31,
        "hp": 31
      },
      "evs": {
        "def": 252,
        "atk": 252,
        "hp": 6
      },
      "heldItem": [
        "miracle_seed"
      ],
      "species": "tropius",
      "gender": "FEMALE",
      "level": 53,
      "nature": "gentle",
      "ability": "chlorophyll"
    },
    {
      "moveset": [
        "ironhead",
        "darkpulse",
        "aerialace",
        "bravebird"
      ],
      "ivs": {
        "spe": 31,
        "spd": 31,
        "spa": 31,
        "def": 31,
        "atk": 31,
        "hp": 31
      },
      "evs": {
        "spe": 6,
        "spd": 252,
        "hp": 252
      },
      "heldItem": [
        "leftovers"
      ],
      "species": "skarmory",
      "gender": "MALE",
      "level": 56,
      "nature": "hasty",
      "ability": "sturdy"
    },
    {
      "moveset": [
        "raindance",
        "hydropump",
        "fly",
        "seedbomb"
      ],
      "ivs": {
        "spe": 31,
        "spd": 31,
        "spa": 31,
        "def": 31,
        "atk": 31,
        "hp": 31
      },
      "evs": {
        "spe": 252,
        "spa": 252,
        "hp": 6
      },
      "heldItem": [
        "scope_lens"
      ],
      "species": "pelipper",
      "gender": "MALE",
      "level": 53,
      "nature": "modest",
      "ability": "raindish"
    },
    {
      "moveset": [
        "extrasensory",
        "shadowball",
        "hypervoice",
        "aircutter"
      ],
      "ivs": {
        "spe": 31,
        "spd": 31,
        "spa": 31,
        "def": 31,
        "atk": 31,
        "hp": 31
      },
      "evs": {
        "spd": 6,
        "spa": 252,
        "def": 252
      },
      "heldItem": [
        "focus_sash"
      ],
      "species": "noctowl",
      "gender": "MALE",
      "level": 54,
      "nature": "naughty",
      "ability": "tintedlens"
    }
  ],
  "battleFormat": "GEN_9_SINGLES"
}