{
  "name": {
    "literal": "Chiara"
  },
  "ai": {
    "type": "rct",
    "data": {
      "moveBias": 1,
      "switchBias": 0.5,
      "statMoveBias": 1,
      "itemBias": 0.8,
      "maxSelectMargin": 0.15
    }
  },
  "battleRules": {
    "maxItemUses": 2
  },
  "bag": [
    {
      "item": "cobblemon:full_restore",
      "quantity": 2
    }
  ],
  "team": [
    {
      "moveset": [
        "zenheadbutt",
        "stomp",
        "shadowball",
        "milkdrink"
      ],
      "ivs": {
        "spe": 31,
        "spd": 31,
        "spa": 31,
        "def": 31,
        "atk": 31,
        "hp": 31
      },
      "evs": {
        "spe": 4,
        "def": 252,
        "hp": 252
      },
      "heldItem": [
        "leftovers"
      ],
      "species": "miltank",
      "gender": "FEMALE",
      "level": 35,
      "nature": "brave",
      "ability": "scrappy"
    },
    {
      "moveset": [
        "disarmingvoice",
        "waterpulse",
        "shadowball",
        "icebeam"
      ],
      "ivs": {
        "spe": 31,
        "spd": 31,
        "spa": 31,
        "def": 31,
        "atk": 31,
        "hp": 31
      },
      "evs": {
        "spe": 120,
        "atk": 120,
        "hp": 10
      },
      "heldItem": [
        "focus_sash"
      ],
      "species": "clefairy",
      "gender": "FEMALE",
      "level": 34,
      "nature": "brave",
      "ability": "cutecharm"
    },
    {
      "moveset": [
        "doublekick",
        "thunderbolt",
        "shadowball",
        "dig"
      ],
      "ivs": {
        "spe": 31,
        "spd": 31,
        "spa": 31,
        "def": 31,
        "atk": 31,
        "hp": 31
      },
      "evs": {
        "spe": 80,
        "atk": 80,
        "hp": 6
      },
      "heldItem": [
        "shell_bell"
      ],
      "species": "lopunny",
      "gender": "FEMALE",
      "level": 34,
      "nature": "careful",
      "ability": "cutecharm"
    },
    {
      "moveset": [
        "lick",
        "stomp",
        "shadowball",
        "earthquake"
      ],
      "ivs": {
        "spe": 31,
        "spd": 31,
        "spa": 31,
        "def": 31,
        "atk": 31,
        "hp": 31
      },
      "evs": {
        "def": 100,
        "atk": 252,
        "hp": 100
      },
      "heldItem": [
        "focus_sash"
      ],
      "species": "lickitung",
      "gender": "MALE",
      "level": 33,
      "nature": "careful",
      "ability": "owntempo"
    }
  ],
  "battleFormat": "GEN_9_SINGLES"
}