{
  "name": {
    "literal": "Valerio"
  },
  "ai": {
    "type": "rct",
    "data": {
      "moveBias": 1,
      "switchBias": 0.5,
      "statMoveBias": 1,
      "itemBias": 0.8,
      "maxSelectMargin": 0.15
    }
  },
  "battleRules": {
    "maxItemUses": 1
  },
  "bag": [
    {
      "item": "cobblemon:full_restore",
      "quantity": 1
    }
  ],
  "team": [
    {
      "moveset": [
        "airslash",
        "psychic",
        "pluck",
        "steelwing"
      ],
      "ivs": {
        "spe": 31,
        "spd": 31,
        "spa": 31,
        "def": 31,
        "atk": 31,
        "hp": 31
      },
      "evs": {
        "spe": 80,
        "atk": 80,
        "hp": 6
      },
      "heldItem": [
        "oran_berry"
      ],
      "species": "hoothoot",
      "gender": "MALE",
      "level": 19,
      "nature": "naughty",
      "ability": "insomnia"
    },
    {
      "moveset": [
        "aerialace",
        "quickattack",
        "pluck",
        "uturn"
      ],
      "ivs": {
        "spe": 31,
        "spd": 31,
        "spa": 31,
        "def": 31,
        "atk": 31,
        "hp": 31
      },
      "evs": {
        "spe": 100,
        "atk": 100,
        "hp": 6
      },
      "heldItem": [
        "oran_berry"
      ],
      "species": "pidgeotto",
      "gender": "MALE",
      "level": 20,
      "nature": "brave",
      "ability": "keeneye"
    },
    {
      "moveset": [
        "pluck",
        "roost",
        "rocksmash",
        "honeclaws"
      ],
      "ivs": {
        "spe": 31,
        "spd": 31,
        "spa": 31,
        "def": 31,
        "atk": 31,
        "hp": 31
      },
      "evs": {
        "spe": 80,
        "atk": 80,
        "hp": 6
      },
      "heldItem": [
        "oran_berry"
      ],
      "species": "corvisquire",
      "gender": "FEMALE",
      "level": 18,
      "nature": "careful",
      "ability": "unnerve"
    },
    {
      "moveset": [
        "tailwhip",
        "bulldoze",
        "dig",
        "acrobatics"
      ],
      "ivs": {
        "spe": 31,
        "spd": 31,
        "spa": 31,
        "def": 31,
        "atk": 31,
        "hp": 31
      },
      "evs": {
        "spe": 80,
        "atk": 80,
        "hp": 6
      },
      "heldItem": [
        "oran_berry"
      ],
      "species": "gligar",
      "gender": "MALE",
      "level": 19,
      "nature": "careful",
      "ability": "hypercutter"
    }
  ],
  "battleFormat": "GEN_9_SINGLES"
}