{
  "name": {
    "literal": "Sandra"
  },
  "ai": {
    "type": "rct",
    "data": {
      "moveBias": 1,
      "switchBias": 0.5,
      "statMoveBias": 1,
      "itemBias": 0.8,
      "maxSelectMargin": 0.15
    }
  },
  "battleRules": {
    "maxItemUses": 5
  },
  "bag": [
    {
      "item": "cobblemon:full_restore",
      "quantity": 5
    }
  ],
  "team": [
    {
      "moveset": [
        "earthquake",
        "dragonpulse",
        "darkpulse",
        "icefang"
      ],
      "ivs": {
        "spe": 31,
        "spd": 31,
        "spa": 31,
        "def": 31,
        "atk": 31,
        "hp": 31
      },
      "evs": {
        "spe": 252,
        "atk": 4,
        "hp": 252
      },
      "heldItem": [
        "focus_sash"
      ],
      "species": "gyarados",
      "gender": "FEMALE",
      "level": 70,
      "nature": "jolly",
      "ability": "intimidate"
    },
    {
      "moveset": [
        "watergun",
        "twister",
        "flashcannon",
        "dragonpulse"
      ],
      "ivs": {
        "spe": 31,
        "spd": 31,
        "spa": 31,
        "def": 31,
        "atk": 31,
        "hp": 31
      },
      "evs": {
        "spe": 4,
        "atk": 252,
        "hp": 252
      },
      "heldItem": [
        "dragon_fang"
      ],
      "species": "kingdra",
      "gender": "MALE",
      "level": 70,
      "nature": "adamant",
      "ability": "swiftswim"
    },
    {
      "moveset": [
        "outrage",
        "dragonrush",
        "dragontail",
        "thunderpunch"
      ],
      "ivs": {
        "spe": 31,
        "spd": 31,
        "spa": 31,
        "def": 31,
        "atk": 31,
        "hp": 31
      },
      "evs": {
        "spe": 252,
        "atk": 252,
        "hp": 6
      },
      "heldItem": [
        "weakness_policy"
      ],
      "species": "dragonite",
      "gender": "FEMALE",
      "level": 70,
      "nature": "adamant",
      "ability": "innerfocus"
    },
    {
      "moveset": [
        "dazzlinggleam",
        "dragonpulse",
        "steelwing",
        "flamethrower"
      ],
      "ivs": {
        "spe": 31,
        "spd": 31,
        "spa": 31,
        "def": 31,
        "atk": 31,
        "hp": 31
      },
      "evs": {
        "spd": 252,
        "spa": 252,
        "hp": 6
      },
      "heldItem": [
        "leftovers"
      ],
      "species": "altaria",
      "gender": "FEMALE",
      "level": 70,
      "nature": "modest",
      "ability": "naturalcure"
    },
    {
      "moveset": [
        "earthquake",
        "irontail",
        "dragonclaw",
        "crunch"
      ],
      "ivs": {
        "spe": 31,
        "spd": 31,
        "spa": 31,
        "def": 31,
        "atk": 31,
        "hp": 31
      },
      "evs": {
        "spe": 252,
        "atk": 252,
        "hp": 4
      },
      "heldItem": [
        "leftovers"
      ],
      "species": "garchomp",
      "gender": "MALE",
      "level": 70,
      "nature": "adamant",
      "ability": "roughskin"
    },
    {
      "moveset": [
        "flamethrower",
        "steelwing",
        "brickbreak",
        "dragonpulse"
      ],
      "ivs": {
        "spe": 31,
        "spd": 31,
        "spa": 31,
        "def": 31,
        "atk": 31,
        "hp": 31
      },
      "evs": {
        "spa": 252,
        "atk": 252,
        "hp": 6
      },
      "heldItem": [
        "focus_sash"
      ],
      "species": "salamence",
      "gender": "FEMALE",
      "level": 70,
      "nature": "timid",
      "ability": "moxie"
    }
  ],
  "battleFormat": "GEN_9_SINGLES"
}