{
  "name": {
    "literal": "Koga"
  },
  "ai": {
    "type": "rct",
    "data": {
      "moveBias": 1,
      "switchBias": 0.5,
      "statMoveBias": 1,
      "itemBias": 0.8,
      "maxSelectMargin": 80.15
    }
  },
  "battleRules": {
    "maxItemUses": 5
  },
  "bag": [
    {
      "item": "cobblemon:full_restore",
      "quantity": 5
    }
  ],
  "team": [
    {
      "moveset": [
        "flamethrower",
        "dragonpulse",
        "sludgewave",
        "darkpulse"
      ],
      "ivs": {
        "spe": 31,
        "spd": 31,
        "spa": 31,
        "def": 31,
        "atk": 31,
        "hp": 31
      },
      "evs": {
        "spd": 252,
        "def": 252,
        "hp": 6
      },
      "heldItem": [
        "focus_sash"
      ],
      "species": "naganadel",
      "gender": "MALE",
      "level": 80,
      "nature": "timid",
      "ability": "plus"
    },
    {
      "moveset": [
        "drillrun",
        "xscissor",
        "gigadrain",
        "poisonjab"
      ],
      "ivs": {
        "spe": 31,
        "spd": 31,
        "spa": 31,
        "def": 31,
        "atk": 31,
        "hp": 31
      },
      "evs": {
        "def": 6,
        "atk": 252,
        "hp": 252
      },
      "heldItem": [
        "focus_sash"
      ],
      "aspects": [
        "mega"
      ],
      "species": "beedrill",
      "gender": "MALE",
      "level": 80,
      "nature": "sassy",
      "ability": "adaptability"
    },
    {
      "moveset": [
        "crosspoison",
        "steelwing",
        "shadowball",
        "heatwave"
      ],
      "ivs": {
        "spe": 31,
        "spd": 31,
        "spa": 31,
        "def": 31,
        "atk": 31,
        "hp": 31
      },
      "evs": {
        "spa": 252,
        "atk": 6,
        "hp": 252
      },
      "heldItem": [
        "leftovers"
      ],
      "species": "crobat",
      "gender": "MALE",
      "level": 80,
      "nature": "mild",
      "ability": "infiltrator"
    },
    {
      "moveset": [
        "crunch",
        "shadowclaw",
        "poisonjab",
        "playrough"
      ],
      "ivs": {
        "spe": 31,
        "spd": 31,
        "spa": 31,
        "def": 31,
        "atk": 31,
        "hp": 31
      },
      "evs": {
        "spe": 252,
        "spd": 252,
        "hp": 6
      },
      "heldItem": [
        "air_balloon"
      ],
      "species": "skuntank",
      "gender": "MALE",
      "level": 80,
      "nature": "brave",
      "ability": "stench"
    },
    {
      "moveset": [
        "sludgebomb",
        "uturn",
        "bugbuzz",
        "gigadrain"
      ],
      "ivs": {
        "spe": 31,
        "spd": 31,
        "spa": 31,
        "def": 31,
        "atk": 31,
        "hp": 31
      },
      "evs": {
        "spd": 252,
        "def": 252,
        "hp": 6
      },
      "heldItem": [
        "focus_sash"
      ],
      "species": "venomoth",
      "gender": "FEMALE",
      "level": 80,
      "nature": "modest",
      "ability": "tintedlens"
    },
    {
      "moveset": [
        "throatchop",
        "icepunch",
        "earthquake",
        "toxic"
      ],
      "ivs": {
        "spe": 31,
        "spd": 31,
        "spa": 31,
        "def": 31,
        "atk": 31,
        "hp": 31
      },
      "evs": {
        "spe": 252,
        "spd": 252,
        "hp": 6
      },
      "heldItem": [
        "focus_sash"
      ],
      "species": "toxicroak",
      "gender": "MALE",
      "level": 80,
      "nature": "impish",
      "ability": "poisontouch"
    }
  ],
  "battleFormat": "GEN_9_SINGLES"
}