{
  "name": {
    "literal": "Erika"
  },
  "ai": {
    "type": "rct",
    "data": {
      "moveBias": 1,
      "switchBias": 0.5,
      "statMoveBias": 1,
      "itemBias": 0.8,
      "maxSelectMargin": 0.15
    }
  },
  "battleRules": {
    "maxItemUses": 3
  },
  "bag": [
    {
      "item": "cobblemon:full_restore",
      "quantity": 3
    }
  ],
  "team": [
    {
      "moveset": [
        "dazzlinggleam",
        "gigadrain",
        "venoshock",
        "energyball"
      ],
      "ivs": {
        "spe": 31,
        "spd": 31,
        "spa": 31,
        "def": 31,
        "atk": 31,
        "hp": 31
      },
      "evs": {
        "spe": 252,
        "def": 4,
        "atk": 252
      },
      "heldItem": [
        "focus_sash"
      ],
      "species": "roserade",
      "gender": "FEMALE",
      "level": 39,
      "nature": "adamant",
      "ability": "poisonpoint"
    },
    {
      "moveset": [
        "toxic",
        "gigadrain",
        "magicalleaf",
        "moonblast"
      ],
      "ivs": {
        "spe": 30,
        "spd": 31,
        "spa": 30,
        "def": 31,
        "atk": 30,
        "hp": 31
      },
      "evs": {
        "spe": 252,
        "spa": 252,
        "def": 4
      },
      "heldItem": [
        "weakness_policy"
      ],
      "species": "bellossom",
      "gender": "FEMALE",
      "level": 38,
      "nature": "docile",
      "ability": "chlorophyll"
    },
    {
      "moveset": [
        "poisonjab",
        "bugbite",
        "leafstorm",
        "gigadrain"
      ],
      "ivs": {
        "spe": 31,
        "spd": 31,
        "spa": 31,
        "def": 31,
        "atk": 31,
        "hp": 31
      },
      "evs": {
        "spa": 252,
        "def": 4,
        "hp": 252
      },
      "heldItem": [
        "poison_barb"
      ],
      "species": "victreebel",
      "gender": "FEMALE",
      "level": 39,
      "nature": "timid",
      "ability": "chlorophyll"
    },
    {
      "moveset": [
        "gigadrain",
        "toxic",
        "petalblizzard",
        "moonblast"
      ],
      "ivs": {
        "spe": 31,
        "spd": 31,
        "spa": 31,
        "def": 30,
        "atk": 30,
        "hp": 31
      },
      "evs": {
        "spe": 252,
        "spa": 252,
        "def": 4
      },
      "heldItem": [
        "focus_sash"
      ],
      "species": "vileplume",
      "gender": "FEMALE",
      "level": 40,
      "nature": "brave",
      "ability": "chlorophyll"
    }
  ],
  "battleFormat": "GEN_9_SINGLES"
}