{
  "name": {
    "literal": "Sabrina"
  },
  "ai": {
    "type": "rct",
    "data": {
      "moveBias": 1,
      "switchBias": 0.5,
      "statMoveBias": 1,
      "itemBias": 0.8,
      "maxSelectMargin": 0.15
    }
  },
  "battleRules": {
    "maxItemUses": 3
  },
  "bag": [
    {
      "item": "cobblemon:full_restore",
      "quantity": 3
    }
  ],
  "team": [
    {
      "moveset": [
        "trickroom",
        "expandingforce",
        "drainingkiss",
        "mysticalfire"
      ],
      "ivs": {
        "spd": 31,
        "spa": 31,
        "def": 31,
        "hp": 31
      },
      "evs": {
        "spa": 252,
        "def": 4,
        "hp": 252
      },
      "heldItem": [
        "weakness_policy"
      ],
      "species": "hatterene",
      "gender": "FEMALE",
      "level": 54,
      "nature": "quiet",
      "ability": "magicbounce"
    },
    {
      "moveset": [
        "barrier",
        "psybeam",
        "psychic",
        "suckerpunch"
      ],
      "ivs": {
        "spd": 31,
        "spa": 31,
        "def": 31,
        "atk": 31,
        "hp": 31
      },
      "evs": {
        "def": 4,
        "atk": 252,
        "hp": 252
      },
      "heldItem": [
        "focus_sash"
      ],
      "species": "mrmime",
      "gender": "FEMALE",
      "level": 53,
      "nature": "gentle",
      "ability": "filter"
    },
    {
      "moveset": [
        "psychic",
        "psyshock",
        "shadowball",
        "drainpunch"
      ],
      "ivs": {
        "spd": 31,
        "spa": 31,
        "def": 31,
        "hp": 31
      },
      "evs": {
        "spd": 4,
        "def": 252,
        "hp": 252
      },
      "heldItem": [
        "scope_lens"
      ],
      "species": "alakazam",
      "gender": "MALE",
      "level": 55,
      "nature": "gentle",
      "ability": "synchronize"
    },
    {
      "moveset": [
        "megahorn",
        "dazzlinggleam",
        "psychic",
        "highhorsepower"
      ],
      "ivs": {
        "spd": 31,
        "spa": 31,
        "def": 31,
        "atk": 31,
        "hp": 31
      },
      "evs": {
        "def": 4,
        "atk": 252,
        "hp": 252
      },
      "heldItem": [
        "twisted_spoon"
      ],
      "aspects": [
        "galarian"
      ],
      "species": "rapidash",
      "gender": "FEMALE",
      "level": 52,
      "nature": "naughty",
      "ability": "synchronize"
    }
  ],
  "battleFormat": "GEN_9_SINGLES"
}