{
  "name": {
    "literal": "Lt. Surge"
  },
  "ai": {
    "type": "rct",
    "data": {
      "moveBias": 1,
      "switchBias": 0.5,
      "statMoveBias": 1,
      "itemBias": 0.8,
      "maxSelectMargin": 0.15
    }
  },
  "battleRules": {
    "maxItemUses": 2
  },
  "bag": [
    {
      "item": "cobblemon:full_restore",
      "quantity": 2
    }
  ],
  "team": [
    {
      "moveset": [
        "psyshock",
        "thunderpunch",
        "irontail",
        "thunderbolt"
      ],
      "ivs": {
        "spe": 31,
        "spd": 31,
        "spa": 31,
        "def": 31,
        "atk": 31,
        "hp": 31
      },
      "evs": {
        "spe": 252,
        "spa": 40,
        "atk": 16,
        "hp": 24
      },
      "heldItem": [
        "wise_glasses"
      ],
      "species": "raichu",
      "gender": "MALE",
      "level": 35,
      "nature": "modest",
      "ability": "static"
    },
    {
      "moveset": [
        "spark",
        "thundershock",
        "gyroball",
        "barrier"
      ],
      "ivs": {
        "spe": 31,
        "spd": 31,
        "spa": 31,
        "def": 31,
        "atk": 31,
        "hp": 31
      },
      "evs": {
        "spe": 4,
        "spa": 100,
        "hp": 100
      },
      "heldItem": [
        "focus_sash"
      ],
      "species": "magnezone",
      "gender": "MALE",
      "level": 33,
      "nature": "modest",
      "ability": "sturdy"
    },
    {
      "moveset": [
        "electroball",
        "thundershock",
        "discharge",
        "quickattack"
      ],
      "ivs": {
        "spe": 31,
        "spd": 31,
        "spa": 30,
        "def": 31,
        "atk": 30,
        "hp": 31
      },
      "evs": {
        "spe": 40,
        "spa": 100,
        "atk": 100,
        "hp": 100
      },
      "heldItem": [
        "quick_claw"
      ],
      "species": "electabuzz",
      "gender": "MALE",
      "level": 34,
      "nature": "relaxed",
      "ability": "static"
    },
    {
      "moveset": [
        "thunderfang",
        "firefang",
        "icefang",
        "psychicfangs"
      ],
      "ivs": {
        "spe": 31,
        "spd": 31,
        "spa": 31,
        "def": 31,
        "atk": 31,
        "hp": 31
      },
      "evs": {
        "spe": 252,
        "atk": 100,
        "hp": 100
      },
      "heldItem": [
        "leftovers"
      ],
      "species": "boltund",
      "gender": "MALE",
      "level": 32,
      "nature": "jolly",
      "ability": "strongjaw"
    }
  ],
  "battleFormat": "GEN_9_SINGLES"
}