{
  "name": {
    "literal": "Brock"
  },
  "ai": {
    "type": "rct",
    "data": {
      "moveBias": 1,
      "switchBias": 0.5,
      "statMoveBias": 1,
      "itemBias": 0.8,
      "maxSelectMargin": 0.15
    }
  },
  "battleRules": {
    "maxItemUses": 2
  },
  "bag": [
    {
      "item": "cobblemon:full_restore",
      "quantity": 2
    }
  ],
  "team": [
    {
      "moveset": [
        "protect",
        "rocktomb",
        "rockthrow",
        "bulldoze"
      ],
      "ivs": {
        "spe": 31,
        "spd": 31,
        "spa": 31,
        "def": 31,
        "atk": 31,
        "hp": 31
      },
      "evs": {
        "spe": 40,
        "hp": 100
      },
      "species": "geodude",
      "gender": "MALE",
      "level": 16,
      "nature": "bashful",
      "ability": "sturdy"
    },
    {
      "moveset": [
        "block",
        "rockthrow",
        "flail",
        "copycat"
      ],
      "ivs": {
        "spe": 31,
        "spd": 31,
        "spa": 30,
        "def": 31,
        "atk": 30,
        "hp": 31
      },
      "evs": {
        "spe": 40,
        "hp": 80
      },
      "heldItem": [
        "focus_sash"
      ],
      "species": "bonsly",
      "gender": "MALE",
      "level": 16,
      "nature": "mild",
      "ability": "rockhead"
    },
    {
      "moveset": [
        "rocktomb",
        "bulldoze",
        "sleeptalk",
        "rockslide"
      ],
      "ivs": {
        "spe": 31,
        "spd": 31,
        "spa": 31,
        "def": 31,
        "atk": 31,
        "hp": 31
      },
      "evs": {
        "spe": 40,
        "hp": 100
      },
      "heldItem": [
        "rocky_helmet"
      ],
      "species": "onix",
      "gender": "MALE",
      "level": 20,
      "nature": "bashful",
      "ability": "sturdy"
    },
    {
      "moveset": [
        "takedown",
        "rocktomb",
        "rocksmash",
        "headbutt"
      ],
      "ivs": {
        "spe": 31,
        "spd": 31,
        "spa": 31,
        "def": 31,
        "atk": 31,
        "hp": 31
      },
      "evs": {
        "spe": 40,
        "hp": 100
      },
      "species": "cranidos",
      "gender": "MALE",
      "level": 18,
      "nature": "impish",
      "ability": "moldbreaker"
    }
  ],
  "battleFormat": "GEN_9_SINGLES"
}