{
  "name": {
    "literal": "Lorelei"
  },
  "ai": {
    "type": "rct",
    "data": {
      "moveBias": 1,
      "switchBias": 0.5,
      "statMoveBias": 1,
      "itemBias": 0.8,
      "maxSelectMargin": 0.15
    }
  },
  "battleRules": {
    "maxItemUses": 4
  },
  "bag": [
    {
      "item": "cobblemon:full_restore",
      "quantity": 4
    }
  ],
  "team": [
    {
      "moveset": [
        "iciclecrash",
        "stompingtantrum",
        "closecombat",
        "protect"
      ],
      "ivs": {
        "spe": 31,
        "spd": 31,
        "spa": 31,
        "def": 31,
        "atk": 31,
        "hp": 31
      },
      "evs": {
        "spe": 252,
        "spa": 4,
        "hp": 252
      },
      "heldItem": [
        "covert_cloak"
      ],
      "species": "glastrier",
      "gender": "MALE",
      "level": 75,
      "nature": "brave",
      "ability": "chillingneigh"
    },
    {
      "moveset": [
        "snowscape",
        "thunderwave",
        "hex",
        "destinybond"
      ],
      "ivs": {
        "spe": 31,
        "spd": 31,
        "spa": 31,
        "def": 31,
        "atk": 31,
        "hp": 31
      },
      "evs": {
        "spe": 252,
        "atk": 252,
        "hp": 6
      },
      "heldItem": [
        "focus_sash"
      ],
      "species": "froslass",
      "gender": "FEMALE",
      "level": 75,
      "nature": "timid",
      "ability": "snowcloak"
    },
    {
      "moveset": [
        "psychic",
        "icebeam",
        "focusblast",
        "hail"
      ],
      "ivs": {
        "spe": 31,
        "spd": 31,
        "spa": 31,
        "def": 31,
        "atk": 31,
        "hp": 31
      },
      "evs": {
        "spe": 252,
        "atk": 252,
        "hp": 6
      },
      "heldItem": [
        "weakness_policy"
      ],
      "species": "jynx",
      "gender": "FEMALE",
      "level": 75,
      "nature": "timid",
      "ability": "dryskin"
    },
    {
      "moveset": [
        "earthquake",
        "icebeam",
        "knockoff",
        "icywind"
      ],
      "ivs": {
        "spe": 31,
        "spd": 31,
        "spa": 31,
        "def": 31,
        "atk": 31,
        "hp": 31
      },
      "evs": {
        "spe": 252,
        "spa": 252,
        "hp": 6
      },
      "heldItem": [
        "shell_bell"
      ],
      "species": "mamoswine",
      "gender": "FEMALE",
      "level": 75,
      "nature": "jolly",
      "ability": "thickfat"
    },
    {
      "moveset": [
        "icebeam",
        "originpulse",
        "bodyslam",
        "confuseray"
      ],
      "ivs": {
        "spe": 31,
        "spd": 31,
        "spa": 31,
        "def": 31,
        "atk": 31,
        "hp": 31
      },
      "evs": {
        "spe": 252,
        "spa": 252,
        "hp": 6
      },
      "heldItem": [
        "leftovers"
      ],
      "species": "lapras",
      "gender": "MALE",
      "level": 75,
      "nature": "timid",
      "ability": "drizzle"
    },
    {
      "moveset": [
        "iceshard",
        "hydropump",
        "surf",
        "poisonjab"
      ],
      "ivs": {
        "spe": 31,
        "spd": 31,
        "spa": 31,
        "def": 31,
        "atk": 31,
        "hp": 31
      },
      "evs": {
        "spe": 252,
        "atk": 252,
        "hp": 6
      },
      "heldItem": [
        "leftovers"
      ],
      "species": "weavile",
      "gender": "FEMALE",
      "level": 75,
      "nature": "adamant",
      "ability": "pressure"
    }
  ],
  "battleFormat": "GEN_9_SINGLES"
}