{
  "name": {
    "literal": "Blaine"
  },
  "ai": {
    "type": "rct",
    "data": {
      "moveBias": 1,
      "switchBias": 0.5,
      "statMoveBias": 1,
      "itemBias": 0.8,
      "maxSelectMargin": 0.15
    }
  },
  "battleRules": {
    "maxItemUses": 4
  },
  "bag": [
    {
      "item": "cobblemon:full_restore",
      "quantity": 4
    }
  ],
  "team": [
    {
      "moveset": [
        "bodypress",
        "flamewheel",
        "zenheadbutt",
        "earthpower"
      ],
      "ivs": {
        "spe": 31,
        "spd": 31,
        "spa": 31,
        "def": 31,
        "atk": 31,
        "hp": 31
      },
      "evs": {
        "spa": 252,
        "def": 4,
        "hp": 252
      },
      "heldItem": [
        "covert_cloak"
      ],
      "species": "torkoal",
      "gender": "MALE",
      "level": 57,
      "nature": "quiet",
      "ability": "whitesmoke"
    },
    {
      "moveset": [
        "thunderfang",
        "playrough",
        "flameburst",
        "closecombat"
      ],
      "ivs": {
        "spe": 31,
        "spd": 31,
        "spa": 31,
        "def": 31,
        "atk": 31,
        "hp": 31
      },
      "evs": {
        "spe": 252,
        "atk": 252,
        "hp": 6
      },
      "heldItem": [
        "charcoal_stick"
      ],
      "species": "arcanine",
      "gender": "MALE",
      "level": 59,
      "nature": "jolly",
      "ability": "flashfire"
    },
    {
      "moveset": [
        "brickbreak",
        "earthquake",
        "flamethrower",
        "thunderpunch"
      ],
      "ivs": {
        "spe": 31,
        "spd": 31,
        "spa": 31,
        "def": 31,
        "atk": 31,
        "hp": 31
      },
      "evs": {
        "spe": 252,
        "spa": 252,
        "hp": 6
      },
      "heldItem": [
        "expert_belt"
      ],
      "species": "magmortar",
      "gender": "MALE",
      "level": 60,
      "nature": "brave",
      "ability": "flamebody"
    },
    {
      "moveset": [
        "eruption",
        "flamethrower",
        "hiddenpower",
        "focusblast"
      ],
      "ivs": {
        "spe": 31,
        "spd": 31,
        "spa": 31,
        "def": 30,
        "hp": 31
      },
      "evs": {
        "spe": 252,
        "spa": 252,
        "hp": 6
      },
      "heldItem": [
        "shell_bell"
      ],
      "species": "typhlosion",
      "gender": "MALE",
      "level": 60,
      "nature": "modest",
      "ability": "flashfire"
    },
    {
      "moveset": [
        "ember",
        "flamethrower",
        "ancientpower",
        "lavaplume"
      ],
      "ivs": {
        "spe": 31,
        "spd": 31,
        "spa": 31,
        "def": 31,
        "atk": 31,
        "hp": 31
      },
      "evs": {
        "spe": 252,
        "spa": 252,
        "hp": 6
      },
      "heldItem": [
        "leftovers"
      ],
      "species": "magcargo",
      "gender": "MALE",
      "level": 58,
      "nature": "brave",
      "ability": "magmaarmor"
    },
    {
      "moveset": [
        "flamethrower",
        "airslash",
        "solarbeam",
        "dragonpulse"
      ],
      "ivs": {
        "spe": 31,
        "spd": 31,
        "spa": 31,
        "def": 31,
        "atk": 31,
        "hp": 31
      },
      "evs": {
        "spe": 252,
        "spa": 252,
        "hp": 6
      },
      "heldItem": [
        "charcoal_stick"
      ],
      "species": "charizard",
      "gender": "MALE",
      "level": 60,
      "nature": "timid",
      "ability": "blaze"
    }
  ],
  "battleFormat": "GEN_9_SINGLES"
}