{
  "name": {
    "literal": "Giovanni"
  },
  "ai": {
    "type": "rct",
    "data": {
      "moveBias": 1,
      "switchBias": 0.5,
      "statMoveBias": 1,
      "itemBias": 0.8,
      "maxSelectMargin": 0.15
    }
  },
  "battleRules": {
    "maxItemUses": 4
  },
  "bag": [
    {
      "item": "cobblemon:full_restore",
      "quantity": 4
    }
  ],
  "team": [
    {
      "moveset": [
        "megahorn",
        "thunderfang",
        "earthquake",
        "stoneedge"
      ],
      "ivs": {
        "spe": 31,
        "spd": 31,
        "spa": 31,
        "def": 31,
        "atk": 31,
        "hp": 31
      },
      "evs": {
        "spe": 6,
        "spa": 252,
        "hp": 252
      },
      "heldItem": [
        "rocky_helmet"
      ],
      "species": "rhyperior",
      "gender": "MALE",
      "level": 69,
      "nature": "careful",
      "ability": "solidrock"
    },
    {
      "moveset": [
        "thunderfang",
        "darkpulse",
        "rockthrow",
        "icefang"
      ],
      "ivs": {
        "spe": 31,
        "spd": 31,
        "spa": 31,
        "def": 31,
        "atk": 31,
        "hp": 31
      },
      "evs": {
        "spe": 252,
        "atk": 252,
        "hp": 6
      },
      "heldItem": [
        "dragon_fang"
      ],
      "species": "tyranitar",
      "gender": "MALE",
      "level": 69,
      "nature": "adamant",
      "ability": "sandveil"
    },
    {
      "moveset": [
        "feintattack",
        "playrough",
        "captivate",
        "nightslash"
      ],
      "ivs": {
        "spe": 31,
        "spd": 31,
        "spa": 31,
        "def": 31,
        "atk": 31,
        "hp": 31
      },
      "evs": {
        "spe": 252,
        "spa": 252,
        "hp": 6
      },
      "heldItem": [
        "quick_claw"
      ],
      "species": "persian",
      "gender": "MALE",
      "level": 68,
      "nature": "mild",
      "ability": "limber"
    },
    {
      "moveset": [
        "megahorn",
        "toxic",
        "earthpower",
        "thrash"
      ],
      "ivs": {
        "spe": 31,
        "spd": 31,
        "spa": 31,
        "def": 31,
        "atk": 31,
        "hp": 31
      },
      "evs": {
        "spd": 252,
        "atk": 4,
        "hp": 252
      },
      "heldItem": [
        "choice_specs"
      ],
      "species": "nidoking",
      "gender": "MALE",
      "level": 69,
      "nature": "lax",
      "ability": "rivalry"
    },
    {
      "moveset": [
        "toxic",
        "crunch",
        "earthpower",
        "bodyslam"
      ],
      "ivs": {
        "spe": 31,
        "spd": 31,
        "spa": 31,
        "def": 31,
        "atk": 31,
        "hp": 31
      },
      "evs": {
        "spe": 252,
        "spa": 252,
        "hp": 6
      },
      "heldItem": [
        "power_herb"
      ],
      "species": "nidoqueen",
      "gender": "FEMALE",
      "level": 69,
      "nature": "rash",
      "ability": "rivalry"
    },
    {
      "moveset": [
        "expandingforce",
        "psystrike",
        "aurasphere",
        "flamethrower"
      ],
      "ivs": {
        "spe": 31,
        "spd": 31,
        "spa": 31,
        "def": 31,
        "atk": 31,
        "hp": 31
      },
      "evs": {
        "spe": 252,
        "spa": 252,
        "hp": 6
      },
      "heldItem": [
        "power_herb"
      ],
      "species": "mewtwo",
      "gender": "GENDERLESS",
      "level": 70,
      "nature": "timid",
      "ability": "pressure"
    }
  ],
  "battleFormat": "GEN_9_DOUBLES"
}