{
  "name": {
    "literal": "Koga"
  },
  "ai": {
    "type": "rct",
    "data": {
      "moveBias": 1,
      "switchBias": 0.5,
      "statMoveBias": 1,
      "itemBias": 0.8,
      "maxSelectMargin": 0.15
    }
  },
  "battleRules": {
    "maxItemUses": 3
  },
  "bag": [
    {
      "item": "cobblemon:full_restore",
      "quantity": 3
    }
  ],
  "team": [
    {
      "moveset": [
        "venoshock",
        "airslash",
        "poisonfang",
        "astonish"
      ],
      "ivs": {
        "spe": 31,
        "spd": 31,
        "spa": 31,
        "def": 31,
        "atk": 31,
        "hp": 31
      },
      "evs": {
        "spe": 252,
        "spa": 252,
        "hp": 6
      },
      "heldItem": [
        "black_sludge"
      ],
      "species": "crobat",
      "gender": "MALE",
      "level": 49,
      "nature": "sassy",
      "ability": "innerfocus"
    },
    {
      "moveset": [
        "spite",
        "sludge",
        "belch",
        "sludgebomb"
      ],
      "ivs": {
        "spe": 31,
        "spd": 31,
        "spa": 31,
        "def": 31,
        "atk": 31,
        "hp": 31
      },
      "evs": {
        "spe": 252,
        "spa": 252,
        "hp": 6
      },
      "heldItem": [
        "oran_berry"
      ],
      "species": "weezing",
      "gender": "MALE",
      "level": 50,
      "nature": "mild",
      "ability": "levitate"
    },
    {
      "moveset": [
        "poisonfang",
        "psychic",
        "zenheadbutt",
        "supersonic"
      ],
      "ivs": {
        "spe": 31,
        "spd": 31,
        "spa": 31,
        "def": 31,
        "atk": 31,
        "hp": 31
      },
      "evs": {
        "spe": 252,
        "spa": 252,
        "hp": 6
      },
      "heldItem": [
        "black_sludge"
      ],
      "species": "venomoth",
      "gender": "FEMALE",
      "level": 50,
      "nature": "calm",
      "ability": "tintedlens"
    },
    {
      "moveset": [
        "nightslash",
        "crunch",
        "poisonfang",
        "poisongas"
      ],
      "ivs": {
        "spe": 31,
        "spd": 31,
        "spa": 31,
        "def": 31,
        "atk": 31,
        "hp": 31
      },
      "evs": {
        "spe": 252,
        "spa": 252,
        "hp": 6
      },
      "heldItem": [
        "focus_sash"
      ],
      "species": "drapion",
      "gender": "MALE",
      "level": 49,
      "nature": "timid",
      "ability": "battlearmor"
    },
    {
      "moveset": [
        "voltswitch",
        "boomburst",
        "sludgebomb",
        "overdrive"
      ],
      "ivs": {
        "spe": 31,
        "spd": 31,
        "spa": 31,
        "def": 31,
        "atk": 31,
        "hp": 31
      },
      "evs": {
        "spe": 252,
        "spa": 252,
        "hp": 6
      },
      "heldItem": [
        "focus_sash"
      ],
      "species": "toxtricity",
      "gender": "MALE",
      "level": 49,
      "nature": "timid",
      "ability": "plus"
    }
  ],
  "battleFormat": "GEN_9_SINGLES"
}