{
  "name": {
    "literal": "Mario"
  },
  "ai": {
    "type": "rct",
    "data": {
      "moveBias": 1,
      "switchBias": 0.5,
      "statMoveBias": 1,
      "itemBias": 0.8,
      "maxSelectMargin": 0.15
    }
  },
  "battleRules": {},
  "team": [
    {
      "moveset": [
        "waterpulse",
        "dragonbreath",
        "acidspray",
        "protect"
      ],
      "ivs": {
        "spe": 12,
        "spd": 12,
        "spa": 12,
        "def": 12,
        "atk": 12,
        "hp": 12
      },
      "species": "goodra",
      "gender": "FEMALE",
      "level": 27,
      "nature": "relaxed",
      "ability": "hydration"
    },
    {
      "moveset": [
        "waterpulse",
        "shadowsneak",
        "nightslash",
        "feintattack"
      ],
      "ivs": {
        "spe": 12,
        "spd": 12,
        "spa": 12,
        "def": 12,
        "atk": 12,
        "hp": 12
      },
      "species": "greninja",
      "gender": "MALE",
      "level": 27,
      "nature": "naughty",
      "ability": "torrent"
    },
    {
      "moveset": [
        "wildcharge",
        "acid",
        "crunch",
        "discharge"
      ],
      "ivs": {
        "spe": 12,
        "spd": 12,
        "spa": 12,
        "def": 12,
        "atk": 12,
        "hp": 12
      },
      "species": "eelektross",
      "gender": "MALE",
      "level": 29,
      "nature": "naughty",
      "ability": "levitate"
    }
  ],
  "battleFormat": "GEN_9_SINGLES"
}