{
  "name": {
    "literal": "Nikky"
  },
  "ai": {
    "type": "rct",
    "data": {
      "moveBias": 1,
      "switchBias": 0.5,
      "statMoveBias": 1,
      "itemBias": 0.8,
      "maxSelectMargin": 0.15
    }
  },
  "battleRules": {
    "maxItemUses": 3
  },
  "bag": [
    {
      "item": "cobblemon:max_potion",
      "quantity": 2
    }
  ],
  "team": [
    {
      "moveset": [
        "flamethrower",
        "flamewheel",
        "acrobatics",
        "furyswipes"
      ],
      "ivs": {
        "spe": 28,
        "spd": 28,
        "spa": 28,
        "def": 28,
        "atk": 28,
        "hp": 28
      },
      "evs": {
        "spe": 6,
        "spa": 250,
        "hp": 250
      },
      "heldItem": [
        "everstone"
      ],
      "species": "chimchar",
      "gender": "FEMALE",
      "level": 45,
      "nature": "impish",
      "ability": "blaze"
    },
    {
      "moveset": [
        "ember",
        "firespin",
        "lavaplume",
        "quickattack"
      ],
      "ivs": {
        "spe": 28,
        "spd": 28,
        "spa": 28,
        "def": 28,
        "atk": 28,
        "hp": 28
      },
      "evs": {
        "spe": 40,
        "hp": 4
      },
      "heldItem": [
        "charcoal_stick"
      ],
      "species": "flareon",
      "gender": "MALE",
      "level": 45,
      "nature": "brave",
      "ability": "flashfire"
    },
    {
      "moveset": [
        "flamecharge",
        "flamewheel",
        "stomp",
        "megahorn"
      ],
      "ivs": {
        "spe": 30,
        "spd": 30,
        "spa": 30,
        "def": 30,
        "atk": 30,
        "hp": 30
      },
      "evs": {
        "def": 250,
        "hp": 250
      },
      "heldItem": [
        "oran_berry"
      ],
      "species": "rapidash",
      "gender": "FEMALE",
      "level": 48,
      "nature": "rash",
      "ability": "flashfire"
    }
  ],
  "battleFormat": "GEN_9_SINGLES"
}