{
  "name": {
    "literal": "Vale_Fragola"
  },
  "ai": {
    "type": "rct",
    "data": {
      "moveBias": 1,
      "switchBias": 0.5,
      "statMoveBias": 1,
      "itemBias": 0.8,
      "maxSelectMargin": 0.15
    }
  },
  "battleRules": {
    "maxItemUses": 3
  },
  "bag": [
    {
      "item": "cobblemon:remedy",
      "quantity": 3
    }
  ],
  "team": [
    {
      "moveset": [
        "frostbreath",
        "rest",
        "icywind",
        "slash"
      ],
      "ivs": {
        "spe": 26,
        "spd": 26,
        "spa": 26,
        "def": 26,
        "atk": 26,
        "hp": 26
      },
      "evs": {
        "spe": 6,
        "spa": 230,
        "hp": 230
      },
      "heldItem": [
        "shell_bell"
      ],
      "species": "cubchoo",
      "gender": "MALE",
      "level": 40,
      "nature": "lonely",
      "ability": "snowcloak"
    },
    {
      "moveset": [
        "avalanche",
        "iciclespear",
        "mirrorshot",
        "astonish"
      ],
      "ivs": {
        "spe": 26,
        "spd": 26,
        "spa": 26,
        "def": 26,
        "atk": 26,
        "hp": 26
      },
      "evs": {
        "spe": 40,
        "hp": 4
      },
      "heldItem": [
        "never_melt_ice"
      ],
      "species": "vanillish",
      "gender": "MALE",
      "level": 45,
      "nature": "brave",
      "ability": "icebody"
    }
  ],
  "battleFormat": "GEN_9_SINGLES"
}