{
  "name": {
    "literal": "The Old Sage"
  },
  "ai": {
    "type": "rct",
    "data": {
      "moveBias": 1,
      "switchBias": 0.5,
      "statMoveBias": 1,
      "itemBias": 0.8,
      "maxSelectMargin": 0.15
    }
  },
  "battleRules": {
    "maxItemUses": 3
  },
  "bag": [
    {
      "item": "cobblemon:full_restore",
      "quantity": 3
    }
  ],
  "team": [
    {
      "moveset": [
        "sacredfire",
        "extremespeed",
        "stoneedge",
        "crunch"
      ],
      "ivs": {
        "spe": 31,
        "spd": 31,
        "spa": 31,
        "def": 31,
        "atk": 31,
        "hp": 31
      },
      "evs": {
        "spe": 252,
        "atk": 252,
        "hp": 6
      },
      "heldItem": [
        "choice_band"
      ],
      "species": "entei",
      "gender": "GENDERLESS",
      "level": 55,
      "nature": "adamant",
      "ability": "innerfocus"
    },
    {
      "moveset": [
        "scald",
        "calmmind",
        "icebeam",
        "mirrorcoat"
      ],
      "ivs": {
        "spe": 31,
        "spd": 31,
        "spa": 31,
        "def": 31,
        "atk": 31,
        "hp": 31
      },
      "evs": {
        "spe": 252,
        "spa": 6,
        "hp": 252
      },
      "heldItem": [
        "leftovers"
      ],
      "species": "suicune",
      "gender": "GENDERLESS",
      "level": 55,
      "nature": "bold",
      "ability": "pressure"
    },
    {
      "moveset": [
        "thunderbolt",
        "voltswitch",
        "shadowball",
        "aurasphere"
      ],
      "ivs": {
        "spe": 31,
        "spd": 31,
        "spa": 31,
        "def": 31,
        "atk": 31,
        "hp": 31
      },
      "evs": {
        "spe": 252,
        "spa": 252,
        "hp": 6
      },
      "heldItem": [
        "focus_sash"
      ],
      "species": "raikou",
      "gender": "GENDERLESS",
      "level": 55,
      "nature": "timid",
      "ability": "pressure"
    },
    {
      "moveset": [
        "leechseed",
        "aromatherapy",
        "gigadrain",
        "protect"
      ],
      "ivs": {
        "spe": 31,
        "spd": 31,
        "spa": 31,
        "def": 31,
        "atk": 31,
        "hp": 31
      },
      "evs": {
        "spd": 6,
        "def": 252,
        "hp": 252
      },
      "heldItem": [
        "leftovers"
      ],
      "species": "meganium",
      "gender": "MALE",
      "level": 55,
      "nature": "bold",
      "ability": "overgrow"
    },
    {
      "moveset": [
        "eruption",
        "flamethrower",
        "focusblast",
        "extrasensory"
      ],
      "ivs": {
        "spe": 31,
        "spd": 31,
        "spa": 31,
        "def": 31,
        "atk": 31,
        "hp": 31
      },
      "evs": {
        "spe": 252,
        "spa": 252,
        "hp": 6
      },
      "heldItem": [
        "choice_scarf"
      ],
      "species": "typhlosion",
      "gender": "MALE",
      "level": 55,
      "nature": "timid",
      "ability": "blaze"
    },
    {
      "moveset": [
        "dragondance",
        "liquidation",
        "icepunch",
        "crunch"
      ],
      "ivs": {
        "spe": 31,
        "spd": 31,
        "spa": 31,
        "def": 31,
        "atk": 31,
        "hp": 31
      },
      "evs": {
        "spe": 252,
        "atk": 252,
        "hp": 6
      },
      "heldItem": [
        "life_orb"
      ],
      "species": "feraligatr",
      "gender": "MALE",
      "level": 55,
      "nature": "adamant",
      "ability": "sheerforce"
    }
  ],
  "battleFormat": "GEN_9_SINGLES"
}