{
  "name": {
    "literal": "Gardenia"
  },
  "ai": {
    "type": "rct",
    "data": {
      "moveBias": 1,
      "switchBias": 0.5,
      "statMoveBias": 1,
      "itemBias": 0.8,
      "maxSelectMargin": 0.15
    }
  },
  "battleRules": {
    "maxItemUses": 2
  },
  "bag": [
    {
      "item": "cobblemon:full_restore",
      "quantity": 2
    }
  ],
  "team": [
    {
      "moveset": [
        "solarbeam",
        "weatherball",
        "sunnyday",
        "hiddenpower"
      ],
      "ivs": {
        "spe": 31,
        "spd": 31,
        "spa": 31,
        "def": 31,
        "atk": 31,
        "hp": 31
      },
      "evs": {
        "spe": 252,
        "spa": 252,
        "hp": 6
      },
      "heldItem": [
        "life_orb"
      ],
      "species": "sunflora",
      "gender": "FEMALE",
      "level": 33,
      "nature": "modest",
      "ability": "solarpower"
    },
    {
      "moveset": [
        "dazzlinggleam",
        "solarbeam",
        "growth",
        "sunnyday"
      ],
      "ivs": {
        "spe": 31,
        "spd": 31,
        "spa": 31,
        "def": 31,
        "atk": 31,
        "hp": 31
      },
      "evs": {
        "spe": 6,
        "spa": 252,
        "hp": 252
      },
      "heldItem": [
        "focus_sash"
      ],
      "species": "cherrim",
      "gender": "MALE",
      "level": 34,
      "nature": "modest",
      "ability": "flowergift"
    },
    {
      "moveset": [
        "focuspunch",
        "leechseed",
        "substitute",
        "spore"
      ],
      "ivs": {
        "spe": 31,
        "spd": 31,
        "spa": 31,
        "def": 31,
        "atk": 31,
        "hp": 31
      },
      "evs": {
        "spe": 252,
        "atk": 138,
        "hp": 120
      },
      "heldItem": [
        "toxic_orb"
      ],
      "species": "breloom",
      "gender": "MALE",
      "level": 32,
      "nature": "jolly",
      "ability": "poisonheal"
    },
    {
      "moveset": [
        "woodhammer",
        "earthquake",
        "synthesis",
        "leechseed"
      ],
      "ivs": {
        "spe": 31,
        "spd": 31,
        "spa": 31,
        "def": 31,
        "atk": 31,
        "hp": 31
      },
      "evs": {
        "def": 60,
        "atk": 252,
        "hp": 196
      },
      "heldItem": [
        "leftovers"
      ],
      "species": "torterra",
      "gender": "MALE",
      "level": 36,
      "nature": "adamant",
      "ability": "overgrow"
    },
    {
      "moveset": [
        "solarbeam",
        "sludgebomb",
        "grassyterrain",
        "sunnyday"
      ],
      "ivs": {
        "spe": 31,
        "spd": 31,
        "spa": 31,
        "def": 31,
        "atk": 31,
        "hp": 31
      },
      "evs": {
        "spe": 252,
        "spa": 252,
        "hp": 6
      },
      "heldItem": [
        "power_herb"
      ],
      "species": "roserade",
      "gender": "FEMALE",
      "level": 35,
      "nature": "modest",
      "ability": "naturalcure"
    }
  ],
  "identity": "Gym Leader Gardenia",
  "battleFormat": "GEN_9_SINGLES"
}