{
  "name": {
    "literal": "Camilla"
  },
  "ai": {
    "type": "rct",
    "data": {
      "moveBias": 1,
      "switchBias": 0.5,
      "statMoveBias": 1,
      "itemBias": 0.8,
      "maxSelectMargin": 0.15
    }
  },
  "battleRules": {
    "maxItemUses": 7
  },
  "bag": [
    {
      "item": "cobblemon:full_restore",
      "quantity": 7
    }
  ],
  "team": [
    {
      "moveset": [
        "shadowball",
        "darkpulse",
        "willowisp",
        "suckerpunch"
      ],
      "ivs": {
        "spe": 31,
        "spd": 31,
        "spa": 31,
        "def": 31,
        "atk": 31,
        "hp": 31
      },
      "evs": {
        "spa": 252,
        "atk": 6,
        "hp": 252
      },
      "heldItem": [
        "sitrus_berry"
      ],
      "species": "spiritomb",
      "gender": "MALE",
      "level": 100,
      "nature": "quiet",
      "ability": "pressure"
    },
    {
      "moveset": [
        "triattack",
        "shadowball",
        "icebeam",
        "thunderbolt"
      ],
      "ivs": {
        "spe": 31,
        "spd": 31,
        "spa": 31,
        "def": 31,
        "atk": 31,
        "hp": 31
      },
      "evs": {
        "spe": 252,
        "spa": 252,
        "hp": 6
      },
      "heldItem": [
        "expert_belt"
      ],
      "species": "porygonz",
      "gender": "GENDERLESS",
      "level": 100,
      "nature": "timid",
      "ability": "adaptability"
    },
    {
      "moveset": [
        "airslash",
        "dazzlinggleam",
        "aurasphere",
        "thunderwave"
      ],
      "ivs": {
        "spe": 31,
        "spd": 31,
        "spa": 31,
        "def": 31,
        "atk": 31,
        "hp": 31
      },
      "evs": {
        "spe": 252,
        "spa": 252,
        "hp": 6
      },
      "heldItem": [
        "leftovers"
      ],
      "species": "togekiss",
      "gender": "FEMALE",
      "level": 100,
      "nature": "timid",
      "ability": "serenegrace"
    },
    {
      "moveset": [
        "closecombat",
        "meteormash",
        "earthquake",
        "extremespeed"
      ],
      "ivs": {
        "spe": 31,
        "spd": 31,
        "spa": 31,
        "def": 31,
        "atk": 31,
        "hp": 31
      },
      "evs": {
        "spe": 252,
        "atk": 252,
        "hp": 6
      },
      "heldItem": [
        "focus_sash"
      ],
      "species": "lucario",
      "gender": "MALE",
      "level": 100,
      "nature": "jolly",
      "ability": "justified"
    },
    {
      "moveset": [
        "recover",
        "mirrorcoat",
        "icebeam",
        "scald"
      ],
      "ivs": {
        "spe": 31,
        "spd": 31,
        "spa": 31,
        "def": 31,
        "atk": 31,
        "hp": 31
      },
      "evs": {
        "spa": 6,
        "def": 252,
        "hp": 252
      },
      "heldItem": [
        "flame_orb"
      ],
      "species": "milotic",
      "gender": "FEMALE",
      "level": 100,
      "nature": "bold",
      "ability": "marvelscale"
    },
    {
      "moveset": [
        "dragonclaw",
        "earthquake",
        "swordsdance",
        "poisonjab"
      ],
      "ivs": {
        "spe": 31,
        "spd": 31,
        "spa": 31,
        "def": 31,
        "atk": 31,
        "hp": 31
      },
      "evs": {
        "spe": 252,
        "atk": 252,
        "hp": 6
      },
      "heldItem": [
        "yache_berry"
      ],
      "species": "garchomp",
      "gender": "FEMALE",
      "level": 100,
      "nature": "jolly",
      "ability": "roughskin"
    }
  ],
  "identity": "Champion Camilla",
  "battleFormat": "GEN_9_SINGLES"
}