{
  "name": {
    "literal": "Aaron"
  },
  "ai": {
    "type": "rct",
    "data": {
      "moveBias": 1,
      "switchBias": 0.5,
      "statMoveBias": 1,
      "itemBias": 0.8,
      "maxSelectMargin": 0.15
    }
  },
  "battleRules": {
    "maxItemUses": 6
  },
  "bag": [
    {
      "item": "cobblemon:full_restore",
      "quantity": 6
    }
  ],
  "team": [
    {
      "moveset": [
        "toxic",
        "bugbuzz",
        "moonlight",
        "lightscreen"
      ],
      "ivs": {
        "spe": 31,
        "spd": 31,
        "spa": 31,
        "def": 31,
        "atk": 31,
        "hp": 31
      },
      "evs": {
        "spd": 4,
        "def": 252,
        "hp": 252
      },
      "heldItem": [
        "black_sludge"
      ],
      "species": "dustox",
      "gender": "FEMALE",
      "level": 82,
      "nature": "bold",
      "ability": "shielddust"
    },
    {
      "moveset": [
        "bugbuzz",
        "shadowball",
        "psychic",
        "quiverdance"
      ],
      "ivs": {
        "spe": 31,
        "spd": 31,
        "spa": 31,
        "def": 31,
        "atk": 31,
        "hp": 31
      },
      "evs": {
        "spd": 252,
        "spa": 252,
        "hp": 4
      },
      "heldItem": [
        "life_orb"
      ],
      "species": "beautifly",
      "gender": "FEMALE",
      "level": 82,
      "nature": "modest",
      "ability": "swarm"
    },
    {
      "moveset": [
        "acrobatics",
        "attackorder",
        "aerialace",
        "defendorder"
      ],
      "ivs": {
        "spe": 31,
        "spd": 31,
        "spa": 31,
        "def": 31,
        "atk": 31,
        "hp": 31
      },
      "evs": {
        "spe": 4,
        "def": 252,
        "hp": 252
      },
      "heldItem": [
        "sitrus_berry"
      ],
      "species": "vespiquen",
      "gender": "FEMALE",
      "level": 82,
      "nature": "adamant",
      "ability": "unnerve"
    },
    {
      "moveset": [
        "earthquake",
        "rockslide",
        "facade",
        "brickbreak"
      ],
      "ivs": {
        "spe": 31,
        "spd": 31,
        "spa": 31,
        "def": 31,
        "atk": 31,
        "hp": 31
      },
      "evs": {
        "spe": 252,
        "atk": 252,
        "hp": 4
      },
      "heldItem": [
        "flame_orb"
      ],
      "species": "heracross",
      "gender": "FEMALE",
      "level": 82,
      "nature": "jolly",
      "ability": "guts"
    },
    {
      "moveset": [
        "crosspoison",
        "nightslash",
        "earthquake",
        "swordsdance"
      ],
      "ivs": {
        "spe": 31,
        "spd": 31,
        "spa": 31,
        "def": 31,
        "atk": 31,
        "hp": 31
      },
      "evs": {
        "spe": 252,
        "atk": 252,
        "hp": 4
      },
      "heldItem": [
        "life_orb"
      ],
      "species": "drapion",
      "gender": "FEMALE",
      "level": 82,
      "nature": "jolly",
      "ability": "sniper"
    },
    {
      "moveset": [
        "bugbuzz",
        "airslash",
        "protect",
        "gigadrain"
      ],
      "ivs": {
        "spe": 31,
        "spd": 31,
        "spa": 31,
        "def": 31,
        "atk": 31,
        "hp": 31
      },
      "evs": {
        "spe": 252,
        "spa": 252,
        "hp": 4
      },
      "heldItem": [
        "choice_specs"
      ],
      "species": "yanmega",
      "gender": "FEMALE",
      "level": 82,
      "nature": "modest",
      "ability": "tintedlens"
    }
  ],
  "battleFormat": "GEN_9_SINGLES"
}