{
  "name": {
    "literal": "Pedro"
  },
  "ai": {
    "type": "rct",
    "data": {
      "moveBias": 1,
      "switchBias": 0.5,
      "statMoveBias": 1,
      "itemBias": 0.8,
      "maxSelectMargin": 0.15
    }
  },
  "battleRules": {
    "maxItemUses": 2
  },
  "bag": [
    {
      "item": "cobblemon:full_restore",
      "quantity": 2
    }
  ],
  "team": [
    {
      "moveset": [
        "stealthrock",
        "rockslide",
        "protect",
        "earthquake"
      ],
      "ivs": {
        "spe": 31,
        "spd": 31,
        "spa": 31,
        "def": 31,
        "atk": 31,
        "hp": 31
      },
      "evs": {
        "spd": 128,
        "def": 128,
        "hp": 252
      },
      "heldItem": [
        "rocky_helmet"
      ],
      "species": "onix",
      "gender": "MALE",
      "level": 28,
      "nature": "impish",
      "ability": "sturdy"
    },
    {
      "moveset": [
        "powergem",
        "flashcannon",
        "bodypress",
        "discharge"
      ],
      "ivs": {
        "spe": 31,
        "spd": 31,
        "spa": 31,
        "def": 31,
        "atk": 31,
        "hp": 31
      },
      "evs": {
        "spe": 4,
        "spa": 252,
        "def": 252
      },
      "heldItem": [
        "focus_sash"
      ],
      "species": "probopass",
      "gender": "MALE",
      "level": 26,
      "nature": "modest",
      "ability": "sandforce"
    },
    {
      "moveset": [
        "headsmash",
        "waterfall",
        "earthquake",
        "stoneedge"
      ],
      "ivs": {
        "spe": 31,
        "spd": 31,
        "spa": 31,
        "def": 31,
        "atk": 31,
        "hp": 31
      },
      "evs": {
        "spd": 128,
        "atk": 252,
        "hp": 128
      },
      "heldItem": [
        "leftovers"
      ],
      "species": "relicanth",
      "gender": "MALE",
      "level": 27,
      "nature": "adamant",
      "ability": "rockhead"
    },
    {
      "moveset": [
        "rockslide",
        "irontail",
        "zenheadbutt",
        "headsmash"
      ],
      "ivs": {
        "spe": 31,
        "spd": 31,
        "spa": 31,
        "def": 31,
        "atk": 31,
        "hp": 31
      },
      "evs": {
        "spa": 32,
        "def": 216,
        "atk": 252
      },
      "heldItem": [
        "life_orb"
      ],
      "species": "rampardos",
      "gender": "MALE",
      "level": 30,
      "nature": "adamant",
      "ability": "sheerforce"
    }
  ],
  "identity": "Gym Leader Pedro",
  "battleFormat": "GEN_9_SINGLES"
}