{
  "name": {
    "literal": "Luciano"
  },
  "ai": {
    "type": "rct",
    "data": {
      "moveBias": 1,
      "switchBias": 0.5,
      "statMoveBias": 1,
      "itemBias": 0.8,
      "maxSelectMargin": 0.15
    }
  },
  "battleRules": {
    "maxItemUses": 6
  },
  "bag": [
    {
      "item": "cobblemon:full_restore",
      "quantity": 6
    }
  ],
  "team": [
    {
      "moveset": [
        "lightscreen",
        "reflect",
        "psychic",
        "dazzlinggleam"
      ],
      "ivs": {
        "spe": 31,
        "spd": 31,
        "spa": 31,
        "def": 31,
        "hp": 31
      },
      "evs": {
        "spe": 204,
        "spa": 52,
        "hp": 252
      },
      "heldItem": [
        "light_clay"
      ],
      "species": "mrmime",
      "gender": "MALE",
      "level": 90,
      "nature": "bold",
      "ability": "filter"
    },
    {
      "moveset": [
        "psychic",
        "thunderwave",
        "batonpass",
        "nastyplot"
      ],
      "ivs": {
        "spe": 31,
        "spd": 31,
        "spa": 31,
        "def": 31,
        "hp": 31
      },
      "evs": {
        "spe": 4,
        "spd": 252,
        "hp": 252
      },
      "heldItem": [
        "leftovers"
      ],
      "species": "girafarig",
      "gender": "FEMALE",
      "level": 90,
      "nature": "timid",
      "ability": "magicbounce"
    },
    {
      "moveset": [
        "gyroball",
        "earthquake",
        "payback",
        "rockslide"
      ],
      "ivs": {
        "spd": 31,
        "def": 31,
        "atk": 31,
        "hp": 31
      },
      "evs": {
        "atk": 252,
        "hp": 252
      },
      "heldItem": [
        "muscle_band"
      ],
      "species": "bronzong",
      "gender": "GENDERLESS",
      "level": 90,
      "nature": "brave",
      "ability": "levitate"
    },
    {
      "moveset": [
        "nastyplot",
        "psychic",
        "dazzlinggleam",
        "shadowball"
      ],
      "ivs": {
        "spe": 31,
        "spd": 31,
        "spa": 31,
        "def": 31,
        "hp": 31
      },
      "evs": {
        "spe": 204,
        "spa": 252,
        "hp": 52
      },
      "heldItem": [
        "life_orb"
      ],
      "species": "alakazam",
      "gender": "MALE",
      "level": 90,
      "nature": "timid",
      "ability": "magicguard"
    },
    {
      "moveset": [
        "highjumpkick",
        "thunderpunch",
        "zenheadbutt",
        "fakeout"
      ],
      "ivs": {
        "spe": 31,
        "spd": 31,
        "spa": 31,
        "def": 31,
        "atk": 31,
        "hp": 31
      },
      "evs": {
        "spe": 252,
        "atk": 252,
        "hp": 4
      },
      "heldItem": [
        "choice_band"
      ],
      "species": "medicham",
      "gender": "MALE",
      "level": 90,
      "nature": "jolly",
      "ability": "purepower"
    },
    {
      "moveset": [
        "closecombat",
        "psychocut",
        "poisonjab",
        "shadowsneak"
      ],
      "ivs": {
        "spe": 31,
        "spd": 31,
        "spa": 31,
        "def": 31,
        "atk": 31,
        "hp": 31
      },
      "evs": {
        "spe": 204,
        "atk": 252,
        "hp": 52
      },
      "heldItem": [
        "sitrus_berry"
      ],
      "species": "gallade",
      "gender": "MALE",
      "level": 90,
      "nature": "jolly",
      "ability": "steadfast"
    }
  ],
  "battleFormat": "GEN_9_SINGLES"
}