{
  "name": {
    "literal": "Bianca"
  },
  "ai": {
    "type": "rct",
    "data": {
      "moveBias": 1,
      "switchBias": 0.5,
      "statMoveBias": 1,
      "itemBias": 0.8,
      "maxSelectMargin": 0.15
    }
  },
  "battleRules": {
    "maxItemUses": 5
  },
  "bag": [
    {
      "item": "cobblemon:full_restore",
      "quantity": 5
    }
  ],
  "team": [
    {
      "moveset": [
        "woodhammer",
        "icepunch",
        "leechseed",
        "auroraveil"
      ],
      "ivs": {
        "spd": 31,
        "spa": 31,
        "def": 31,
        "atk": 31,
        "hp": 31
      },
      "evs": {
        "spd": 4,
        "def": 12,
        "atk": 252,
        "hp": 240
      },
      "heldItem": [
        "icy_rock"
      ],
      "species": "abomasnow",
      "gender": "FEMALE",
      "level": 67,
      "nature": "brave",
      "ability": "snowwarning"
    },
    {
      "moveset": [
        "blizzard",
        "focusblast",
        "psychic",
        "shadowball"
      ],
      "ivs": {
        "spe": 31,
        "spd": 31,
        "spa": 31,
        "def": 31,
        "atk": 31,
        "hp": 31
      },
      "evs": {
        "spe": 252,
        "spa": 252,
        "hp": 6
      },
      "heldItem": [
        "focus_sash"
      ],
      "species": "jynx",
      "gender": "FEMALE",
      "level": 66,
      "nature": "modest",
      "ability": "dryskin"
    },
    {
      "moveset": [
        "iceshard",
        "earthquake",
        "knockoff",
        "protect"
      ],
      "ivs": {
        "spe": 31,
        "spd": 31,
        "spa": 31,
        "def": 31,
        "atk": 31,
        "hp": 31
      },
      "evs": {
        "spe": 252,
        "atk": 252,
        "hp": 6
      },
      "heldItem": [
        "expert_belt"
      ],
      "species": "mamoswine",
      "gender": "FEMALE",
      "level": 67,
      "nature": "adamant",
      "ability": "snowcloak"
    },
    {
      "moveset": [
        "blizzard",
        "shadowball",
        "doubleteam",
        "auroraveil"
      ],
      "ivs": {
        "spe": 31,
        "spd": 31,
        "spa": 31,
        "def": 31,
        "atk": 31,
        "hp": 31
      },
      "evs": {
        "spe": 252,
        "spa": 252,
        "hp": 6
      },
      "heldItem": [
        "focus_sash"
      ],
      "species": "froslass",
      "gender": "FEMALE",
      "level": 67,
      "nature": "modest",
      "ability": "snowcloak"
    },
    {
      "moveset": [
        "blizzard",
        "freezedry",
        "babydolleyes",
        "protect"
      ],
      "ivs": {
        "spe": 31,
        "spd": 31,
        "spa": 31,
        "def": 31,
        "atk": 31,
        "hp": 31
      },
      "evs": {
        "spe": 6,
        "spa": 252,
        "hp": 252
      },
      "heldItem": [
        "leftovers"
      ],
      "species": "glaceon",
      "gender": "FEMALE",
      "level": 66,
      "nature": "modest",
      "ability": "icebody"
    },
    {
      "moveset": [
        "iceshard",
        "nightslash",
        "brickbreak",
        "xscissor"
      ],
      "ivs": {
        "spe": 31,
        "spd": 31,
        "spa": 31,
        "def": 31,
        "atk": 31,
        "hp": 31
      },
      "evs": {
        "spe": 252,
        "atk": 252,
        "hp": 6
      },
      "heldItem": [
        "life_orb"
      ],
      "species": "weavile",
      "gender": "MALE",
      "level": 67,
      "nature": "adamant",
      "ability": "pressure"
    }
  ],
  "identity": "Gym Leader Bianca",
  "battleFormat": "GEN_9_SINGLES"
}