{
  "name": {
    "literal": "Buck"
  },
  "ai": {
    "type": "rct",
    "data": {
      "moveBias": 1,
      "switchBias": 0.5,
      "statMoveBias": 1,
      "itemBias": 0.8,
      "maxSelectMargin": 0.15
    }
  },
  "battleRules": {
    "maxItemUses": 3
  },
  "bag": [
    {
      "item": "cobblemon:full_restore",
      "quantity": 3
    }
  ],
  "team": [
    {
      "moveset": [
        "trickroom",
        "willowisp",
        "payback",
        "brickbreak"
      ],
      "ivs": {
        "spe": 31,
        "spd": 31,
        "spa": 31,
        "def": 31,
        "atk": 31,
        "hp": 31
      },
      "evs": {
        "def": 144,
        "atk": 112,
        "hp": 252
      },
      "heldItem": [
        "mega_showdown:darkinium_z",
        "leftovers"
      ],
      "species": "dusknoir",
      "gender": "MALE",
      "level": 67,
      "nature": "relaxed",
      "ability": "frisk"
    },
    {
      "moveset": [
        "stickyweb",
        "stealthrock",
        "encore",
        "toxic"
      ],
      "ivs": {
        "spe": 31,
        "spd": 31,
        "spa": 31,
        "def": 31,
        "atk": 31,
        "hp": 31
      },
      "evs": {
        "spd": 252,
        "def": 8,
        "hp": 248
      },
      "heldItem": [
        "leftovers"
      ],
      "species": "shuckle",
      "gender": "FEMALE",
      "level": 65,
      "nature": "careful",
      "ability": "sturdy"
    },
    {
      "moveset": [
        "stealthrock",
        "rapidspin",
        "lavaplume",
        "toxic"
      ],
      "ivs": {
        "spe": 31,
        "spd": 31,
        "spa": 31,
        "def": 31,
        "atk": 31,
        "hp": 31
      },
      "evs": {
        "spd": 28,
        "def": 232,
        "hp": 248
      },
      "heldItem": [
        "leftovers"
      ],
      "species": "torkoal",
      "gender": "MALE",
      "level": 67,
      "nature": "bold",
      "ability": "shellarmor"
    },
    {
      "moveset": [
        "rapidspin",
        "toxic",
        "psychic",
        "earthpower"
      ],
      "ivs": {
        "spe": 31,
        "spd": 31,
        "spa": 31,
        "def": 31,
        "atk": 31,
        "hp": 31
      },
      "evs": {
        "spe": 120,
        "def": 120,
        "hp": 252
      },
      "heldItem": [
        "leftovers"
      ],
      "species": "claydol",
      "gender": "MALE",
      "level": 69,
      "nature": "bold",
      "ability": "levitate"
    },
    {
      "moveset": [
        "poisonjab",
        "knockoff",
        "poisonfang",
        "earthquake"
      ],
      "ivs": {
        "spe": 31,
        "spd": 31,
        "spa": 31,
        "def": 31,
        "atk": 31,
        "hp": 31
      },
      "evs": {
        "spe": 252,
        "atk": 252,
        "hp": 4
      },
      "heldItem": [
        "mega_showdown:poisonium_z",
        "life_orb"
      ],
      "species": "drapion",
      "gender": "MALE",
      "level": 65,
      "nature": "jolly",
      "ability": "battlearmor"
    }
  ],
  "battleFormat": "GEN_9_SINGLES"
}