{
  "name": {
    "literal": "Team Galactic Grunt"
  },
  "ai": {
    "type": "rct",
    "data": {
      "moveBias": 1,
      "switchBias": 0.5,
      "statMoveBias": 1,
      "itemBias": 0.8,
      "maxSelectMargin": 0.15
    }
  },
  "battleRules": {},
  "team": [
    {
      "moveset": [
        "discharge",
        "flashcannon",
        "triattack",
        "metalsound"
      ],
      "ivs": {
        "spe": 25,
        "spd": 25,
        "spa": 25,
        "def": 25,
        "hp": 25
      },
      "evs": {
        "spe": 150,
        "spa": 150
      },
      "species": "magneton",
      "gender": "GENDERLESS",
      "level": 35,
      "nature": "timid",
      "ability": "magnetpull"
    },
    {
      "moveset": [
        "poisonjab",
        "venoshock",
        "mudbomb",
        "taunt"
      ],
      "ivs": {
        "spe": 25,
        "spd": 25,
        "spa": 25,
        "def": 25,
        "atk": 25,
        "hp": 25
      },
      "evs": {
        "spe": 150,
        "atk": 150
      },
      "species": "croagunk",
      "gender": "MALE",
      "level": 34,
      "nature": "naughty",
      "ability": "anticipation"
    }
  ],
  "battleFormat": "GEN_9_SINGLES"
}