{
  "name": {
    "literal": "Team Galactic Grunt"
  },
  "ai": {
    "type": "rct",
    "data": {
      "moveBias": 1,
      "switchBias": 0.5,
      "statMoveBias": 1,
      "itemBias": 0.8,
      "maxSelectMargin": 0.15
    }
  },
  "battleRules": {},
  "team": [
    {
      "moveset": [
        "thundershock",
        "sonicboom",
        "supersonic",
        "thunderwave"
      ],
      "ivs": {
        "spe": 20,
        "spd": 20,
        "spa": 20,
        "def": 20,
        "hp": 20
      },
      "evs": {
        "spe": 100,
        "spa": 100
      },
      "species": "magnemite",
      "gender": "GENDERLESS",
      "level": 22,
      "nature": "modest",
      "ability": "sturdy"
    },
    {
      "moveset": [
        "hyperfang",
        "quickattack",
        "bite",
        "focusenergy"
      ],
      "ivs": {
        "spe": 20,
        "spd": 20,
        "def": 20,
        "atk": 20,
        "hp": 20
      },
      "evs": {
        "spe": 100,
        "atk": 100
      },
      "species": "rattata",
      "gender": "MALE",
      "level": 21,
      "nature": "jolly",
      "ability": "runaway"
    },
    {
      "moveset": [
        "confusion",
        "gust",
        "poisonpowder",
        "moonlight"
      ],
      "ivs": {
        "spe": 20,
        "spd": 20,
        "spa": 20,
        "def": 20,
        "hp": 20
      },
      "evs": {
        "spd": 100,
        "hp": 100
      },
      "species": "dustox",
      "gender": "FEMALE",
      "level": 23,
      "nature": "calm",
      "ability": "shielddust"
    }
  ],
  "battleFormat": "GEN_9_SINGLES"
}