{
  "name": {
    "literal": "Team Rocket Jessie"
  },
  "ai": {
    "type": "rct",
    "data": {
      "moveBias": 1,
      "switchBias": 0.5,
      "statMoveBias": 1,
      "itemBias": 0.8,
      "maxSelectMargin": 0.25
    }
  },
  "battleRules": {},
  "team": [
    {
      "moveset": [
        "sludgebomb",
        "gastroacid",
        "acid",
        "icefang"
      ],
      "ivs": {
        "spe": 15,
        "spd": 15,
        "spa": 15,
        "def": 15,
        "atk": 15,
        "hp": 15
      },
      "species": "arbok",
      "gender": "MALE",
      "level": 53,
      "nature": "bold",
      "ability": "shedskin"
    },
    {
      "moveset": [
        "destinybond",
        "amnesia",
        "safeguard"
      ],
      "ivs": {
        "spe": 15,
        "spd": 15,
        "spa": 15,
        "def": 15,
        "atk": 15,
        "hp": 15
      },
      "species": "wobbuffet",
      "gender": "MALE",
      "level": 50,
      "nature": "hardy",
      "ability": "shadowtag"
    },
    {
      "moveset": [
        "woodhammer",
        "shadowsneak",
        "shadowclaw",
        "slash"
      ],
      "ivs": {
        "spe": 15,
        "spd": 15,
        "spa": 15,
        "def": 15,
        "atk": 15,
        "hp": 15
      },
      "species": "mimikyu",
      "gender": "MALE",
      "level": 55,
      "nature": "mild",
      "ability": "disguise"
    }
  ],
  "battleFormat": "GEN_9_SINGLES"
}