{
  "name": {
    "literal": "Team Rocket Grunt"
  },
  "ai": {
    "type": "rct",
    "data": {
      "moveBias": 1,
      "switchBias": 0.5,
      "statMoveBias": 1,
      "itemBias": 0.8,
      "maxSelectMargin": 0.15
    }
  },
  "battleRules": {
    "maxItemUses": 1
  },
  "bag": [
    {
      "item": "cobblemon:full_restore",
      "quantity": 1
    }
  ],
  "team": [
    {
      "moveset": [
        "venoshock",
        "bite",
        "poisonfang",
        "aircutter"
      ],
      "ivs": {
        "spe": 15,
        "spd": 15,
        "spa": 15,
        "def": 15,
        "atk": 15,
        "hp": 15
      },
      "species": "golbat",
      "gender": "MALE",
      "level": 44,
      "nature": "quiet",
      "ability": "infiltrator"
    },
    {
      "moveset": [
        "sludge",
        "assurance",
        "heatwave",
        "clearsmog"
      ],
      "ivs": {
        "spe": 15,
        "spd": 15,
        "spa": 15,
        "def": 15,
        "atk": 15,
        "hp": 15
      },
      "species": "weezing",
      "gender": "MALE",
      "level": 43,
      "nature": "jolly",
      "ability": "levitate"
    },
    {
      "moveset": [
        "lowsweep",
        "knockoff",
        "karatechop",
        "dualchop"
      ],
      "ivs": {
        "spe": 15,
        "spd": 15,
        "spa": 15,
        "def": 15,
        "atk": 15,
        "hp": 15
      },
      "species": "machoke",
      "gender": "MALE",
      "level": 44,
      "nature": "brave",
      "ability": "steadfast"
    }
  ],
  "battleFormat": "GEN_9_SINGLES"
}