{
  "name": {
    "literal": "Team Rocket Grunt"
  },
  "ai": {
    "type": "rct",
    "data": {
      "moveBias": 1,
      "switchBias": 0.5,
      "statMoveBias": 1,
      "itemBias": 0.8,
      "maxSelectMargin": 0.15
    }
  },
  "battleRules": {
    "maxItemUses": 1
  },
  "bag": [
    {
      "item": "cobblemon:full_restore",
      "quantity": 1
    }
  ],
  "team": [
    {
      "moveset": [
        "crunch",
        "bite",
        "quickattack",
        "suckerpunch"
      ],
      "ivs": {
        "spe": 15,
        "spd": 15,
        "spa": 15,
        "def": 15,
        "atk": 15,
        "hp": 15
      },
      "species": "raticate",
      "gender": "MALE",
      "level": 44,
      "nature": "sassy",
      "ability": "hustle"
    },
    {
      "moveset": [
        "magnetbomb",
        "discharge",
        "flashcannon",
        "thundershock"
      ],
      "ivs": {
        "spe": 15,
        "spd": 15,
        "spa": 15,
        "def": 15,
        "atk": 15,
        "hp": 15
      },
      "species": "magneton",
      "gender": "MALE",
      "level": 43,
      "nature": "bashful",
      "ability": "analytic"
    },
    {
      "moveset": [
        "crunch",
        "thief",
        "playrough",
        "thunderfang"
      ],
      "ivs": {
        "spe": 15,
        "spd": 15,
        "spa": 15,
        "def": 15,
        "atk": 15,
        "hp": 15
      },
      "species": "mightyena",
      "gender": "FEMALE",
      "level": 44,
      "nature": "quirky",
      "ability": "intimidate"
    }
  ],
  "battleFormat": "GEN_9_SINGLES"
}