{
  "name": {
    "literal": "Team Galactic Recruit"
  },
  "ai": {
    "type": "rct",
    "data": {
      "moveBias": 1,
      "switchBias": 0.5,
      "statMoveBias": 1,
      "itemBias": 0.8,
      "maxSelectMargin": 0.15
    }
  },
  "battleRules": {},
  "bag": [
    {
      "item": "cobblemon:full_restore",
      "quantity": 1
    }
  ],
  "team": [
    {
      "moveset": [
        "aurasphere",
        "extremespeed",
        "flashcannon",
        "dragonpulse"
      ],
      "ivs": {
        "spe": 31,
        "spd": 31,
        "spa": 31,
        "def": 31,
        "atk": 31,
        "hp": 31
      },
      "evs": {
        "spe": 252,
        "spa": 128,
        "atk": 128
      },
      "species": "lucario",
      "gender": "MALE",
      "level": 60,
      "nature": "hasty",
      "ability": "innerfocus"
    },
    {
      "moveset": [
        "discharge",
        "flashcannon",
        "thunderwave",
        "lightscreen"
      ],
      "ivs": {
        "spe": 31,
        "spd": 31,
        "spa": 31,
        "def": 31,
        "hp": 31
      },
      "evs": {
        "spe": 252,
        "spa": 252,
        "hp": 4
      },
      "species": "magnemite",
      "gender": "GENDERLESS",
      "level": 60,
      "nature": "modest",
      "ability": "sturdy"
    },
    {
      "moveset": [
        "crunch",
        "superfang",
        "suckerpunch",
        "doubleedge"
      ],
      "ivs": {
        "spe": 31,
        "spd": 31,
        "def": 31,
        "atk": 31,
        "hp": 31
      },
      "evs": {
        "spe": 252,
        "atk": 252
      },
      "species": "rattata",
      "gender": "MALE",
      "level": 60,
      "nature": "jolly",
      "ability": "hustle",
      "variant": "alolan"
    }
  ],
  "identity": "Team Galactic Recruit (3)",
  "battleFormat": "GEN_9_SINGLES"
}