{
  "name": {
    "literal": "Team Galactic Recruit"
  },
  "ai": {
    "type": "rct",
    "data": {
      "moveBias": 1,
      "switchBias": 0.5,
      "statMoveBias": 1,
      "itemBias": 0.8,
      "maxSelectMargin": 0.15
    }
  },
  "battleRules": {},
  "bag": [
    {
      "item": "cobblemon:full_restore",
      "quantity": 1
    }
  ],
  "team": [
    {
      "moveset": [
        "bravebird",
        "closecombat",
        "quickattack",
        "uturn"
      ],
      "ivs": {
        "spe": 31,
        "spd": 31,
        "def": 31,
        "atk": 31,
        "hp": 31
      },
      "evs": {
        "spe": 252,
        "atk": 252
      },
      "species": "staraptor",
      "gender": "FEMALE",
      "level": 58,
      "nature": "jolly",
      "ability": "intimidate"
    },
    {
      "moveset": [
        "wildcharge",
        "icefang",
        "crunch",
        "firefang"
      ],
      "ivs": {
        "spe": 31,
        "spd": 31,
        "spa": 31,
        "def": 31,
        "atk": 31,
        "hp": 31
      },
      "evs": {
        "atk": 252,
        "hp": 252
      },
      "species": "luxray",
      "gender": "MALE",
      "level": 58,
      "nature": "adamant",
      "ability": "rivalry"
    },
    {
      "moveset": [
        "shadowball",
        "sludgebomb",
        "confuseray",
        "dazzlinggleam"
      ],
      "ivs": {
        "spe": 31,
        "spd": 31,
        "spa": 31,
        "def": 31,
        "hp": 31
      },
      "evs": {
        "spe": 252,
        "spa": 252
      },
      "species": "gastly",
      "gender": "MALE",
      "level": 58,
      "nature": "timid",
      "ability": "levitate"
    },
    {
      "moveset": [
        "poisonjab",
        "suckerpunch",
        "revenge",
        "fakeout"
      ],
      "ivs": {
        "spe": 31,
        "spd": 31,
        "def": 31,
        "atk": 31,
        "hp": 31
      },
      "evs": {
        "spe": 252,
        "atk": 252
      },
      "species": "croagunk",
      "gender": "FEMALE",
      "level": 58,
      "nature": "adamant",
      "ability": "dryskin"
    }
  ],
  "identity": "Team Galactic Recruit (4)",
  "battleFormat": "GEN_9_SINGLES"
}