{
  "name": {
    "literal": "Team Galactic Researcher"
  },
  "ai": {
    "type": "rct",
    "data": {
      "moveBias": 1,
      "switchBias": 0.5,
      "statMoveBias": 1,
      "itemBias": 0.8,
      "maxSelectMargin": 0.15
    }
  },
  "battleRules": {},
  "bag": [
    {
      "item": "cobblemon:full_restore",
      "quantity": 2
    }
  ],
  "team": [
    {
      "moveset": [
        "dracometeor",
        "hurricane",
        "boomburst",
        "flamethrower"
      ],
      "ivs": {
        "spe": 31,
        "spd": 31,
        "spa": 31,
        "def": 31,
        "hp": 31
      },
      "evs": {
        "spe": 252,
        "spa": 252,
        "hp": 4
      },
      "heldItem": [
        "choice_specs"
      ],
      "species": "noivern",
      "gender": "MALE",
      "level": 61,
      "nature": "timid",
      "ability": "infiltrator"
    },
    {
      "moveset": [
        "meteormash",
        "zenheadbutt",
        "earthquake",
        "bulletpunch"
      ],
      "ivs": {
        "spe": 31,
        "spd": 31,
        "spa": 31,
        "def": 31,
        "atk": 31,
        "hp": 31
      },
      "evs": {
        "def": 4,
        "atk": 252,
        "hp": 252
      },
      "heldItem": [
        "assault_vest"
      ],
      "species": "metagross",
      "gender": "GENDERLESS",
      "level": 61,
      "nature": "adamant",
      "ability": "clearbody"
    },
    {
      "moveset": [
        "overdrive",
        "boomburst",
        "sludgebomb",
        "snarl"
      ],
      "ivs": {
        "spe": 31,
        "spd": 31,
        "spa": 31,
        "def": 31,
        "hp": 31
      },
      "evs": {
        "spe": 252,
        "spa": 252,
        "hp": 4
      },
      "heldItem": [
        "throat_spray"
      ],
      "species": "toxtricity",
      "gender": "MALE",
      "level": 61,
      "nature": "modest",
      "ability": "punkrock"
    },
    {
      "moveset": [
        "originpulse",
        "darkpulse",
        "aurasphere",
        "icebeam"
      ],
      "ivs": {
        "spe": 31,
        "spd": 31,
        "spa": 31,
        "def": 31,
        "hp": 31
      },
      "evs": {
        "spd": 4,
        "spa": 252,
        "hp": 252
      },
      "heldItem": [
        "expert_belt"
      ],
      "species": "clawitzer",
      "gender": "MALE",
      "level": 62,
      "nature": "modest",
      "ability": "megalauncher"
    },
    {
      "moveset": [
        "thunderbolt",
        "hypervoice",
        "surf",
        "focusblast"
      ],
      "ivs": {
        "spe": 31,
        "spd": 31,
        "spa": 31,
        "def": 31,
        "hp": 31
      },
      "evs": {
        "spe": 252,
        "spa": 252,
        "hp": 4
      },
      "heldItem": [
        "focus_sash"
      ],
      "species": "heliolisk",
      "gender": "FEMALE",
      "level": 61,
      "nature": "timid",
      "ability": "dryskin"
    },
    {
      "moveset": [
        "psychic",
        "shadowball",
        "focusblast",
        "dazzlinggleam"
      ],
      "ivs": {
        "spe": 31,
        "spd": 31,
        "spa": 31,
        "def": 31,
        "hp": 31
      },
      "evs": {
        "spe": 252,
        "spa": 252,
        "hp": 4
      },
      "heldItem": [
        "life_orb"
      ],
      "species": "alakazam",
      "gender": "MALE",
      "level": 63,
      "nature": "timid",
      "ability": "magicguard"
    }
  ],
  "identity": "Team Galactic Researcher (4)",
  "battleFormat": "GEN_9_SINGLES"
}