{
  "name": {
    "literal": "Team Galactic Engineer"
  },
  "ai": {
    "type": "rct",
    "data": {
      "moveBias": 1,
      "switchBias": 0.5,
      "statMoveBias": 1,
      "itemBias": 0.8,
      "maxSelectMargin": 0.15
    }
  },
  "battleRules": {},
  "bag": [
    {
      "item": "cobblemon:full_restore",
      "quantity": 2
    }
  ],
  "team": [
    {
      "moveset": [
        "thunderbolt",
        "flashcannon",
        "triattack",
        "discharge"
      ],
      "ivs": {
        "spe": 31,
        "spd": 31,
        "spa": 31,
        "def": 31,
        "hp": 31
      },
      "evs": {
        "spd": 4,
        "spa": 252,
        "hp": 252
      },
      "heldItem": [
        "air_balloon"
      ],
      "species": "magnezone",
      "gender": "GENDERLESS",
      "level": 65,
      "nature": "modest",
      "ability": "sturdy"
    },
    {
      "moveset": [
        "meteormash",
        "zenheadbutt",
        "earthquake",
        "bulletpunch"
      ],
      "ivs": {
        "spe": 31,
        "spd": 31,
        "def": 31,
        "atk": 31,
        "hp": 31
      },
      "evs": {
        "def": 4,
        "atk": 252,
        "hp": 252
      },
      "heldItem": [
        "assault_vest"
      ],
      "species": "metagross",
      "gender": "GENDERLESS",
      "level": 66,
      "nature": "adamant",
      "ability": "clearbody"
    },
    {
      "moveset": [
        "earthquake",
        "ironhead",
        "wildcharge",
        "icespinner"
      ],
      "ivs": {
        "spe": 31,
        "spd": 31,
        "def": 31,
        "atk": 31,
        "hp": 31
      },
      "evs": {
        "spe": 252,
        "atk": 252,
        "hp": 4
      },
      "heldItem": [
        "leftovers"
      ],
      "species": "irontreads",
      "gender": "GENDERLESS",
      "level": 68,
      "nature": "jolly",
      "ability": "quarkdrive"
    }
  ],
  "identity": "Team Galactic Engineer (1)",
  "battleFormat": "GEN_9_SINGLES"
}