{
  "name": {
    "literal": "Team Galactic Grunt"
  },
  "ai": {
    "type": "rct",
    "data": {
      "moveBias": 1,
      "switchBias": 0.5,
      "statMoveBias": 1,
      "itemBias": 0.8,
      "maxSelectMargin": 0.15
    }
  },
  "battleRules": {},
  "team": [
    {
      "moveset": [
        "bite",
        "crunch",
        "quickattack",
        "focusenergy"
      ],
      "ivs": {
        "spe": 20,
        "spd": 20,
        "def": 20,
        "atk": 20,
        "hp": 20
      },
      "evs": {
        "atk": 200
      },
      "aspects": [
        "alolan"
      ],
      "species": "rattata",
      "gender": "MALE",
      "level": 25,
      "nature": "adamant",
      "ability": "hustle"
    },
    {
      "moveset": [
        "revenge",
        "poisonsting",
        "feintattack",
        "swagger"
      ],
      "ivs": {
        "spe": 20,
        "spd": 20,
        "spa": 20,
        "def": 20,
        "atk": 20,
        "hp": 20
      },
      "evs": {
        "spe": 100,
        "atk": 100
      },
      "species": "croagunk",
      "gender": "FEMALE",
      "level": 24,
      "nature": "jolly",
      "ability": "dryskin"
    },
    {
      "moveset": [
        "electroball",
        "magnetbomb",
        "lightscreen",
        "flash"
      ],
      "ivs": {
        "spe": 20,
        "spd": 20,
        "spa": 20,
        "def": 20,
        "hp": 20
      },
      "evs": {
        "hp": 200
      },
      "species": "magnemite",
      "gender": "GENDERLESS",
      "level": 24,
      "nature": "modest",
      "ability": "analytic"
    }
  ],
  "battleFormat": "GEN_9_SINGLES"
}