{
  "name": {
    "literal": "Team Galactic Scientist"
  },
  "ai": {
    "type": "rct",
    "data": {
      "moveBias": 1,
      "switchBias": 0.5,
      "statMoveBias": 1,
      "itemBias": 0.8,
      "maxSelectMargin": 0.15
    }
  },
  "battleRules": {},
  "bag": [
    {
      "item": "cobblemon:full_restore",
      "quantity": 2
    }
  ],
  "team": [
    {
      "moveset": [
        "scald",
        "toxicspikes",
        "sludgebomb",
        "rapidspin"
      ],
      "ivs": {
        "spe": 31,
        "spd": 31,
        "spa": 31,
        "def": 31,
        "atk": 31,
        "hp": 31
      },
      "evs": {
        "spd": 252,
        "def": 4,
        "hp": 252
      },
      "heldItem": [
        "black_sludge"
      ],
      "species": "tentacruel",
      "gender": "MALE",
      "level": 63,
      "nature": "calm",
      "ability": "liquidooze"
    },
    {
      "moveset": [
        "bravebird",
        "confuseray",
        "uturn",
        "roost"
      ],
      "ivs": {
        "spe": 31,
        "spd": 31,
        "spa": 31,
        "def": 31,
        "atk": 31,
        "hp": 31
      },
      "evs": {
        "spe": 252,
        "atk": 252,
        "hp": 4
      },
      "heldItem": [
        "sharp_beak"
      ],
      "species": "crobat",
      "gender": "FEMALE",
      "level": 64,
      "nature": "jolly",
      "ability": "infiltrator"
    },
    {
      "moveset": [
        "crosspoison",
        "nightslash",
        "earthquake",
        "swordsdance"
      ],
      "ivs": {
        "spe": 31,
        "spd": 31,
        "spa": 31,
        "def": 31,
        "atk": 31,
        "hp": 31
      },
      "evs": {
        "spe": 252,
        "def": 4,
        "atk": 252
      },
      "heldItem": [
        "scope_lens"
      ],
      "species": "drapion",
      "gender": "MALE",
      "level": 65,
      "nature": "jolly",
      "ability": "sniper"
    },
    {
      "moveset": [
        "toxicspikes",
        "gigadrain",
        "sleeppowder",
        "synthesis"
      ],
      "ivs": {
        "spe": 31,
        "spd": 31,
        "spa": 31,
        "def": 31,
        "atk": 31,
        "hp": 31
      },
      "evs": {
        "spa": 4,
        "def": 252,
        "hp": 252
      },
      "heldItem": [
        "eviolite"
      ],
      "species": "roselia",
      "gender": "FEMALE",
      "level": 62,
      "nature": "bold",
      "ability": "naturalcure"
    },
    {
      "moveset": [
        "scald",
        "earthpower",
        "recover",
        "toxic"
      ],
      "ivs": {
        "spe": 31,
        "spd": 31,
        "spa": 31,
        "def": 31,
        "atk": 31,
        "hp": 31
      },
      "evs": {
        "spd": 4,
        "def": 252,
        "hp": 252
      },
      "heldItem": [
        "leftovers"
      ],
      "species": "gastrodon",
      "gender": "MALE",
      "level": 64,
      "nature": "relaxed",
      "ability": "stormdrain"
    },
    {
      "moveset": [
        "drainpunch",
        "poisonjab",
        "suckerpunch",
        "bulkup"
      ],
      "ivs": {
        "spe": 31,
        "spd": 31,
        "spa": 31,
        "def": 31,
        "atk": 31,
        "hp": 31
      },
      "evs": {
        "spe": 252,
        "atk": 252,
        "hp": 4
      },
      "heldItem": [
        "black_belt"
      ],
      "species": "toxicroak",
      "gender": "MALE",
      "level": 65,
      "nature": "jolly",
      "ability": "dryskin"
    }
  ],
  "identity": "Team Galactic Scientist (5)",
  "battleFormat": "GEN_9_SINGLES"
}