{
  "name": {
    "literal": "Team Galactic Grunt"
  },
  "ai": {
    "type": "rct",
    "data": {
      "moveBias": 1,
      "switchBias": 0.5,
      "statMoveBias": 1,
      "itemBias": 0.8,
      "maxSelectMargin": 0.15
    }
  },
  "battleRules": {},
  "team": [
    {
      "moveset": [
        "facade",
        "crunch",
        "zenheadbutt",
        "swordsdance"
      ],
      "ivs": {
        "spe": 31,
        "spd": 31,
        "def": 31,
        "atk": 31,
        "hp": 31
      },
      "evs": {
        "spe": 252,
        "atk": 252,
        "hp": 4
      },
      "heldItem": [
        "cobblemon:flame_orb"
      ],
      "species": "raticate",
      "gender": "MALE",
      "level": 45,
      "nature": "adamant",
      "ability": "guts"
    }
  ],
  "battleFormat": "GEN_9_SINGLES"
}