{
  "name": {
    "literal": "Team Galactic Engineer"
  },
  "ai": {
    "type": "rct",
    "data": {
      "moveBias": 1,
      "switchBias": 0.5,
      "statMoveBias": 1,
      "itemBias": 0.8,
      "maxSelectMargin": 0.15
    }
  },
  "battleRules": {},
  "bag": [
    {
      "item": "cobblemon:full_restore",
      "quantity": 2
    }
  ],
  "team": [
    {
      "moveset": [
        "flashcannon",
        "thunderbolt",
        "triattack",
        "discharge"
      ],
      "ivs": {
        "spe": 31,
        "spd": 31,
        "spa": 31,
        "def": 31,
        "hp": 31
      },
      "evs": {
        "spd": 4,
        "spa": 252,
        "hp": 252
      },
      "heldItem": [
        "air_balloon"
      ],
      "species": "magnezone",
      "gender": "GENDERLESS",
      "level": 63,
      "nature": "modest",
      "ability": "analytic"
    },
    {
      "moveset": [
        "bulletpunch",
        "dualwingbeat",
        "bugbite",
        "trailblaze"
      ],
      "ivs": {
        "spe": 31,
        "spd": 31,
        "def": 31,
        "atk": 31,
        "hp": 31
      },
      "evs": {
        "def": 4,
        "atk": 252,
        "hp": 252
      },
      "heldItem": [
        "metal_coat"
      ],
      "species": "scizor",
      "gender": "MALE",
      "level": 62,
      "nature": "adamant",
      "ability": "technician"
    },
    {
      "moveset": [
        "geargrind",
        "wildcharge",
        "facade",
        "assurance"
      ],
      "ivs": {
        "spe": 31,
        "spd": 31,
        "def": 31,
        "atk": 31,
        "hp": 31
      },
      "evs": {
        "spe": 252,
        "atk": 252,
        "hp": 4
      },
      "heldItem": [
        "metal_coat"
      ],
      "species": "klinklang",
      "gender": "GENDERLESS",
      "level": 62,
      "nature": "adamant",
      "ability": "clearbody"
    },
    {
      "moveset": [
        "heavyslam",
        "earthquake",
        "stoneedge",
        "icepunch"
      ],
      "ivs": {
        "spe": 31,
        "spd": 31,
        "def": 31,
        "atk": 31,
        "hp": 31
      },
      "evs": {
        "def": 252,
        "atk": 4,
        "hp": 252
      },
      "heldItem": [
        "leftovers",
        "mega_showdown:aggronite"
      ],
      "species": "aggron",
      "gender": "MALE",
      "level": 64,
      "nature": "impish",
      "ability": "sturdy"
    }
  ],
  "identity": "Team Galactic Engineer (2)",
  "battleFormat": "GEN_9_SINGLES"
}