{
  "name": {
    "literal": "Team Galactic Scientist"
  },
  "ai": {
    "type": "rct",
    "data": {
      "moveBias": 1,
      "switchBias": 0.5,
      "statMoveBias": 1,
      "itemBias": 0.8,
      "maxSelectMargin": 31.15
    }
  },
  "battleRules": {},
  "bag": [
    {
      "item": "cobblemon:full_restore",
      "quantity": 2
    }
  ],
  "team": [
    {
      "moveset": [
        "scald",
        "toxicspikes",
        "rapidspin",
        "haze"
      ],
      "ivs": {
        "spe": 31,
        "spd": 31,
        "spa": 31,
        "def": 31,
        "atk": 31,
        "hp": 31
      },
      "evs": {
        "spd": 252,
        "def": 4,
        "hp": 252
      },
      "heldItem": [
        "black_sludge"
      ],
      "species": "tentacruel",
      "gender": "MALE",
      "level": 65,
      "nature": "calm",
      "ability": "liquidooze"
    },
    {
      "moveset": [
        "bravebird",
        "toxic",
        "uturn",
        "roost"
      ],
      "ivs": {
        "spe": 31,
        "spd": 31,
        "spa": 31,
        "def": 31,
        "atk": 31,
        "hp": 31
      },
      "evs": {
        "spe": 252,
        "atk": 252,
        "hp": 4
      },
      "heldItem": [
        "sharp_beak"
      ],
      "species": "crobat",
      "gender": "FEMALE",
      "level": 66,
      "nature": "jolly",
      "ability": "infiltrator"
    },
    {
      "moveset": [
        "crosspoison",
        "nightslash",
        "earthquake",
        "knockoff"
      ],
      "ivs": {
        "spe": 31,
        "spd": 31,
        "spa": 31,
        "def": 31,
        "atk": 31,
        "hp": 31
      },
      "evs": {
        "spe": 252,
        "def": 4,
        "atk": 252
      },
      "heldItem": [
        "scope_lens"
      ],
      "species": "drapion",
      "gender": "MALE",
      "level": 65,
      "nature": "jolly",
      "ability": "sniper"
    }
  ],
  "identity": "Team Galactic Scientist (4)",
  "battleFormat": "GEN_9_SINGLES"
}