{
  "name": {
    "literal": "Leader Ivan"
  },
  "ai": {
    "type": "rct",
    "data": {
      "moveBias": 1,
      "switchBias": 0.5,
      "statMoveBias": 1,
      "itemBias": 0.8,
      "maxSelectMargin": 0.15
    }
  },
  "battleRules": {
    "maxItemUses": 6
  },
  "bag": [
    {
      "item": "cobblemon:full_restore",
      "quantity": 6
    }
  ],
  "team": [
    {
      "moveset": [
        "icebeam",
        "waterspout",
        "originpulse",
        "thunder"
      ],
      "ivs": {
        "spe": 31,
        "spd": 31,
        "spa": 31,
        "def": 31,
        "atk": 31,
        "hp": 31
      },
      "evs": {
        "spe": 252,
        "spa": 252,
        "def": 6
      },
      "heldItem": [
        "mega_showdown:blue_orb"
      ],
      "aspects": [
        "primal"
      ],
      "species": "kyogre",
      "gender": "GENDERLESS",
      "level": 75,
      "nature": "timid",
      "ability": "primordialsea"
    }
  ],
  "battleFormat": "GEN_9_SINGLES"
}