{
  "name": {
    "literal": "Mars"
  },
  "ai": {
    "type": "rct",
    "data": {
      "moveBias": 1,
      "switchBias": 0.5,
      "statMoveBias": 1,
      "itemBias": 0.8,
      "maxSelectMargin": 0.15
    }
  },
  "battleRules": {
    "maxItemUses": 4
  },
  "bag": [
    {
      "item": "cobblemon:full_restore",
      "quantity": 4
    }
  ],
  "team": [
    {
      "moveset": [
        "fakeout",
        "return",
        "knockoff",
        "protect"
      ],
      "ivs": {
        "spe": 31,
        "spd": 31,
        "spa": 31,
        "def": 31,
        "atk": 31,
        "hp": 31
      },
      "evs": {
        "spe": 252,
        "atk": 252,
        "hp": 4
      },
      "heldItem": [
        "silk_scarf"
      ],
      "species": "purugly",
      "gender": "FEMALE",
      "level": 75,
      "nature": "jolly",
      "ability": "defiant"
    },
    {
      "moveset": [
        "fakeout",
        "iceshard",
        "knockoff",
        "protect"
      ],
      "ivs": {
        "spe": 31,
        "spd": 31,
        "spa": 31,
        "def": 31,
        "atk": 31,
        "hp": 31
      },
      "evs": {
        "spe": 252,
        "atk": 252,
        "hp": 4
      },
      "heldItem": [
        "life_orb"
      ],
      "species": "weavile",
      "gender": "FEMALE",
      "level": 74,
      "nature": "jolly",
      "ability": "pressure"
    },
    {
      "moveset": [
        "doubleedge",
        "earthquake",
        "rockslide",
        "protect"
      ],
      "ivs": {
        "spe": 31,
        "spd": 31,
        "spa": 31,
        "def": 31,
        "atk": 31,
        "hp": 31
      },
      "evs": {
        "spe": 252,
        "atk": 252,
        "hp": 4
      },
      "heldItem": [
        "leftovers",
        "mega_showdown:salamencite"
      ],
      "species": "salamence",
      "gender": "MALE",
      "level": 75,
      "nature": "jolly",
      "ability": "intimidate"
    },
    {
      "moveset": [
        "tailwind",
        "bravebird",
        "superfang",
        "taunt"
      ],
      "ivs": {
        "spe": 31,
        "spd": 31,
        "spa": 31,
        "def": 31,
        "atk": 31,
        "hp": 31
      },
      "evs": {
        "spe": 252,
        "def": 4,
        "hp": 252
      },
      "heldItem": [
        "sharp_beak"
      ],
      "species": "crobat",
      "gender": "MALE",
      "level": 73,
      "nature": "jolly",
      "ability": "innerfocus"
    },
    {
      "moveset": [
        "fakeout",
        "nuzzle",
        "electroball",
        "protect"
      ],
      "ivs": {
        "spe": 31,
        "spd": 31,
        "spa": 31,
        "def": 31,
        "hp": 31
      },
      "evs": {
        "spe": 252,
        "spa": 252,
        "hp": 4
      },
      "heldItem": [
        "focus_sash"
      ],
      "species": "raichu",
      "gender": "MALE",
      "level": 74,
      "nature": "timid",
      "ability": "lightningrod"
    },
    {
      "moveset": [
        "psychic",
        "dazzlinggleam",
        "shadowball",
        "protect"
      ],
      "ivs": {
        "spe": 31,
        "spd": 31,
        "spa": 31,
        "def": 31,
        "hp": 31
      },
      "evs": {
        "spe": 252,
        "spa": 252,
        "hp": 4
      },
      "heldItem": [
        "life_orb"
      ],
      "species": "espeon",
      "gender": "MALE",
      "level": 75,
      "nature": "timid",
      "ability": "magicbounce"
    }
  ],
  "battleFormat": "GEN_9_DOUBLES"
}