{
  "name": {
    "literal": "Team Galactic Grunt"
  },
  "ai": {
    "type": "rct",
    "data": {
      "moveBias": 1,
      "switchBias": 0.5,
      "statMoveBias": 1,
      "itemBias": 0.8,
      "maxSelectMargin": 0.15
    }
  },
  "battleRules": {},
  "team": [
    {
      "moveset": [
        "thundershock",
        "sonicboom",
        "spark",
        "magnetbomb"
      ],
      "ivs": {
        "spe": 20,
        "spd": 20,
        "spa": 20,
        "def": 20,
        "hp": 20
      },
      "evs": {
        "spa": 100,
        "hp": 50
      },
      "species": "magnemite",
      "gender": "GENDERLESS",
      "level": 28,
      "nature": "modest",
      "ability": "magnetpull"
    }
  ],
  "battleFormat": "GEN_9_SINGLES"
}