{
  "name": {
    "literal": "Charon"
  },
  "ai": {
    "type": "rct",
    "data": {
      "moveBias": 1,
      "switchBias": 0.5,
      "statMoveBias": 1,
      "itemBias": 0.8,
      "maxSelectMargin": 0.15
    }
  },
  "battleRules": {
    "maxItemUses": 3
  },
  "bag": [
    {
      "item": "cobblemon:full_restore",
      "quantity": 3
    }
  ],
  "team": [
    {
      "moveset": [
        "bravebird",
        "toxic",
        "roost",
        "taunt"
      ],
      "ivs": {
        "spe": 31,
        "spd": 31,
        "spa": 31,
        "def": 31,
        "atk": 31,
        "hp": 31
      },
      "evs": {
        "spe": 60,
        "def": 196,
        "hp": 252
      },
      "heldItem": [
        "eviolite"
      ],
      "species": "golbat",
      "gender": "MALE",
      "level": 65,
      "nature": "jolly",
      "ability": "infiltrator"
    },
    {
      "moveset": [
        "shadowball",
        "sludgewave",
        "focusblast",
        "substitute"
      ],
      "ivs": {
        "spe": 31,
        "spd": 31,
        "spa": 31,
        "def": 31,
        "atk": 31,
        "hp": 31
      },
      "evs": {
        "spe": 252,
        "spd": 4,
        "spa": 252
      },
      "heldItem": [
        "mega_showdown:gengarite",
        "leftovers"
      ],
      "species": "gengar",
      "gender": "MALE",
      "level": 66,
      "nature": "timid",
      "ability": "cursedbody"
    },
    {
      "moveset": [
        "swordsdance",
        "gunkshot",
        "drainpunch",
        "suckerpunch"
      ],
      "ivs": {
        "spe": 31,
        "spd": 31,
        "spa": 31,
        "def": 31,
        "atk": 31,
        "hp": 31
      },
      "evs": {
        "spe": 252,
        "spd": 4,
        "atk": 252
      },
      "heldItem": [
        "life_orb"
      ],
      "species": "toxicroak",
      "gender": "MALE",
      "level": 69,
      "nature": "jolly",
      "ability": "dryskin"
    },
    {
      "moveset": [
        "voltswitch",
        "thunderbolt",
        "defog",
        "hex"
      ],
      "ivs": {
        "spe": 31,
        "spd": 31,
        "spa": 31,
        "def": 31,
        "atk": 31,
        "hp": 31
      },
      "evs": {
        "spe": 252,
        "spa": 8,
        "hp": 248
      },
      "heldItem": [
        "leftovers"
      ],
      "species": "rotom",
      "gender": "MALE",
      "level": 68,
      "nature": "timid",
      "ability": "levitate"
    },
    {
      "moveset": [
        "stealthrock",
        "earthquake",
        "psywave",
        "gyroball"
      ],
      "ivs": {
        "spe": 31,
        "spd": 31,
        "spa": 31,
        "def": 31,
        "atk": 31,
        "hp": 31
      },
      "evs": {
        "spd": 252,
        "spa": 252,
        "def": 4
      },
      "heldItem": [
        "leftovers"
      ],
      "species": "bronzong",
      "gender": "MALE",
      "level": 69,
      "nature": "sassy",
      "ability": "levitate"
    }
  ],
  "battleFormat": "GEN_9_SINGLES"
}