{
  "name": {
    "literal": "Team Rocket General Archer"
  },
  "ai": {
    "type": "rct",
    "data": {
      "moveBias": 1,
      "switchBias": 0.5,
      "statMoveBias": 1,
      "itemBias": 0.8,
      "maxSelectMargin": 0.25
    }
  },
  "battleRules": {
    "maxItemUses": 3
  },
  "bag": [
    {
      "item": "cobblemon:full_restore",
      "quantity": 3
    }
  ],
  "team": [
    {
      "moveset": [
        "thunderfang",
        "flamethrower",
        "crunch",
        "incinerate"
      ],
      "ivs": {
        "spe": 25,
        "spd": 25,
        "spa": 25,
        "def": 25,
        "atk": 25,
        "hp": 25
      },
      "evs": {
        "spe": 252,
        "spa": 252,
        "hp": 6
      },
      "heldItem": [
        "leftovers"
      ],
      "species": "houndoom",
      "gender": "MALE",
      "level": 80,
      "nature": "adamant",
      "ability": "earlybird"
    },
    {
      "moveset": [
        "belch",
        "sludgebomb",
        "mudshot",
        "sludge"
      ],
      "ivs": {
        "spe": 25,
        "spd": 25,
        "spa": 25,
        "def": 25,
        "atk": 25,
        "hp": 25
      },
      "evs": {
        "spe": 252,
        "spa": 252,
        "hp": 6
      },
      "heldItem": [
        "oran_berry"
      ],
      "species": "muk",
      "gender": "MALE",
      "level": 77,
      "nature": "careful",
      "ability": "stench"
    },
    {
      "moveset": [
        "lavaplume",
        "feintattack",
        "clearsmog",
        "lowkick"
      ],
      "ivs": {
        "spe": 25,
        "spd": 25,
        "spa": 25,
        "def": 25,
        "atk": 25,
        "hp": 25
      },
      "evs": {
        "spe": 252,
        "spa": 252,
        "hp": 6
      },
      "heldItem": [
        "life_orb"
      ],
      "species": "magmortar",
      "gender": "FEMALE",
      "level": 80,
      "nature": "quirky",
      "ability": "flamebody"
    },
    {
      "moveset": [
        "destinybond",
        "sludgebomb",
        "assurance",
        "heatwave"
      ],
      "ivs": {
        "spe": 25,
        "spd": 25,
        "spa": 25,
        "def": 25,
        "atk": 25,
        "hp": 25
      },
      "evs": {
        "spe": 252,
        "spa": 252,
        "hp": 6
      },
      "heldItem": [
        "focus_sash"
      ],
      "species": "weezing",
      "gender": "MALE",
      "level": 80,
      "nature": "jolly",
      "ability": "neutralizinggas"
    },
    {
      "moveset": [
        "earthpower",
        "discharge",
        "magnetbomb",
        "powergem"
      ],
      "ivs": {
        "spe": 25,
        "spd": 25,
        "spa": 25,
        "def": 25,
        "atk": 25,
        "hp": 25
      },
      "evs": {
        "spe": 252,
        "spa": 252,
        "hp": 6
      },
      "heldItem": [
        "berry_juice"
      ],
      "species": "probopass",
      "gender": "MALE",
      "level": 78,
      "nature": "relaxed",
      "ability": "sturdy"
    },
    {
      "moveset": [
        "aircutter",
        "venoshock",
        "bite",
        "leechlife"
      ],
      "ivs": {
        "spe": 25,
        "spd": 25,
        "spa": 25,
        "def": 25,
        "atk": 25,
        "hp": 25
      },
      "evs": {
        "spe": 252,
        "spa": 252,
        "hp": 6
      },
      "heldItem": [
        "berry_juice"
      ],
      "species": "golbat",
      "gender": "MALE",
      "level": 79,
      "nature": "relaxed",
      "ability": "innerfocus"
    }
  ],
  "battleFormat": "GEN_9_SINGLES"
}