{
  "name": {
    "literal": "Cyrus"
  },
  "ai": {
    "type": "rct",
    "data": {
      "moveBias": 1,
      "switchBias": 0.5,
      "statMoveBias": 1,
      "itemBias": 0.8,
      "maxSelectMargin": 0.15
    }
  },
  "battleRules": {
    "maxItemUses": 5
  },
  "bag": [
    {
      "item": "cobblemon:full_restore",
      "quantity": 5
    }
  ],
  "team": [
    {
      "moveset": [
        "aircutter",
        "nightslash",
        "steelwing",
        "suckerpunch"
      ],
      "ivs": {
        "spe": 31,
        "spd": 31,
        "spa": 31,
        "def": 31,
        "atk": 31,
        "hp": 31
      },
      "evs": {
        "spe": 252,
        "atk": 252,
        "hp": 4
      },
      "heldItem": [
        "scope_lens"
      ],
      "species": "honchkrow",
      "gender": "MALE",
      "level": 88,
      "nature": "jolly",
      "ability": "superluck"
    },
    {
      "moveset": [
        "crosspoison",
        "tailwind",
        "aircutter",
        "uturn"
      ],
      "ivs": {
        "spe": 31,
        "spd": 31,
        "spa": 31,
        "def": 31,
        "atk": 31,
        "hp": 31
      },
      "evs": {
        "spe": 252,
        "atk": 252,
        "hp": 4
      },
      "heldItem": [
        "sharp_beak"
      ],
      "species": "crobat",
      "gender": "FEMALE",
      "level": 85,
      "nature": "jolly",
      "ability": "infiltrator"
    },
    {
      "moveset": [
        "icefang",
        "waterfall",
        "crunch",
        "earthquake"
      ],
      "ivs": {
        "spe": 31,
        "spd": 31,
        "spa": 31,
        "def": 31,
        "atk": 31,
        "hp": 31
      },
      "evs": {
        "spe": 252,
        "atk": 252,
        "hp": 4
      },
      "heldItem": [
        "leftovers"
      ],
      "species": "gyarados",
      "gender": "MALE",
      "level": 86,
      "nature": "jolly",
      "ability": "intimidate"
    },
    {
      "moveset": [
        "nightslash",
        "iceshard",
        "icepunch",
        "lowkick"
      ],
      "ivs": {
        "spe": 31,
        "spd": 31,
        "spa": 31,
        "def": 31,
        "atk": 31,
        "hp": 31
      },
      "evs": {
        "spe": 252,
        "atk": 252,
        "hp": 4
      },
      "heldItem": [
        "life_orb"
      ],
      "species": "weavile",
      "gender": "MALE",
      "level": 85,
      "nature": "jolly",
      "ability": "pickpocket"
    },
    {
      "moveset": [
        "bodypress",
        "uturn",
        "roost",
        "bravebird"
      ],
      "ivs": {
        "spe": 31,
        "spd": 31,
        "spa": 31,
        "def": 31,
        "atk": 31,
        "hp": 31
      },
      "evs": {
        "spd": 124,
        "def": 136,
        "hp": 248
      },
      "heldItem": [
        "leftovers"
      ],
      "gimmicks": {
        "dynamax": true,
        "gmax": true
      },
      "species": "corviknight",
      "gender": "MALE",
      "level": 87,
      "nature": "impish",
      "ability": "pressure"
    },
    {
      "moveset": [
        "flamethrower",
        "darkpulse",
        "sludgebomb",
        "taunt"
      ],
      "ivs": {
        "spe": 31,
        "spd": 31,
        "spa": 31,
        "def": 31,
        "hp": 31
      },
      "evs": {
        "spe": 252,
        "spa": 252,
        "hp": 4
      },
      "heldItem": [
        "life_orb",
        "mega_showdown:houndoominite"
      ],
      "species": "houndoom",
      "gender": "MALE",
      "level": 88,
      "nature": "timid",
      "ability": "flashfire"
    }
  ],
  "battleFormat": "GEN_9_DOUBLES"
}