{
  "name": {
    "literal": "Team Rocket James"
  },
  "ai": {
    "type": "rct",
    "data": {
      "moveBias": 1,
      "switchBias": 0.5,
      "statMoveBias": 1,
      "itemBias": 0.8,
      "maxSelectMargin": 0.25
    }
  },
  "battleRules": {},
  "team": [
    {
      "moveset": [
        "vinewhip",
        "leaftornado",
        "crunch",
        "bite"
      ],
      "ivs": {
        "spe": 15,
        "spd": 15,
        "spa": 15,
        "def": 15,
        "atk": 15,
        "hp": 15
      },
      "species": "carnivine",
      "gender": "MALE",
      "level": 52,
      "nature": "timid",
      "ability": "levitate"
    },
    {
      "moveset": [
        "energyball",
        "absorb",
        "feintattack",
        "cottonspore"
      ],
      "ivs": {
        "spe": 15,
        "spd": 15,
        "spa": 15,
        "def": 15,
        "atk": 15,
        "hp": 15
      },
      "species": "cacnea",
      "gender": "MALE",
      "level": 53,
      "nature": "relaxed",
      "ability": "sandveil"
    },
    {
      "moveset": [
        "barrier",
        "teeterdance",
        "psychic",
        "confusion"
      ],
      "ivs": {
        "spe": 15,
        "spd": 15,
        "spa": 15,
        "def": 15,
        "atk": 15,
        "hp": 15
      },
      "species": "mimejr",
      "gender": "MALE",
      "level": 54,
      "nature": "brave",
      "ability": "filter"
    }
  ],
  "battleFormat": "GEN_9_SINGLES"
}