{
  "name": {
    "literal": "Team Galactic Recruit"
  },
  "ai": {
    "type": "rct",
    "data": {
      "moveBias": 1,
      "switchBias": 0.5,
      "statMoveBias": 1,
      "itemBias": 0.8,
      "maxSelectMargin": 0.15
    }
  },
  "battleRules": {},
  "bag": [
    {
      "item": "cobblemon:full_restore",
      "quantity": 1
    }
  ],
  "team": [
    {
      "moveset": [
        "waterfall",
        "crunch",
        "icefang",
        "dragondance"
      ],
      "ivs": {
        "spe": 31,
        "spd": 31,
        "def": 31,
        "atk": 31,
        "hp": 31
      },
      "evs": {
        "spe": 252,
        "atk": 252,
        "hp": 4
      },
      "heldItem": [
        "mystic_water"
      ],
      "species": "gyarados",
      "gender": "MALE",
      "level": 65,
      "nature": "adamant",
      "ability": "intimidate"
    }
  ],
  "identity": "Team Galactic Recruit (1)",
  "battleFormat": "GEN_9_SINGLES"
}