{
  "name": {
    "literal": "Team Galactic Recruit"
  },
  "ai": {
    "type": "rct",
    "data": {
      "moveBias": 1,
      "switchBias": 0.5,
      "statMoveBias": 1,
      "itemBias": 0.8,
      "maxSelectMargin": 0.15
    }
  },
  "battleRules": {},
  "bag": [
    {
      "item": "cobblemon:full_restore",
      "quantity": 1
    }
  ],
  "team": [
    {
      "moveset": [
        "flail",
        "bounce",
        "tackle",
        "splash"
      ],
      "species": "magikarp",
      "gender": "MALE",
      "level": 55
    },
    {
      "moveset": [
        "bugbite",
        "poisonsting",
        "stringshot",
        "tackle"
      ],
      "species": "wurmple",
      "gender": "MALE",
      "level": 55
    },
    {
      "moveset": [
        "hyperfang",
        "quickattack",
        "crunch",
        "pursuit"
      ],
      "species": "rattata",
      "gender": "MALE",
      "level": 55
    },
    {
      "moveset": [
        "thundershock",
        "sonicboom",
        "supersonic",
        "flash"
      ],
      "species": "magnemite",
      "gender": "MALE",
      "level": 55
    },
    {
      "moveset": [
        "wingattack",
        "bite",
        "confuseray",
        "aircutter"
      ],
      "species": "zubat",
      "gender": "MALE",
      "level": 55
    }
  ],
  "identity": "Team Galactic Recruit (5)",
  "battleFormat": "GEN_9_SINGLES"
}