{
  "name": {
    "literal": "Team Galactic Scientist"
  },
  "ai": {
    "type": "rct",
    "data": {
      "moveBias": 1,
      "switchBias": 0.5,
      "statMoveBias": 1,
      "itemBias": 0.8,
      "maxSelectMargin": 0.15
    }
  },
  "battleRules": {},
  "bag": [
    {
      "item": "cobblemon:full_restore",
      "quantity": 3
    }
  ],
  "team": [
    {
      "moveset": [
        "spikes",
        "bravebird",
        "whirlwind",
        "roost"
      ],
      "ivs": {
        "spe": 31,
        "spd": 31,
        "def": 31,
        "atk": 31,
        "hp": 31
      },
      "evs": {
        "spd": 4,
        "def": 252,
        "hp": 252
      },
      "heldItem": [
        "rocky_helmet"
      ],
      "species": "skarmory",
      "gender": "MALE",
      "level": 67,
      "nature": "impish",
      "ability": "sturdy"
    },
    {
      "moveset": [
        "triattack",
        "shadowball",
        "icebeam",
        "nastyplot"
      ],
      "ivs": {
        "spe": 31,
        "spd": 31,
        "spa": 31,
        "def": 31,
        "hp": 31
      },
      "evs": {
        "spe": 252,
        "spa": 252,
        "hp": 4
      },
      "heldItem": [
        "life_orb"
      ],
      "species": "porygonz",
      "gender": "GENDERLESS",
      "level": 69,
      "nature": "modest",
      "ability": "adaptability"
    },
    {
      "moveset": [
        "superfang",
        "toxic",
        "roost",
        "uturn"
      ],
      "ivs": {
        "spe": 31,
        "spd": 31,
        "def": 31,
        "atk": 31,
        "hp": 31
      },
      "evs": {
        "spd": 252,
        "def": 4,
        "hp": 252
      },
      "heldItem": [
        "eviolite"
      ],
      "species": "golbat",
      "gender": "FEMALE",
      "level": 68,
      "nature": "jolly",
      "ability": "infiltrator"
    },
    {
      "moveset": [
        "iciclecrash",
        "nightslash",
        "iceshard",
        "swordsdance"
      ],
      "ivs": {
        "spe": 31,
        "spd": 31,
        "def": 31,
        "atk": 31,
        "hp": 31
      },
      "evs": {
        "spe": 252,
        "atk": 252,
        "hp": 4
      },
      "heldItem": [
        "focus_sash"
      ],
      "species": "weavile",
      "gender": "MALE",
      "level": 70,
      "nature": "jolly",
      "ability": "pressure"
    }
  ],
  "identity": "Team Galactic Scientist (3)",
  "battleFormat": "GEN_9_SINGLES"
}