{
  "name": {
    "literal": "Team Galactic Apiarits"
  },
  "ai": {
    "type": "rct",
    "data": {
      "moveBias": 1,
      "switchBias": 0.5,
      "statMoveBias": 1,
      "itemBias": 0.8,
      "maxSelectMargin": 0.15
    }
  },
  "battleRules": {},
  "bag": [
    {
      "item": "cobblemon:full_restore",
      "quantity": 3
    }
  ],
  "team": [
    {
      "moveset": [
        "bugbite",
        "gust",
        "sweetscent",
        "tailwind"
      ],
      "ivs": {
        "spe": 31,
        "spd": 31,
        "spa": 31,
        "def": 31,
        "hp": 31
      },
      "evs": {
        "spe": 252,
        "spa": 252,
        "hp": 4
      },
      "heldItem": [
        "focus_sash"
      ],
      "species": "combee",
      "gender": "FEMALE",
      "level": 65,
      "nature": "timid",
      "ability": "honeygather"
    },
    {
      "moveset": [
        "bugbite",
        "gust",
        "tailwind",
        "stringshot"
      ],
      "ivs": {
        "spe": 31,
        "spd": 31,
        "spa": 31,
        "def": 31,
        "hp": 31
      },
      "evs": {
        "spe": 252,
        "spa": 252,
        "hp": 4
      },
      "heldItem": [
        "bright_powder"
      ],
      "species": "combee",
      "gender": "FEMALE",
      "level": 65,
      "nature": "timid",
      "ability": "honeygather"
    },
    {
      "moveset": [
        "solarblade",
        "sunnyday",
        "playrough",
        "pollenpuff"
      ],
      "ivs": {
        "spe": 31,
        "spd": 31,
        "def": 31,
        "atk": 31,
        "hp": 31
      },
      "evs": {
        "spe": 252,
        "atk": 4,
        "hp": 252
      },
      "heldItem": [
        "heat_rock"
      ],
      "species": "cherrim",
      "gender": "FEMALE",
      "level": 66,
      "nature": "jolly",
      "ability": "flowergift"
    },
    {
      "moveset": [
        "powerwhip",
        "crunch",
        "knockoff",
        "sleeppowder"
      ],
      "ivs": {
        "spe": 31,
        "spd": 31,
        "def": 31,
        "atk": 31,
        "hp": 31
      },
      "evs": {
        "def": 4,
        "atk": 252,
        "hp": 252
      },
      "heldItem": [
        "leftovers"
      ],
      "species": "carnivine",
      "gender": "MALE",
      "level": 67,
      "nature": "adamant",
      "ability": "levitate"
    },
    {
      "moveset": [
        "uturn",
        "poisonjab",
        "drillrun",
        "fellstinger"
      ],
      "ivs": {
        "spe": 31,
        "spd": 31,
        "def": 31,
        "atk": 31,
        "hp": 31
      },
      "evs": {
        "spe": 252,
        "atk": 252,
        "hp": 4
      },
      "heldItem": [
        "leftovers",
        "mega_showdown:beedrillite"
      ],
      "species": "beedrill",
      "gender": "FEMALE",
      "level": 68,
      "nature": "jolly",
      "ability": "swarm"
    }
  ],
  "battleFormat": "GEN_9_SINGLES"
}