{
  "name": {
    "literal": "Apollo"
  },
  "ai": {
    "type": "rct",
    "data": {
      "moveBias": 1,
      "switchBias": 0.5,
      "statMoveBias": 1,
      "itemBias": 0.8,
      "maxSelectMargin": 0.15
    }
  },
  "battleRules": {
    "maxItemUses": 4
  },
  "bag": [
    {
      "item": "cobblemon:full_restore",
      "quantity": 4
    }
  ],
  "team": [
    {
      "moveset": [
        "earthpower",
        "sludgebomb",
        "recover",
        "toxic"
      ],
      "ivs": {
        "spe": 31,
        "spd": 31,
        "spa": 31,
        "def": 31,
        "atk": 31,
        "hp": 31
      },
      "evs": {
        "spd": 252,
        "def": 252,
        "hp": 6
      },
      "heldItem": [
        "leftovers"
      ],
      "species": "clodsire",
      "gender": "MALE",
      "level": 65,
      "nature": "calm",
      "ability": "waterabsorb"
    },
    {
      "moveset": [
        "protect",
        "psychicfangs",
        "crunch",
        "poisonfang"
      ],
      "ivs": {
        "spe": 31,
        "spd": 31,
        "spa": 31,
        "def": 31,
        "atk": 31,
        "hp": 31
      },
      "evs": {
        "spe": 252,
        "atk": 252,
        "hp": 6
      },
      "heldItem": [
        "mega_showdown:sharpedonite"
      ],
      "gimmicks": {
        "mega": true
      },
      "species": "sharpedo",
      "gender": "MALE",
      "level": 65,
      "nature": "jolly",
      "ability": "strongjaw"
    },
    {
      "moveset": [
        "sludgebomb",
        "earthpower",
        "dazzlinggleam",
        "energyball"
      ],
      "ivs": {
        "spe": 31,
        "spd": 31,
        "spa": 31,
        "def": 31,
        "atk": 31,
        "hp": 31
      },
      "evs": {
        "spe": 252,
        "spa": 252,
        "hp": 6
      },
      "heldItem": [
        "life_orb"
      ],
      "species": "glimmora",
      "gender": "FEMALE",
      "level": 64,
      "nature": "jolly",
      "ability": "toxicdebris"
    },
    {
      "moveset": [
        "earthpower",
        "surf",
        "sludgebomb",
        "scald"
      ],
      "ivs": {
        "spe": 31,
        "spd": 31,
        "spa": 31,
        "def": 31,
        "atk": 31,
        "hp": 31
      },
      "evs": {
        "spd": 6,
        "spa": 252,
        "hp": 252
      },
      "heldItem": [
        "leftovers"
      ],
      "species": "gastrodon",
      "gender": "FEMALE",
      "level": 64,
      "nature": "modest",
      "ability": "stormdrain"
    },
    {
      "moveset": [
        "earthquake",
        "stoneedge",
        "muddywater",
        "crunch"
      ],
      "ivs": {
        "spe": 31,
        "spd": 31,
        "spa": 31,
        "def": 31,
        "atk": 31,
        "hp": 31
      },
      "evs": {
        "spe": 252,
        "atk": 252,
        "hp": 4
      },
      "heldItem": [
        "leftovers"
      ],
      "species": "hippowdon",
      "gender": "MALE",
      "level": 65,
      "nature": "jolly",
      "ability": "sandstream"
    },
    {
      "moveset": [
        "earthquake",
        "swordsdance",
        "poisonjab",
        "nightslash"
      ],
      "ivs": {
        "spe": 31,
        "spd": 31,
        "spa": 31,
        "def": 31,
        "atk": 31,
        "hp": 31
      },
      "evs": {
        "spe": 252,
        "atk": 252,
        "hp": 4
      },
      "heldItem": [
        "leftovers"
      ],
      "species": "drapion",
      "gender": "MALE",
      "level": 66,
      "nature": "adamant",
      "ability": "sniper"
    }
  ],
  "battleFormat": "GEN_9_SINGLES"
}