{
  "name": {
    "literal": "Team Galactic Recruit"
  },
  "ai": {
    "type": "rct",
    "data": {
      "moveBias": 1,
      "switchBias": 0.5,
      "statMoveBias": 1,
      "itemBias": 0.8,
      "maxSelectMargin": 0.15
    }
  },
  "battleRules": {},
  "bag": [
    {
      "item": "cobblemon:full_restore",
      "quantity": 1
    }
  ],
  "team": [
    {
      "moveset": [
        "playrough",
        "shadowclaw",
        "shadowsneak",
        "swordsdance"
      ],
      "ivs": {
        "spe": 31,
        "spd": 31,
        "def": 31,
        "atk": 31,
        "hp": 31
      },
      "evs": {
        "spe": 252,
        "spd": 4,
        "atk": 252
      },
      "species": "mimikyu",
      "gender": "FEMALE",
      "level": 63,
      "nature": "jolly",
      "ability": "disguise"
    },
    {
      "moveset": [
        "crosspoison",
        "nightslash",
        "earthquake",
        "poisonjab"
      ],
      "ivs": {
        "spe": 31,
        "spd": 31,
        "def": 31,
        "atk": 31,
        "hp": 31
      },
      "evs": {
        "def": 4,
        "atk": 252,
        "hp": 252
      },
      "species": "drapion",
      "gender": "MALE",
      "level": 63,
      "nature": "adamant",
      "ability": "battlearmor"
    }
  ],
  "identity": "Team Galactic Recruit (2)",
  "battleFormat": "GEN_9_SINGLES"
}