{
  "name": {
    "literal": "Giovanni"
  },
  "ai": {
    "type": "rct",
    "data": {
      "moveBias": 1,
      "switchBias": 0.5,
      "statMoveBias": 1,
      "itemBias": 0.8,
      "maxSelectMargin": 0.15
    }
  },
  "battleRules": {
    "maxItemUses": 4
  },
  "bag": [
    {
      "item": "cobblemon:full_restore",
      "quantity": 4
    }
  ],
  "team": [
    {
      "moveset": [
        "earthquake",
        "rockslide",
        "stealthrock",
        "roar"
      ],
      "ivs": {
        "spe": 31,
        "spd": 31,
        "spa": 31,
        "def": 31,
        "atk": 31,
        "hp": 31
      },
      "evs": {
        "spe": 6,
        "atk": 252,
        "hp": 252
      },
      "heldItem": [
        "mega_showdown:tyranitarite",
        "leftovers"
      ],
      "species": "tyranitar",
      "gender": "MALE",
      "level": 70,
      "nature": "adamant",
      "ability": "sandstream"
    },
    {
      "moveset": [
        "earthquake",
        "seedbomb",
        "crunch",
        "rockslide"
      ],
      "ivs": {
        "spe": 31,
        "spd": 31,
        "spa": 31,
        "def": 31,
        "atk": 31,
        "hp": 31
      },
      "evs": {
        "spe": 252,
        "atk": 252,
        "hp": 6
      },
      "heldItem": [
        "life_orb"
      ],
      "species": "torterra",
      "gender": "MALE",
      "level": 69,
      "nature": "adamant",
      "ability": "shellarmor"
    },
    {
      "moveset": [
        "poweruppunch",
        "bodyslam",
        "crunch",
        "fakeout"
      ],
      "ivs": {
        "spe": 31,
        "spd": 31,
        "spa": 31,
        "def": 31,
        "atk": 31,
        "hp": 31
      },
      "evs": {
        "spe": 252,
        "atk": 252,
        "hp": 6
      },
      "heldItem": [
        "leftovers"
      ],
      "species": "kangaskhan",
      "gender": "FEMALE",
      "level": 70,
      "nature": "jolly",
      "ability": "innerfocus"
    },
    {
      "moveset": [
        "earthquake",
        "scaleshot",
        "rockslide",
        "swordsdance"
      ],
      "ivs": {
        "spe": 31,
        "spd": 31,
        "spa": 31,
        "def": 31,
        "atk": 31,
        "hp": 31
      },
      "evs": {
        "spe": 252,
        "atk": 252,
        "hp": 6
      },
      "heldItem": [
        "yache_berry"
      ],
      "species": "garchomp",
      "gender": "FEMALE",
      "level": 68,
      "nature": "jolly",
      "ability": "sandveil"
    },
    {
      "moveset": [
        "earthpower",
        "icebeam",
        "sludgebomb",
        "thunderbolt"
      ],
      "ivs": {
        "spe": 31,
        "spd": 31,
        "spa": 31,
        "def": 31,
        "atk": 31,
        "hp": 31
      },
      "evs": {
        "spe": 252,
        "spa": 252,
        "def": 4
      },
      "heldItem": [
        "life_orb"
      ],
      "species": "nidoking",
      "gender": "MALE",
      "level": 70,
      "nature": "timid",
      "ability": "sheerforce"
    },
    {
      "moveset": [
        "toxic",
        "earthquake",
        "rockslide",
        "stealthrock"
      ],
      "ivs": {
        "spd": 31,
        "def": 31,
        "atk": 31,
        "hp": 31
      },
      "evs": {
        "spd": 4,
        "def": 252,
        "hp": 252
      },
      "heldItem": [
        "leftovers"
      ],
      "species": "rhyperior",
      "gender": "MALE",
      "level": 70,
      "nature": "impish",
      "ability": "solidrock"
    }
  ],
  "battleFormat": "GEN_9_SINGLES"
}