{
  "head": "head",
  "portraitScale": 2.3,
  "portraitTranslation": [-0.2, 2.8, 0],
  "profileScale": 0.52,
  "profileTranslation": [0, 1.05, 0],
  "animations": {
   "faint": "q.bedrock_primary('lucario_mega', 'faint', q.curve('one'))",
   "cry": "q.bedrock_stateful('lucario_mega', 'cry')"
 },
  "poses": {
    "standing": {
      "transformTicks": 10,
      "poseTypes": ["STAND", "NONE", "PORTRAIT", "PROFILE"],
      "isBattle": false,
      "animations": [
        "q.look('head')",
        "q.bedrock('lucario_mega', 'ground_idle')"
      ],
      "quirks": [
        "q.bedrock_quirk('lucario_mega', 'blink', 2, 5, 1)"
      ]
    },
    "walking": {
      "transformTicks": 10,
      "poseTypes": ["WALK"],
      "animations": [
        "q.look('head')",
        "q.bedrock('lucario_mega', 'ground_walk')"
      ],
      "quirks": [
        "q.bedrock_quirk('lucario_mega', 'blink', 2, 5, 1)"
      ]
    },    
      "floating": {
      "transformTicks": 10,
      "poseTypes": [ "FLOAT" ],
      "isTouchingWater": true,
      "animations": [
        "q.look('head')",
        "q.bedrock('lucario_mega', 'water_idle')"
      ],
      "quirks": [
        "q.bedrock_quirk('lucario_mega', 'blink', 2, 5, 1)"
      ]
    },
    "swimming": {
      "transformTicks": 10,
      "isTouchingWater": true,
      "poseTypes": [ "SWIM" ],
      "animations": [
        "q.look('head')",
        "q.bedrock('lucario_mega', 'water_swim')"
      ],
      "quirks": [
        "q.bedrock_quirk('lucario_mega', 'blink', 2, 5, 1)"
      ]
    },
    "sleeping": {
      "transformTicks": 10,
      "poseTypes": ["SLEEP"],
      "animations": [
        "q.bedrock('lucario_mega', 'sleep')"
      ]
    },
      "battle-idle": {
        "transformTicks": 10,
        "poseTypes": ["STAND"],
        "isBattle": true,
        "animations": [
          "q.look('head')",
          "q.bedrock('lucario_mega', 'battle_idle')"
        ],
      "quirks": [
        "q.bedrock_quirk('lucario_mega', 'blink', 2, 5, 1)",
        "q.bedrock_quirk('lucario_mega', 'angerspike', 2, 2, 1)",
        "q.bedrock_quirk('lucario_mega', 'twitch1', 8, 20, 1)",
        "q.bedrock_quirk('lucario_mega', 'twitch2', 8, 20, 1)"
      ]
    }
  }
}