{
	"format_version": "1.12.0",
	"minecraft:geometry": [
		{
			"description": {
				"identifier": "geometry.unknown",
				"texture_width": 512,
				"texture_height": 512,
				"visible_bounds_width": 18,
				"visible_bounds_height": 13,
				"visible_bounds_offset": [0, 5.5, 0]
			},
			"bones": [
				{
					"name": "palkia_origin",
					"pivot": [0, 0, 0]
				},
				{
					"name": "body",
					"parent": "palkia_origin",
					"pivot": [0, 0, 0]
				},
				{
					"name": "legs_b",
					"parent": "body",
					"pivot": [0, 62, 17]
				},
				{
					"name": "leg_b_right",
					"parent": "legs_b",
					"pivot": [14.52481, 60.12052, 16.30586],
					"cubes": [
						{"origin": [5.7228, 45.98, 6.7116], "size": [16, 26, 20], "pivot": [12.9478, 59.85, 17.8266], "rotation": [-5.10209, -0.99387, 0.11611], "uv": [240, 107]}
					]
				},
				{
					"name": "leg_b_right2",
					"parent": "leg_b_right",
					"pivot": [13.58346, 46.52368, 14.95314],
					"cubes": [
						{"origin": [7.07317, 39.5278, 6.90861], "size": [13, 14, 16], "pivot": [11.12817, 45.3778, 15.39111], "rotation": [-0.10209, -0.99387, 0.11611], "uv": [304, 299]}
					]
				},
				{
					"name": "leg_b_right3",
					"parent": "leg_b_right2",
					"pivot": [13.58971, 40.47583, 14.23228],
					"cubes": [
						{"origin": [8.75316, 32.74983, 7.79591], "size": [10, 9, 22], "pivot": [12.14816, 36.93983, 15.32591], "rotation": [4.89791, -0.99387, 0.11611], "uv": [62, 289]},
						{"origin": [11.52693, 37.84683, 28.97952], "size": [4, 5, 5], "pivot": [13.02693, 41.84683, 28.97952], "rotation": [54.89791, -0.99387, 0.11611], "uv": [310, 382]},
						{"origin": [10.55693, 37.80683, 25.10952], "size": [6, 7, 6], "pivot": [13.05693, 41.80683, 30.10952], "rotation": [32.89791, -0.99387, 0.11611], "uv": [402, 209]}
					]
				},
				{
					"name": "leg_b_right4",
					"parent": "leg_b_right3",
					"pivot": [13.61981, 34.14653, 25.87595],
					"cubes": [
						{"origin": [9.61981, 23.52253, 21.88544], "size": [8, 15.25, 8], "pivot": [13.35481, 34.47253, 25.32044], "rotation": [-0.10209, 0, 0], "uv": [338, 371]}
					]
				},
				{
					"name": "leg_b_right5",
					"parent": "leg_b_right4",
					"pivot": [13.61151, 25.16228, 26.04927],
					"cubes": [
						{"origin": [10.11151, 15.079, 17.65014], "size": [7, 12, 7], "inflate": 0.01, "pivot": [11.69566, 16.329, 22.08592], "rotation": [-31.10209, 0, 0], "uv": [400, 0]}
					]
				},
				{
					"name": "leg_b_right6",
					"parent": "leg_b_right5",
					"pivot": [13.68981, 17.18424, 20.22227],
					"cubes": [
						{"origin": [9.18981, 5.98905, 17.36143], "size": [9, 11, 8], "pivot": [11.60566, 16.329, 21.97592], "rotation": [-24.60209, 0, 0], "uv": [238, 387]}
					]
				},
				{
					"name": "leg_b_right7",
					"parent": "leg_b_right6",
					"pivot": [13.69151, 8.59882, 16.44916],
					"cubes": [
						{"origin": [8.19151, 0.09882, 10.62916], "size": [11, 9, 12], "inflate": 0.01, "uv": [334, 246]}
					]
				},
				{
					"name": "leg_b_hoe_right",
					"parent": "leg_b_right5",
					"pivot": [13.38227, 23.07522, 27.77991],
					"cubes": [
						{"origin": [10.58002, 15.7035, 24.00153], "size": [6, 10, 6], "pivot": [12.48502, 20.3835, 26.92653], "rotation": [7.39791, 0, 0], "uv": [410, 179]},
						{"origin": [11.37931, 7.18058, 25.58063], "size": [4, 9, 5], "pivot": [12.45431, 12.15308, 27.50563], "rotation": [2.39791, 0, 0.11611], "uv": [198, 411]},
						{"origin": [12.18839, 0.53227, 26.78127], "size": [2, 8, 3], "pivot": [12.43339, 4.91977, 26.53627], "rotation": [-7.5, 0, 0], "uv": [296, 32]}
					]
				},
				{
					"name": "leg_b_left",
					"parent": "legs_b",
					"pivot": [-14.52481, 60.12052, 16.30586],
					"cubes": [
						{"origin": [-21.7228, 45.98, 6.7116], "size": [16, 26, 20], "pivot": [-12.9478, 59.85, 17.8266], "rotation": [-5.10209, 0.99387, -0.11611], "uv": [240, 153]}
					]
				},
				{
					"name": "leg_b_left2",
					"parent": "leg_b_left",
					"pivot": [-13.58346, 46.52368, 14.95314],
					"cubes": [
						{"origin": [-20.07317, 39.5278, 6.90861], "size": [13, 14, 16], "pivot": [-11.12817, 45.3778, 15.39111], "rotation": [-0.10209, 0.99387, -0.11611], "uv": [308, 32]}
					]
				},
				{
					"name": "leg_b_left3",
					"parent": "leg_b_left2",
					"pivot": [-13.58971, 40.47583, 14.23228],
					"cubes": [
						{"origin": [-18.75316, 32.74983, 7.79591], "size": [10, 9, 22], "pivot": [-12.14816, 36.93983, 15.32591], "rotation": [4.89791, 0.99387, -0.11611], "uv": [126, 292]},
						{"origin": [-15.52693, 37.84683, 28.97952], "size": [4, 5, 5], "pivot": [-13.02693, 41.84683, 28.97952], "rotation": [54.89791, 0.99387, -0.11611], "uv": [0, 412]},
						{"origin": [-16.55693, 37.80683, 25.10952], "size": [6, 7, 6], "pivot": [-13.05693, 41.80683, 30.10952], "rotation": [32.89791, 0.99387, -0.11611], "uv": [410, 399]}
					]
				},
				{
					"name": "leg_b_left4",
					"parent": "leg_b_left3",
					"pivot": [-13.61981, 34.14653, 25.87595],
					"cubes": [
						{"origin": [-17.61981, 23.52253, 21.88544], "size": [8, 15.25, 8], "pivot": [-13.35481, 34.47253, 25.32044], "rotation": [-0.10209, 0, 0], "uv": [370, 371]}
					]
				},
				{
					"name": "leg_b_left5",
					"parent": "leg_b_left4",
					"pivot": [-13.61151, 25.16228, 26.04927],
					"cubes": [
						{"origin": [-17.11151, 15.079, 17.65014], "size": [7, 12, 7], "inflate": 0.01, "pivot": [-11.69566, 16.329, 22.08592], "rotation": [-31.10209, 0, 0], "uv": [400, 288]}
					]
				},
				{
					"name": "leg_b_left6",
					"parent": "leg_b_left5",
					"pivot": [-13.68981, 17.18424, 20.22227],
					"cubes": [
						{"origin": [-18.18981, 5.98905, 17.36143], "size": [9, 11, 8], "pivot": [-11.60566, 16.329, 21.97592], "rotation": [-24.60209, 0, 0], "uv": [148, 391]}
					]
				},
				{
					"name": "leg_b_left7",
					"parent": "leg_b_left6",
					"pivot": [-13.69151, 8.59882, 16.44916],
					"cubes": [
						{"origin": [-19.19151, 0.09882, 10.62916], "size": [11, 9, 12], "inflate": 0.01, "uv": [334, 267]}
					]
				},
				{
					"name": "leg_b_hoe_left",
					"parent": "leg_b_left5",
					"pivot": [-13.38227, 23.07522, 27.77991],
					"cubes": [
						{"origin": [-16.58002, 15.7035, 24.00153], "size": [6, 10, 6], "pivot": [-12.48502, 20.3835, 26.92653], "rotation": [7.39791, 0, 0], "uv": [410, 383]},
						{"origin": [-15.37931, 7.18058, 25.58063], "size": [4, 9, 5], "pivot": [-12.45431, 12.15308, 27.50563], "rotation": [2.39791, 0, -0.11611], "uv": [216, 411]},
						{"origin": [-14.18839, 0.53227, 26.78127], "size": [2, 8, 3], "pivot": [-12.43339, 4.91977, 26.53627], "rotation": [-7.5, 0, 0], "uv": [296, 43]}
					]
				},
				{
					"name": "torso",
					"parent": "body",
					"pivot": [0, 59, 18]
				},
				{
					"name": "torso2",
					"parent": "torso",
					"pivot": [-0.1372, 61.21688, 16.84913],
					"cubes": [
						{"origin": [-13.5, 46.60559, -2.77213], "size": [27, 25, 27], "pivot": [-0.17, 61.42352, -11.18873], "rotation": [5.5, 0, 0], "uv": [132, 55]},
						{"origin": [-3, 73.29688, 12.23913], "size": [6, 3, 7], "pivot": [-0.5, 75.29688, 16.73913], "rotation": [9, 0, 0], "uv": [334, 288]},
						{"origin": [-8, 71.68688, 16.84913], "size": [16, 5, 8], "pivot": [0, 74.68688, 18.84913], "rotation": [-4, 0, 0], "uv": [286, 246]}
					]
				},
				{
					"name": "locator_seat_1",
					"parent": "torso2",
					"pivot": [-1.3, 73.6, 4.5],
					"locators": {
						"seat_1": [-1.3, 70.35, 4.5]
					}
				},
				{
					"name": "torso3",
					"parent": "torso2",
					"pivot": [-0.4772, 59.79089, -2.0357],
					"cubes": [
						{"origin": [-11.5, 48.4322, -22.15835], "size": [23, 23, 25], "pivot": [0.17, 62.20352, -7.39873], "rotation": [3, 0, 0], "uv": [122, 209]}
					]
				},
				{
					"name": "q",
					"parent": "torso3",
					"pivot": [0, 58.04263, -9.01653],
					"cubes": [
						{"origin": [-15, 44.4322, -11.15835], "size": [30, 31, 4], "uv": [142, 257]},
						{"origin": [-14.5, 84.14, -11], "size": [29, 8, 4], "uv": [286, 234]},
						{"origin": [-29.75016, 67.46016, -11], "size": [23, 8, 4], "inflate": 0.001, "pivot": [-30.75016, 74.37016, -7.5], "rotation": [0, 0, -45], "uv": [348, 198]},
						{"origin": [5.15506, 33.34118, -10.52], "size": [12, 5, 3], "pivot": [18.22613, 35.34118, -9.02], "rotation": [0, 0, -24], "uv": [362, 321]},
						{"origin": [11.75016, 44.21984, -11], "size": [18, 8, 4], "inflate": 0.001, "pivot": [30.75016, 45.30984, -7.5], "rotation": [0, 0, -45], "uv": [366, 183]},
						{"origin": [22.82, 43.82, -11], "size": [8, 32, 4], "uv": [280, 331]},
						{"origin": [6.75016, 67.46016, -11], "size": [23, 8, 4], "inflate": 0.001, "pivot": [30.75016, 74.37016, -7.5], "rotation": [0, 0, 45], "uv": [348, 210]},
						{"origin": [-29.75016, 44.21984, -11], "size": [18, 8, 4], "inflate": 0.001, "pivot": [-30.75016, 45.30984, -7.5], "rotation": [0, 0, 45], "uv": [362, 309]},
						{"origin": [-17.15506, 33.34118, -10.52], "size": [12, 5, 3], "pivot": [-18.22613, 35.34118, -9.02], "rotation": [0, 0, 24], "uv": [90, 247]},
						{"origin": [-23.05, 53.53, -11], "size": [8, 13, 4], "inflate": 0.01, "uv": [144, 410]},
						{"origin": [-30.82, 43.82, -11], "size": [8, 32, 4], "uv": [90, 211]},
						{"origin": [15.05, 53.53, -11], "size": [8, 13, 4], "inflate": 0.01, "uv": [410, 244]}
					]
				},
				{
					"name": "torso4",
					"parent": "torso3",
					"pivot": [-0.1372, 59.97846, -15.66872],
					"cubes": [
						{"origin": [-14.5, 46.16, -43.0984], "size": [29, 26, 29], "pivot": [-0.17, 61.58352, -5.18873], "rotation": [-2, 0, 0], "uv": [132, 0]}
					]
				},
				{
					"name": "bone",
					"parent": "torso4",
					"pivot": [0, 60.70244, -42.64452],
					"rotation": [10, 0, 0],
					"cubes": [
						{"origin": [-0.12286, 47.67831, -48.94028], "size": [13, 21, 15], "pivot": [-0.00403, 58.61219, -48.85744], "rotation": [5.6477, -45, -3.99029], "uv": [190, 299]}
					]
				},
				{
					"name": "legs",
					"parent": "torso4",
					"pivot": [42.54111, 10.53, -66.36499]
				},
				{
					"name": "leg_right",
					"parent": "legs",
					"pivot": [15.20665, 57.89817, -33.27302],
					"cubes": [
						{"origin": [8.20665, 47.39817, -41.77302], "size": [14, 21, 17], "pivot": [15.20665, 57.89817, -33.27302], "rotation": [-10, 0, 0], "uv": [210, 261]}
					]
				},
				{
					"name": "leg_right2",
					"parent": "leg_right",
					"pivot": [15.57864, 49.39105, -35.09549],
					"cubes": [
						{"origin": [9.70245, 39.91384, -44.58685], "size": [11, 15, 13], "pivot": [15.18839, 31.96799, -39.61545], "rotation": [-10, 0, 0], "uv": [0, 324]},
						{"origin": [12.57864, 41.47141, -40.54208], "size": [5, 32, 3], "pivot": [15.18839, 31.96799, -40.02545], "rotation": [17, 0, 0], "uv": [64, 373]},
						{"origin": [12.38489, 41.97984, -40.86647], "size": [7, 29, 0], "pivot": [15.18839, 31.96799, -40.02545], "rotation": [13.38483, -19.78045, 1.65542], "uv": [50, 397]},
						{"origin": [11.57809, 41.91352, -40.66555], "size": [7, 29, 0], "pivot": [15.18839, 31.96799, -40.02545], "rotation": [13.38483, 19.78045, -1.65542], "uv": [130, 403]},
						{"origin": [11.98647, 42.60544, -40.30373], "size": [5, 29, 3], "pivot": [15.07161, 31.96799, -40.02545], "rotation": [15.7136, 22.34197, -6.96852], "uv": [398, 147]},
						{"origin": [13.27353, 42.60544, -40.30373], "size": [5, 29, 3], "pivot": [15.18839, 31.96799, -40.02545], "rotation": [15.7136, -22.34197, 6.96852], "uv": [34, 397]}
					]
				},
				{
					"name": "leg_right3",
					"parent": "leg_right2",
					"pivot": [15.61284, 40.57288, -37.27077],
					"cubes": [
						{"origin": [10.78125, 33.95628, -41.9771], "size": [9, 9, 11], "uv": [0, 352]}
					]
				},
				{
					"name": "leg_right4",
					"parent": "leg_right3",
					"pivot": [15.22233, 35.00867, -36.11367],
					"cubes": [
						{"origin": [10.95666, 30.22287, -41.45992], "size": [6, 15, 9], "inflate": 0.2, "pivot": [15.18839, 31.96799, -39.61545], "rotation": [20.90862, -0.07016, -17.99811], "uv": [380, 246]},
						{"origin": [13.37279, 32.1323, -42.2775], "size": [6, 15, 10], "inflate": 0.2, "pivot": [15.18839, 31.96799, -39.32545], "rotation": [-19.09138, 0.07016, 17.99811], "uv": [366, 32]},
						{"origin": [10.96901, 32.14305, -42.28118], "size": [6, 15, 10], "inflate": 0.2, "pivot": [15.18839, 31.96799, -39.32545], "rotation": [-19.09138, -0.07016, -17.99811], "uv": [366, 133]},
						{"origin": [13.38514, 30.21227, -41.46401], "size": [6, 15, 9], "inflate": 0.2, "pivot": [15.18839, 31.96799, -39.61545], "rotation": [20.90862, 0.07016, 17.99811], "uv": [118, 379]},
						{"origin": [11.16931, 21.79251, -40.78176], "size": [8, 16, 9], "uv": [304, 357]}
					]
				},
				{
					"name": "leg_right5",
					"parent": "leg_right4",
					"pivot": [15.28791, 22.31485, -37.46788],
					"cubes": [
						{"origin": [11.7893, 12.83176, -41.97652], "size": [7, 10, 7], "pivot": [15.18839, 31.96799, -39.31545], "rotation": [7.5, 0, 0], "uv": [404, 94]}
					]
				},
				{
					"name": "leg_right6",
					"parent": "leg_right5",
					"pivot": [15.28745, 13.7324, -37.46432],
					"cubes": [
						{"origin": [12.2893, 7.21053, -37.70516], "size": [6, 8, 6], "pivot": [15.18839, 31.96799, -39.31545], "rotation": [-5, 0, 0], "uv": [280, 367]}
					]
				},
				{
					"name": "leg_right7",
					"parent": "leg_right6",
					"pivot": [15.28652, 8.65665, -36.82414],
					"cubes": [
						{"origin": [11.30154, 5.15375, -36.97999], "size": [8, 6, 8], "pivot": [15.18839, 31.96799, -39.95545], "rotation": [-11, 0, 0], "uv": [402, 195]},
						{"origin": [10.2715, 1.053, -43.53615], "size": [10, 6, 11], "uv": [360, 84]}
					]
				},
				{
					"name": "leg_left",
					"parent": "legs",
					"pivot": [-15.20665, 57.89817, -33.27302],
					"cubes": [
						{"origin": [-22.20665, 47.39817, -41.77302], "size": [14, 21, 17], "pivot": [-15.20665, 57.89817, -33.27302], "rotation": [-10, 0, 0], "uv": [210, 261], "mirror": true}
					]
				},
				{
					"name": "leg_left2",
					"parent": "leg_left",
					"pivot": [-15.57864, 49.39105, -35.09549],
					"cubes": [
						{"origin": [-20.70245, 39.91384, -44.58685], "size": [11, 15, 13], "pivot": [-15.18839, 31.96799, -39.61545], "rotation": [-10, 0, 0], "uv": [304, 329]},
						{"origin": [-17.57864, 41.47141, -40.54208], "size": [5, 32, 3], "pivot": [-15.18839, 31.96799, -40.02545], "rotation": [17, 0, 0], "uv": [182, 391]},
						{"origin": [-19.38489, 41.97984, -40.86647], "size": [7, 29, 0], "pivot": [-15.18839, 31.96799, -40.02545], "rotation": [13.38483, 19.78045, -1.65542], "uv": [266, 406]},
						{"origin": [-18.57809, 41.91352, -40.66555], "size": [7, 29, 0], "pivot": [-15.18839, 31.96799, -40.02545], "rotation": [13.38483, -19.78045, 1.65542], "uv": [280, 406]},
						{"origin": [-18.27353, 42.60544, -40.30373], "size": [5, 29, 3], "pivot": [-15.18839, 31.96799, -40.02545], "rotation": [15.7136, 22.34197, -6.96852], "uv": [398, 147]},
						{"origin": [-16.98647, 42.60544, -40.30373], "size": [5, 29, 3], "pivot": [-15.07161, 31.96799, -40.02545], "rotation": [15.7136, -22.34197, 6.96852], "uv": [398, 147], "mirror": true}
					]
				},
				{
					"name": "leg_left3",
					"parent": "leg_left2",
					"pivot": [-15.61284, 40.57288, -37.27077],
					"cubes": [
						{"origin": [-19.78125, 33.95628, -41.9771], "size": [9, 9, 11], "uv": [170, 355]}
					]
				},
				{
					"name": "leg_left4",
					"parent": "leg_left3",
					"pivot": [-15.22233, 35.00867, -36.11367],
					"cubes": [
						{"origin": [-16.95666, 30.22287, -41.45992], "size": [6, 15, 9], "inflate": 0.2, "pivot": [-15.18839, 31.96799, -39.61545], "rotation": [20.90862, 0.07016, 17.99811], "uv": [386, 345]},
						{"origin": [-19.37279, 32.1323, -42.2775], "size": [6, 15, 10], "inflate": 0.2, "pivot": [-15.18839, 31.96799, -39.32545], "rotation": [-19.09138, -0.07016, -17.99811], "uv": [366, 158]},
						{"origin": [-16.96901, 32.14305, -42.28118], "size": [6, 15, 10], "inflate": 0.2, "pivot": [-15.18839, 31.96799, -39.32545], "rotation": [-19.09138, 0.07016, 17.99811], "uv": [368, 0]},
						{"origin": [-19.38514, 30.21227, -41.46401], "size": [6, 15, 9], "inflate": 0.2, "pivot": [-15.18839, 31.96799, -39.61545], "rotation": [20.90862, -0.07016, -17.99811], "uv": [208, 387]},
						{"origin": [-19.16931, 21.79251, -40.78176], "size": [8, 16, 9], "uv": [210, 362]}
					]
				},
				{
					"name": "leg_left5",
					"parent": "leg_left4",
					"pivot": [-15.28791, 22.31485, -37.46788],
					"cubes": [
						{"origin": [-18.7893, 12.83176, -41.97652], "size": [7, 10, 7], "pivot": [-15.18839, 31.96799, -39.31545], "rotation": [7.5, 0, 0], "uv": [238, 406]}
					]
				},
				{
					"name": "leg_left6",
					"parent": "leg_left5",
					"pivot": [-15.28745, 13.7324, -37.46432],
					"cubes": [
						{"origin": [-18.2893, 7.21053, -37.70516], "size": [6, 8, 6], "pivot": [-15.18839, 31.96799, -39.31545], "rotation": [-5, 0, 0], "uv": [406, 307]}
					]
				},
				{
					"name": "leg_left7",
					"parent": "leg_left6",
					"pivot": [-15.28652, 8.65665, -36.82414],
					"cubes": [
						{"origin": [-19.30154, 5.15375, -36.97999], "size": [8, 6, 8], "pivot": [-15.18839, 31.96799, -39.95545], "rotation": [-11, 0, 0], "uv": [402, 369]},
						{"origin": [-20.2715, 1.053, -43.53615], "size": [10, 6, 11], "uv": [360, 116]}
					]
				},
				{
					"name": "chest",
					"parent": "torso4",
					"pivot": [0, 73.05718, -33.27091],
					"cubes": [
						{"origin": [-10.5, 71.00711, -43.19254], "size": [21, 11, 21], "pivot": [0.215, 87.38711, -32.51629], "rotation": [7.5, 0, 0], "uv": [248, 0]}
					]
				},
				{
					"name": "chest2",
					"parent": "chest",
					"pivot": [0, 79.99005, -33.28933],
					"cubes": [
						{"origin": [-9, 79.18711, -42.40504], "size": [18, 14, 18], "pivot": [0.885, 86.86711, -32.02129], "rotation": [8.5, 0, 0], "uv": [70, 257]}
					]
				},
				{
					"name": "chest3",
					"parent": "chest2",
					"pivot": [-0.2322, 90.543, -34.76819],
					"cubes": [
						{"origin": [-11.5, 90.24916, -46.54762], "size": [23, 17, 22], "pivot": [0.045, 97.77916, -34.84762], "rotation": [14.5, 0, 0], "uv": [0, 211]}
					]
				},
				{
					"name": "hand_right",
					"parent": "chest3",
					"pivot": [10.7778, 100.21288, -36.85121],
					"cubes": [
						{"origin": [9.7778, 93.69916, -42.65762], "size": [6, 12, 12], "pivot": [-2.0172, 98.37916, -39.14762], "rotation": [7.5, 0, 0], "uv": [352, 222]}
					]
				},
				{
					"name": "hand_right2",
					"parent": "hand_right",
					"pivot": [14.46757, 101.14799, -35.82774],
					"rotation": [2.09401, 1.11311, -9.97542],
					"cubes": [
						{"origin": [16.79243, 87.50388, -49.06976], "size": [8, 26, 26], "uv": [218, 209]},
						{"origin": [24.05394, 94.23683, -42.04812], "size": [3, 12, 12], "uv": [34, 373]},
						{"origin": [13.43243, 91.18388, -45.38976], "size": [5, 19, 19], "uv": [308, 62]}
					]
				},
				{
					"name": "hand_left",
					"parent": "chest3",
					"pivot": [-10.7778, 100.21288, -36.85121],
					"cubes": [
						{"origin": [-15.7778, 93.69916, -42.65762], "size": [6, 12, 12], "pivot": [2.0172, 98.37916, -39.14762], "rotation": [7.5, 0, 0], "uv": [134, 355]}
					]
				},
				{
					"name": "hand_left2",
					"parent": "hand_left",
					"pivot": [-14.46757, 101.14799, -35.82774],
					"rotation": [2.09401, -1.11311, 9.97542],
					"cubes": [
						{"origin": [-24.79243, 87.50388, -49.06976], "size": [8, 26, 26], "uv": [240, 55]},
						{"origin": [-27.05394, 94.23683, -42.04812], "size": [3, 12, 12], "uv": [280, 382]},
						{"origin": [-18.43243, 91.18388, -45.38976], "size": [5, 19, 19], "uv": [312, 100]}
					]
				},
				{
					"name": "neck",
					"parent": "chest3",
					"pivot": [-0.2322, 110.38838, -36.1443],
					"cubes": [
						{"origin": [0, 108.643, -35.02372], "size": [0, 10, 17], "inflate": 0.005, "pivot": [-1, 114.643, -32.02372], "rotation": [6.5, 0, 0], "uv": [212, 335]},
						{"origin": [-6, 101.19136, -43.20811], "size": [12, 14, 12], "inflate": 0.1, "pivot": [0, 116.19136, -37.70811], "rotation": [7.5, 0, 0], "uv": [166, 122]}
					]
				},
				{
					"name": "neck2",
					"parent": "neck",
					"pivot": [-0.2322, 115.85417, -36.75196],
					"cubes": [
						{"origin": [0, 112.643, -35.48372], "size": [0, 14, 14], "inflate": 0.0039, "pivot": [-1, 115.643, -32.48372], "rotation": [14.5, 0, 0], "uv": [90, 370]},
						{"origin": [-6, 112.79451, -42.19732], "size": [12, 9, 11], "inflate": 0.05, "pivot": [12.52349, 112.42924, -39.42427], "rotation": [14.5, 0, 0], "uv": [166, 335]}
					]
				},
				{
					"name": "neck3",
					"parent": "neck2",
					"pivot": [-0.2322, 121.01157, -38.12118],
					"cubes": [
						{"origin": [0, 119.303, -41.55372], "size": [0, 14, 18], "inflate": 0.0028, "pivot": [-1, 122.303, -34.55372], "rotation": [49.5, 0, 0], "uv": [332, 0]},
						{"origin": [0, 126.17281, -52.05381], "size": [0, 9, 17], "inflate": 0.0017, "pivot": [0, 130.67281, -43.55381], "rotation": [70, 0, 0], "uv": [352, 345]},
						{"origin": [-6, 115.28746, -37.19373], "size": [12, 9, 10], "pivot": [12.52349, 112.25924, -39.40427], "rotation": [49.5, 0, 0], "uv": [90, 351]}
					]
				},
				{
					"name": "head",
					"parent": "neck3",
					"pivot": [0, 126.313, -41.58372],
					"cubes": [
						{"origin": [-7.5, 116.94301, -46.56282], "size": [15, 5, 6], "uv": [388, 222]},
						{"origin": [-7.5, 126.40301, -46.56282], "size": [15, 5, 6], "uv": [388, 233]},
						{"origin": [-7.5, 121.63301, -44.56282], "size": [15, 5, 4], "inflate": -0.001, "uv": [402, 85]},
						{"origin": [-7.5, 120.99301, -45.96282], "size": [15, 6, 4], "inflate": -0.002, "pivot": [0, 123.49301, -43.96282], "rotation": [-15.5, 0, 0], "uv": [396, 334]},
						{"origin": [-6, 117.70301, -50.56282], "size": [12, 9, 7], "inflate": 0.05, "uv": [170, 375]},
						{"origin": [0.0037, 121.204, -56.95545], "size": [0, 5, 4], "pivot": [0.01666, 124.00033, -56.95428], "rotation": [8.23163, -33.22746, -4.53245], "uv": [114, 211]},
						{"origin": [-0.0037, 121.204, -56.95545], "size": [0, 5, 4], "pivot": [-0.01666, 124.00033, -56.95428], "rotation": [8.23163, 33.22746, 4.53245], "uv": [114, 220]},
						{"origin": [-5.75587, 119.93301, -54.59475], "size": [9, 7, 9], "inflate": -0.229, "pivot": [0, 122.56801, -48.83889], "rotation": [0, -45, 0], "uv": [380, 270]},
						{"origin": [-2.18133, 119.57301, -55.02759], "size": [0, 2, 2], "pivot": [-2.18133, 120.57301, -54.02759], "rotation": [45, -45, 0], "uv": [469, 264]},
						{"origin": [2.18133, 119.57301, -55.02759], "size": [0, 2, 2], "pivot": [2.18133, 120.57301, -54.02759], "rotation": [45, 45, 0], "uv": [469, 264], "mirror": true},
						{"origin": [-6.33912, 127.08853, -56.28355], "size": [11, 4, 11], "inflate": -0.2, "pivot": [0, 128.81222, -49.94443], "rotation": [11.24131, -44.44508, -7.92314], "uv": [360, 101]},
						{"origin": [-6.34974, 125.71227, -56.29418], "size": [11, 5, 11], "inflate": -0.2, "pivot": [0, 128.81222, -49.94443], "rotation": [11.24131, -44.44508, -7.92314], "uv": [352, 329]},
						{"origin": [-7.5, 125.89642, -51.17451], "size": [15, 5, 5], "inflate": -0.001, "pivot": [0, 128.81222, -49.94443], "rotation": [8, 0, 0], "uv": [240, 199]},
						{"origin": [0, 127.393, -58.37372], "size": [0, 17, 17], "pivot": [-1, 130.393, -49.37372], "rotation": [9, 0, 0], "uv": [246, 331]}
					]
				},
				{
					"name": "jaw",
					"parent": "head",
					"pivot": [0, 119.16801, -43.80389],
					"cubes": [
						{"origin": [-6, 117.51301, -50.41282], "size": [12, 2, 7], "inflate": 0.3, "pivot": [0, 119.16801, -48.80389], "rotation": [4, 0, 0], "uv": [402, 76]},
						{"origin": [-6, 118.82301, -50.41282], "size": [12, 2, 7], "inflate": 0.299, "pivot": [0, 119.16801, -48.80389], "rotation": [4, 0, 0], "uv": [402, 116]},
						{"origin": [-5.83719, 117.17301, -54.64107], "size": [9, 4, 9], "inflate": -0.047, "pivot": [0, 119.16801, -48.80389], "rotation": [5.6477, -44.8606, -3.99029], "uv": [396, 321]}
					]
				},
				{
					"name": "mask",
					"parent": "head",
					"pivot": [0, 119.41, -44.87],
					"rotation": [17, 0, 0]
				},
				{
					"name": "mask3",
					"parent": "mask",
					"pivot": [0.01225, 121.0704, -58.49085],
					"rotation": [0, 12.5, 0],
					"cubes": [
						{"origin": [-0.42225, 114.8204, -58.12992], "size": [10, 10, 0], "pivot": [0.08041, 120.8204, -57.96677], "rotation": [0, -62.5, 0], "uv": [166, 323]},
						{"origin": [4.56666, 113.8204, -49.54497], "size": [17, 14, 0], "pivot": [4.63041, 120.8204, -49.55677], "rotation": [0, -85, 0], "uv": [80, 398]}
					]
				},
				{
					"name": "mask2",
					"parent": "mask",
					"pivot": [-0.01225, 121.0704, -58.49085],
					"rotation": [0, -12.5, 0],
					"cubes": [
						{"origin": [-9.57775, 114.8204, -58.12992], "size": [10, 10, 0], "pivot": [-0.08041, 120.8204, -57.96677], "rotation": [0, 62.5, 0], "uv": [148, 379]},
						{"origin": [-21.56666, 113.8204, -49.54497], "size": [17, 14, 0], "pivot": [-4.63041, 120.8204, -49.55677], "rotation": [0, 85, 0], "uv": [398, 133]}
					]
				},
				{
					"name": "eye_right",
					"parent": "head",
					"pivot": [4.91, 125.153, -48.43372],
					"cubes": [
						{"origin": [3.91, 123.653, -49.93372], "size": [2, 3, 3], "inflate": 0.3, "pivot": [4.91, 125.153, -48.43372], "rotation": [3, 0, 0], "uv": [70, 250]}
					]
				},
				{
					"name": "eye_right2",
					"parent": "eye_right",
					"pivot": [4.92, 125.023, -48.74372],
					"cubes": [
						{"origin": [3.92, 124.523, -49.24372], "size": [2, 1, 1], "inflate": 0.3, "pivot": [4.92, 125.023, -48.74372], "rotation": [3, 0, 0], "uv": [114, 229]}
					]
				},
				{
					"name": "eye_left",
					"parent": "head",
					"pivot": [-4.91, 125.153, -48.43372],
					"cubes": [
						{"origin": [-5.91, 123.653, -49.93372], "size": [2, 3, 3], "inflate": 0.3, "pivot": [-4.91, 125.153, -48.43372], "rotation": [3, 0, 0], "uv": [80, 250]}
					]
				},
				{
					"name": "eye_left2",
					"parent": "eye_left",
					"pivot": [-4.92, 125.023, -48.74372],
					"cubes": [
						{"origin": [-5.92, 124.523, -49.24372], "size": [2, 1, 1], "inflate": 0.3, "pivot": [-4.92, 125.023, -48.74372], "rotation": [3, 0, 0], "uv": [114, 231]}
					]
				},
				{
					"name": "wing_right",
					"parent": "chest3",
					"pivot": [6.7678, 100.543, -25.76819],
					"rotation": [13.81046, 34.73948, 2.62144]
				},
				{
					"name": "wing_right1",
					"parent": "wing_right",
					"pivot": [6.7678, 101.543, -26.76819],
					"cubes": [
						{"origin": [5.10353, 98.23013, -26.54369], "size": [0, 42, 66], "pivot": [5.80892, 102.50283, -25.62134], "rotation": [21.88341, 10.02001, 13.53178], "uv": [0, 0]}
					]
				},
				{
					"name": "wing_right2",
					"parent": "wing_right",
					"pivot": [6.7678, 101.543, -26.76819],
					"rotation": [0, -2.5, 0],
					"cubes": [
						{"origin": [5.10353, 94.18902, -26.03226], "size": [0, 42, 61], "pivot": [5.80892, 102.50283, -25.62134], "rotation": [2.38341, 10.02001, 13.53178], "uv": [0, 108]}
					]
				},
				{
					"name": "wing_right3",
					"parent": "wing_right",
					"pivot": [6.7678, 101.543, -26.76819],
					"rotation": [0, -5, 0],
					"cubes": [
						{"origin": [5.10353, 92.02004, -28.00531], "size": [0, 42, 59], "pivot": [5.80892, 102.50283, -25.62134], "rotation": [-13.11659, 10.02001, 13.53178], "uv": [122, 108]}
					]
				},
				{
					"name": "wing_left",
					"parent": "chest3",
					"pivot": [-6.7678, 100.543, -25.76819],
					"rotation": [13.81046, -34.73948, -2.62144]
				},
				{
					"name": "wing_left1",
					"parent": "wing_left",
					"pivot": [-6.7678, 101.543, -26.76819],
					"cubes": [
						{"origin": [-5.10353, 98.23013, -26.54369], "size": [0, 42, 66], "pivot": [-5.80892, 102.50283, -25.62134], "rotation": [21.88341, -10.02001, -13.53178], "uv": [0, 0], "mirror": true}
					]
				},
				{
					"name": "wing_left2",
					"parent": "wing_left",
					"pivot": [-6.7678, 101.543, -26.76819],
					"rotation": [0, 2.5, 0],
					"cubes": [
						{"origin": [-5.10353, 94.18902, -26.03226], "size": [0, 42, 61], "pivot": [-5.80892, 102.50283, -25.62134], "rotation": [2.38341, -10.02001, -13.53178], "uv": [0, 108], "mirror": true}
					]
				},
				{
					"name": "wing_left3",
					"parent": "wing_left",
					"pivot": [-6.7678, 101.543, -26.76819],
					"rotation": [0, 5, 0],
					"cubes": [
						{"origin": [-5.10353, 92.02004, -28.00531], "size": [0, 42, 59], "pivot": [-5.80892, 102.50283, -25.62134], "rotation": [-13.11659, -10.02001, -13.53178], "uv": [122, 108], "mirror": true}
					]
				},
				{
					"name": "tails",
					"parent": "torso2",
					"pivot": [0, 72.76688, 21.84913]
				},
				{
					"name": "tail_5",
					"parent": "tails",
					"pivot": [6, 72.76688, 23.84913],
					"rotation": [0, 17.5, 0],
					"cubes": [
						{"origin": [3.5, 69.44688, 21.84913], "size": [5, 7, 12], "uv": [394, 57], "mirror": true}
					]
				},
				{
					"name": "tail_5_1",
					"parent": "tail_5",
					"pivot": [6, 73.28688, 31.33913],
					"cubes": [
						{"origin": [3, 69.46688, 30.33913], "size": [6, 8, 11], "uv": [310, 394], "mirror": true}
					]
				},
				{
					"name": "tail_5_2",
					"parent": "tail_5_1",
					"pivot": [6, 73.86688, 38.64913],
					"cubes": [
						{"origin": [2, 68.23688, 38.64913], "size": [8, 10, 19], "uv": [312, 169], "mirror": true}
					]
				},
				{
					"name": "tail_5_3",
					"parent": "tail_5_2",
					"pivot": [6, 73.58688, 57.14913],
					"cubes": [
						{"origin": [3, 69.28688, 55.64913], "size": [6, 8, 20], "inflate": 0.5, "uv": [114, 323], "mirror": true}
					]
				},
				{
					"name": "tail_5_4",
					"parent": "tail_5_3",
					"pivot": [6, 74.08688, 75.14913],
					"cubes": [
						{"origin": [4, 70.64519, 74.23627], "size": [4, 6, 15], "inflate": 0.5, "uv": [362, 288], "mirror": true}
					]
				},
				{
					"name": "tail_5_5",
					"parent": "tail_5_4",
					"pivot": [6, 74.52519, 89.73627],
					"cubes": [
						{"origin": [5, 72.87643, 87.66153], "size": [2, 3, 15], "inflate": 0.5, "uv": [376, 394], "mirror": true}
					]
				},
				{
					"name": "tail_4",
					"parent": "tails",
					"pivot": [-6, 72.76688, 23.84913],
					"rotation": [0, -17.5, 0],
					"cubes": [
						{"origin": [-8.5, 69.44688, 21.84913], "size": [5, 7, 12], "uv": [394, 57]}
					]
				},
				{
					"name": "tail_4_1",
					"parent": "tail_4",
					"pivot": [-6, 73.28688, 31.33913],
					"cubes": [
						{"origin": [-9, 69.46688, 30.33913], "size": [6, 8, 11], "uv": [310, 394]}
					]
				},
				{
					"name": "tail_4_2",
					"parent": "tail_4_1",
					"pivot": [-6, 73.86688, 38.64913],
					"cubes": [
						{"origin": [-10, 68.23688, 38.64913], "size": [8, 10, 19], "uv": [312, 169]}
					]
				},
				{
					"name": "tail_4_3",
					"parent": "tail_4_2",
					"pivot": [-6, 73.58688, 57.14913],
					"cubes": [
						{"origin": [-9, 69.28688, 55.64913], "size": [6, 8, 20], "inflate": 0.5, "uv": [114, 323]}
					]
				},
				{
					"name": "tail_4_4",
					"parent": "tail_4_3",
					"pivot": [-6, 74.08688, 75.14913],
					"cubes": [
						{"origin": [-8, 70.64519, 74.23627], "size": [4, 6, 15], "inflate": 0.5, "uv": [362, 288]}
					]
				},
				{
					"name": "tail_4_5",
					"parent": "tail_4_4",
					"pivot": [-6, 74.52519, 89.73627],
					"cubes": [
						{"origin": [-7, 72.87643, 87.66153], "size": [2, 3, 15], "inflate": 0.5, "uv": [376, 394]}
					]
				},
				{
					"name": "tail_3",
					"parent": "tails",
					"pivot": [4, 72.76688, 23.84913],
					"rotation": [0, 7.5, 0],
					"cubes": [
						{"origin": [1.5, 68.26688, 21.84913], "size": [5, 9, 11], "uv": [344, 394], "mirror": true}
					]
				},
				{
					"name": "tail_3_1",
					"parent": "tail_3",
					"pivot": [4, 72.68688, 30.84913],
					"cubes": [
						{"origin": [1, 67.68688, 29.84913], "size": [6, 10, 11], "uv": [245, 366], "mirror": true}
					]
				},
				{
					"name": "tail_3_2",
					"parent": "tail_3_1",
					"pivot": [4, 73.26688, 39.15913],
					"cubes": [
						{"origin": [0.11747, 67.38688, 38.26683], "size": [8, 11, 20], "uv": [247, 300], "mirror": true}
					]
				},
				{
					"name": "tail_3_3",
					"parent": "tail_3_2",
					"pivot": [4, 72.48688, 55.15913],
					"cubes": [
						{"origin": [-0.5, 65.98688, 56.15913], "size": [9, 13, 22], "inflate": 0.5, "uv": [0, 289], "mirror": true}
					]
				},
				{
					"name": "tail_3_4",
					"parent": "tail_3_3",
					"pivot": [4, 72.98688, 77.65913],
					"cubes": [
						{"origin": [1, 67.98688, 75.15913], "size": [6, 10, 21], "inflate": 0.5, "uv": [312, 138], "mirror": true}
					]
				},
				{
					"name": "tail_3_5",
					"parent": "tail_3_4",
					"pivot": [4, 73.48688, 96.65913],
					"cubes": [
						{"origin": [2.26105, 69.92519, 93.76338], "size": [4, 7, 15], "inflate": 0.5, "uv": [356, 62], "mirror": true}
					]
				},
				{
					"name": "tail_3_6",
					"parent": "tail_3_5",
					"pivot": [4, 73.92519, 110.24627],
					"cubes": [
						{"origin": [3.39157, 71.57643, 107.19719], "size": [2, 4, 13], "inflate": 0.5, "uv": [2, 395], "mirror": true}
					]
				},
				{
					"name": "tail_2",
					"parent": "tails",
					"pivot": [-4, 72.76688, 23.84913],
					"rotation": [0, -7.5, 0],
					"cubes": [
						{"origin": [-6.5, 68.26688, 21.84913], "size": [5, 9, 11], "uv": [344, 394]}
					]
				},
				{
					"name": "tail_2_1",
					"parent": "tail_2",
					"pivot": [-4, 72.68688, 30.84913],
					"cubes": [
						{"origin": [-7, 67.68688, 29.84913], "size": [6, 10, 11], "uv": [245, 366]}
					]
				},
				{
					"name": "tail_2_2",
					"parent": "tail_2_1",
					"pivot": [-4, 73.26688, 39.15913],
					"cubes": [
						{"origin": [-8.11747, 67.38688, 38.26683], "size": [8, 11, 20], "uv": [247, 300]}
					]
				},
				{
					"name": "tail_2_3",
					"parent": "tail_2_2",
					"pivot": [-4, 72.48688, 55.15913],
					"cubes": [
						{"origin": [-8.5, 65.98688, 56.15913], "size": [9, 13, 22], "inflate": 0.5, "uv": [0, 289]}
					]
				},
				{
					"name": "tail_2_4",
					"parent": "tail_2_3",
					"pivot": [-4, 72.98688, 77.65913],
					"cubes": [
						{"origin": [-7, 67.98688, 75.15913], "size": [6, 10, 21], "inflate": 0.5, "uv": [312, 138]}
					]
				},
				{
					"name": "tail_2_5",
					"parent": "tail_2_4",
					"pivot": [-4, 73.48688, 96.65913],
					"cubes": [
						{"origin": [-6.26105, 69.92519, 93.76338], "size": [4, 7, 15], "inflate": 0.5, "uv": [356, 62]}
					]
				},
				{
					"name": "tail_2_6",
					"parent": "tail_2_5",
					"pivot": [-4, 73.92519, 110.24627],
					"cubes": [
						{"origin": [-5.39157, 71.57643, 107.19719], "size": [2, 4, 13], "inflate": 0.5, "uv": [2, 395]}
					]
				},
				{
					"name": "tail_1",
					"parent": "tails",
					"pivot": [0, 72.76688, 23.84913],
					"cubes": [
						{"origin": [-2.5, 68.26688, 21.84913], "size": [5, 9, 11], "uv": [344, 394]}
					]
				},
				{
					"name": "tail_1_1",
					"parent": "tail_1",
					"pivot": [0, 72.68688, 30.84913],
					"cubes": [
						{"origin": [-3, 67.68688, 29.84913], "size": [6, 10, 12], "uv": [244, 365]}
					]
				},
				{
					"name": "tail_1_2",
					"parent": "tail_1_1",
					"pivot": [0, 73.26688, 40.15913],
					"cubes": [
						{"origin": [-4, 67.38688, 38.53913], "size": [8, 11, 21], "uv": [246, 299]}
					]
				},
				{
					"name": "tail_1_3",
					"parent": "tail_1_2",
					"pivot": [0, 72.48688, 56.15913],
					"cubes": [
						{"origin": [-4.5, 65.98688, 56.24913], "size": [9, 13, 26], "inflate": 0.5, "uv": [0, 250]}
					]
				},
				{
					"name": "tail_1_4",
					"parent": "tail_1_3",
					"pivot": [0, 72.98688, 84.65913],
					"cubes": [
						{"origin": [-3, 67.98688, 79.24913], "size": [6, 10, 25], "inflate": 0.5, "uv": [286, 199]}
					]
				},
				{
					"name": "tail_1_5",
					"parent": "tail_1_4",
					"pivot": [0, 73.48688, 104.65913],
					"cubes": [
						{"origin": [-2, 69.92519, 101.83627], "size": [4, 7, 17], "inflate": 0.5, "uv": [48, 349]}
					]
				},
				{
					"name": "tail_1_6",
					"parent": "tail_1_5",
					"pivot": [0, 73.92519, 120.24627],
					"cubes": [
						{"origin": [-1, 71.57643, 118.26153], "size": [2, 4, 13], "inflate": 0.5, "uv": [2, 395]}
					]
				}
			]
		}
	]
}