{
  "type": "minecraft:chest",
  "pools": [
    {
      "rolls": 1,
      "entries": [
        { "type": "item", "name": "minecraft:golden_sword", "weight": 220, "functions": [ { "function": "set_damage", "damage": { "min": 0, "max": 100 } } ] },
        { "type": "item", "name": "minecraft:golden_sword", "weight": 330, "functions": [ { "function": "set_damage", "damage": { "min": 0, "max": 100 } }, { "function": "enchant_randomly" } ] },
        { "type": "item", "name": "minecraft:iron_sword", "weight": 180, "functions": [ { "function": "set_damage", "damage": { "min": 0, "max": 100 } } ] },
        { "type": "item", "name": "minecraft:iron_sword", "weight": 270, "functions": [ { "function": "set_damage", "damage": { "min": 0, "max": 100 } }, { "function": "enchant_randomly" } ] },
        { "type": "item", "name": "minecraft:stone_sword", "weight": 240, "functions": [ { "function": "set_damage", "damage": { "min": 0, "max": 100 } } ] },
        { "type": "item", "name": "minecraft:stone_sword", "weight": 360, "functions": [ { "function": "set_damage", "damage": { "min": 0, "max": 100 } }, { "function": "enchant_randomly" } ] },
        { "type": "item", "name": "minecraft:wooden_sword", "weight": 300, "functions": [ { "function": "set_damage", "damage": { "min": 0, "max": 100 } } ] },
        { "type": "item", "name": "minecraft:wooden_sword", "weight": 450, "functions": [ { "function": "set_damage", "damage": { "min": 0, "max": 100 } }, { "function": "enchant_randomly" } ] }
      ]
    }
  ]
}
