{"portraitScale":1.5,"portraitTranslation":[-0.4,3.1,0.0],"profileScale":0.47,"profileTranslation":[-0.1,1.3,0.0],"poses":{"standing":{"poseName":"standing","transformTicks":10,"poseTypes":["STAND","NONE","PORTRAIT","PROFILE"],"animations":["bedrock(okidogi, ground_idle)"],"quirks":[{"name":"blink","animations":["bedrock(okidogi, blink)"]}]},"walking":{"poseName":"walking","transformTicks":10,"poseTypes":["WALK"],"animations":["bedrock(okidogi, ground_walk)"],"quirks":[{"name":"blink","animations":["bedrock(okidogi, blink)"]}]}}}