{
    "enabled": true,
    "neededInstalledMods": [],
    "neededUninstalledMods": [],
    "spawns": [
        {
            "id": "sandslash-1",
            "pokemon": "sandslash",
            "presets": [
                "natural"
            ],
            "type": "pokemon",
            "spawnablePositionType": "grounded",
            "bucket": "common",
            "level": "22-47",
            "weight": 1.8,
            "condition": {
                "biomes": [
                    "#cobblemon:is_desert"
                ]
            }
        },
        {
            "id": "sandslash-alolan-2",
            "pokemon": "sandslash alolan",
            "presets": [
                "natural"
            ],
            "type": "pokemon",
            "spawnablePositionType": "grounded",
            "bucket": "uncommon",
            "level": "24-55",
            "weight": 1.8,
            "condition": {
                "biomes": [
                    "#cobblemon:is_glacial"
                ]
            }
        }
    ]
}