{
    "enabled": true,
    "neededInstalledMods": [],
    "neededUninstalledMods": [],
    "spawns": [
        {
            "id": "vileplume-1",
            "pokemon": "vileplume",
            "presets": [
                "natural"
            ],
            "type": "pokemon",
            "spawnablePositionType": "grounded",
            "bucket": "common",
            "level": "35-49",
            "weight": 0.05,
            "condition": {
                "minSkyLight": 8,
                "maxSkyLight": 15,
                "biomes": [
                    "#cobblemon:is_jungle"
                ],
                "timeRange": "night"
            }
        },
        {
            "id": "vileplume-2",
            "pokemon": "vileplume",
            "presets": [
                "natural"
            ],
            "type": "pokemon",
            "spawnablePositionType": "grounded",
            "bucket": "common",
            "level": "35-49",
            "weight": 0.01,
            "condition": {
                "minSkyLight": 8,
                "maxSkyLight": 15,
                "biomes": [
                    "#cobblemon:is_temperate"
                ],
                "timeRange": "night"
            }
        },
        {
            "id": "vileplume-valencian-3",
            "pokemon": "vileplume valencian",
            "presets": [
                "natural"
            ],
            "type": "pokemon",
            "spawnablePositionType": "grounded",
            "bucket": "common",
            "level": "35-49",
            "weight": 0.01,
            "condition": {
                "minSkyLight": 8,
                "maxSkyLight": 15,
                "biomes": [
                    "#cobblemon:is_savanna",
                    "#cobblemon:is_tropical_island"
                ],
                "timeRange": "night"
            }
        }
    ]
}