{
    "enabled": true,
    "neededInstalledMods": [],
    "neededUninstalledMods": [],
    "spawns": [
        {
            "id": "machamp-1",
            "pokemon": "machamp",
            "presets": [
                "natural"
            ],
            "type": "pokemon",
            "spawnablePositionType": "grounded",
            "bucket": "common",
            "level": "36-51",
            "weight": 0.03,
            "weightMultiplier": {
                "multiplier": 0.25,
                "condition": {
                    "timeRange": "night"
                }
            },
            "condition": {
                "minSkyLight": 8,
                "maxSkyLight": 15,
                "biomes": [
                    "#cobblemon:is_hills"
                ]
            }
        }
    ]
}