{
    "enabled": true,
    "neededInstalledMods": [],
    "neededUninstalledMods": [],
    "spawns": [
        {
            "id": "dratini-1",
            "pokemon": "dratini",
            "presets": [
                "water"
            ],
            "type": "pokemon",
            "spawnablePositionType": "surface",
            "bucket": "rare",
            "level": "5-30",
            "weight": 7.5,
            "condition": {
                "minSkyLight": 0,
                "maxSkyLight": 7,
                "biomes": [
                    "#cobblemon:is_overworld"
                ],
                "maxY": 32
            },
            "anticondition": {
                "biomes": [
                    "#cobblemon:is_deep_dark"
                ]
            }
        },
        {
            "id": "dratini-2",
            "pokemon": "dratini",
            "presets": [
                "water"
            ],
            "type": "pokemon",
            "spawnablePositionType": "submerged",
            "bucket": "rare",
            "level": "5-30",
            "weight": 7.5,
            "condition": {
                "minSkyLight": 0,
                "maxSkyLight": 7,
                "biomes": [
                    "#cobblemon:is_overworld"
                ],
                "maxY": 32
            },
            "anticondition": {
                "biomes": [
                    "#cobblemon:is_deep_dark"
                ]
            }
        },
        {
            "id": "dratini-3",
            "pokemon": "dratini",
            "presets": [
                "water",
                "ocean_ruins"
            ],
            "type": "pokemon",
            "spawnablePositionType": "submerged",
            "bucket": "uncommon",
            "level": "5-30",
            "weight": 84.0,
            "condition": {
                "canSeeSky": true,
                "biomes": [
                    "#cobblemon:is_ocean"
                ]
            }
        },
        {
            "id": "dratini-4",
            "pokemon": "dratini",
            "type": "pokemon",
            "spawnablePositionType": "fishing",
            "bucket": "rare",
            "level": "5-30",
            "weight": 1.5,
            "condition": {
                "minSkyLight": 0,
                "maxSkyLight": 7,
                "biomes": [
                    "#aether:is_aether",
                    "#cobblemon:is_overworld"
                ],
                "maxY": 32
            },
            "anticondition": {
                "biomes": [
                    "#cobblemon:is_deep_dark"
                ]
            }
        },
        {
            "id": "dratini-5",
            "pokemon": "dratini",
            "type": "pokemon",
            "spawnablePositionType": "fishing",
            "bucket": "ultra-rare",
            "level": "5-30",
            "weight": 6.0,
            "condition": {
                "canSeeSky": true,
                "biomes": [
                    "#aether:is_aether",
                    "#cobblemon:is_magical",
                    "#cobblemon:is_ocean"
                ]
            },
            "anticondition": {
                "biomes": [
                    "#cobblemon:is_frozen_ocean"
                ]
            }
        },
        {
            "id": "dratini-6",
            "pokemon": "dratini",
            "presets": [
                "water",
                "ocean_ruins"
            ],
            "type": "pokemon",
            "spawnablePositionType": "submerged",
            "bucket": "uncommon",
            "level": "5-30",
            "weight": 84.0,
            "condition": {
                "canSeeSky": false,
                "minSkyLight": 8,
                "maxSkyLight": 15,
                "biomes": [
                    "#cobblemon:is_ocean"
                ]
            }
        },
        {
            "id": "dratini-7",
            "pokemon": "dratini",
            "type": "pokemon",
            "spawnablePositionType": "fishing",
            "bucket": "ultra-rare",
            "level": "5-30",
            "weight": 6.0,
            "condition": {
                "canSeeSky": false,
                "minSkyLight": 8,
                "maxSkyLight": 15,
                "biomes": [
                    "#aether:is_aether",
                    "#cobblemon:is_magical",
                    "#cobblemon:is_ocean"
                ]
            },
            "anticondition": {
                "biomes": [
                    "#cobblemon:is_frozen_ocean"
                ]
            }
        }
    ]
}