{
    "enabled": true,
    "neededInstalledMods": [],
    "neededUninstalledMods": [],
    "spawns": [
        {
            "id": "furret-1",
            "pokemon": "furret",
            "presets": [
                "natural"
            ],
            "type": "pokemon",
            "spawnablePositionType": "grounded",
            "bucket": "common",
            "level": "15-42",
            "weight": 1.0,
            "condition": {
                "minSkyLight": 8,
                "maxSkyLight": 15,
                "biomes": [
                    "#aether:is_aether",
                    "#cobblemon:is_taiga",
                    "#cobblemon:is_temperate",
                    "#cobblemon:is_tundra"
                ]
            }
        }
    ]
}