{
    "enabled": true,
    "neededInstalledMods": [],
    "neededUninstalledMods": [],
    "spawns": [
        {
            "id": "mareep-1",
            "pokemon": "mareep",
            "presets": [
                "natural"
            ],
            "type": "pokemon",
            "spawnablePositionType": "grounded",
            "bucket": "common",
            "level": "3-28",
            "weight": 9.0,
            "weightMultipliers": [
                {
                    "multiplier": 0.25,
                    "condition": {
                        "timeRange": "night"
                    }
                },
                {
                    "multiplier": 5.0,
                    "condition": {
                        "isThundering": true
                    }
                }
            ],
            "condition": {
                "minSkyLight": 8,
                "maxSkyLight": 15,
                "biomes": [
                    "#cobblemon:is_highlands",
                    "#cobblemon:is_plains"
                ]
            }
        }
    ]
}