{
    "enabled": true,
    "neededInstalledMods": [],
    "neededUninstalledMods": [],
    "spawns": [
        {
            "id": "murkrow-1",
            "pokemon": "murkrow",
            "presets": [
                "natural",
                "treetop"
            ],
            "type": "pokemon",
            "spawnablePositionType": "grounded",
            "bucket": "common",
            "level": "16-41",
            "weight": 5.5,
            "weightMultiplier": {
                "multiplier": 1.5,
                "condition": {
                    "timeRange": "night"
                }
            },
            "condition": {
                "biomes": [
                    "#cobblemon:is_spooky"
                ]
            }
        },
        {
            "id": "murkrow-3",
            "pokemon": "murkrow",
            "presets": [
                "natural",
                "treetop"
            ],
            "type": "pokemon",
            "spawnablePositionType": "grounded",
            "bucket": "common",
            "level": "16-41",
            "weight": 5.7,
            "condition": {
                "biomes": [
                    "#cobblemon:is_swamp"
                ],
                "timeRange": "night"
            }
        },
        {
            "id": "murkrow-4",
            "pokemon": "murkrow",
            "presets": [
                "natural",
                "treetop"
            ],
            "type": "pokemon",
            "spawnablePositionType": "grounded",
            "bucket": "common",
            "level": "16-41",
            "weight": 5.7,
            "condition": {
                "biomes": [
                    "#cobblemon:is_taiga"
                ],
                "timeRange": "night"
            }
        }
    ]
}