{
  "enabled": true,
  "neededInstalledMods": [],
  "neededUninstalledMods": [],
  "spawns": [
    {
      "id": "snubbull-1",
      "pokemon": "snubbull",
      "presets": [
        "natural"
      ],
      "type": "pokemon",
      "spawnablePositionType": "grounded",
      "bucket": "common",
      "level": "5-30",
      "weight": 5.4,
      "condition": {
        "biomes": [
          "#cobblemon:is_savanna",
          "#cobblemon:is_plains"
        ]
      }
    },
    {
      "id": "snubbull-2",
      "pokemon": "snubbull",
      "presets": [
        "natural"
      ],
      "type": "pokemon",
      "spawnablePositionType": "grounded",
      "bucket": "common",
      "level": "5-30",
      "weight": 5.4,
      "condition": {
        "structures": [
          "#minecraft:village"
        ]
      }
    }
  ]
}