{
    "enabled": true,
    "neededInstalledMods": [],
    "neededUninstalledMods": [],
    "spawns": [
        {
            "id": "heracross-1",
            "pokemon": "heracross",
            "presets": [
                "natural",
                "treetop",
                "wild"
            ],
            "type": "pokemon",
            "spawnablePositionType": "grounded",
            "bucket": "rare",
            "level": "25-50",
            "weight": 2.0,
            "weightMultiplier": {
                "multiplier": 5.0,
                "condition": {
                    "timeRange": "twilight"
                }
            },
            "condition": {
                "minSkyLight": 8,
                "maxSkyLight": 15,
                "biomes": [
                    "#cobblemon:is_forest"
                ]
            },
            "anticondition": {
                "neededNearbyBlocks": [
                    "#cobblemon:saccharine_trees"
                ],
                "biomes": [
                    "#cobblemon:is_freezing",
                    "#cobblemon:is_spooky"
                ]
            }
        },
        {
            "id": "heracross-2",
            "pokemon": "heracross",
            "presets": [
                "natural",
                "treetop",
                "wild"
            ],
            "type": "pokemon",
            "spawnablePositionType": "grounded",
            "bucket": "uncommon",
            "level": "25-50",
            "weight": 2.0,
            "weightMultiplier": {
                "multiplier": 5.0,
                "condition": {
                    "timeRange": "twilight"
                }
            },
            "condition": {
                "minSkyLight": 8,
                "maxSkyLight": 15,
                "biomes": [
                    "#cobblemon:is_jungle",
                    "aether:skyroot_forest",
                    "aether:skyroot_woodland",
                    "#cobblemon:is_tropical_island"
                ]
            },
            "anticondition": {
                "neededNearbyBlocks": [
                    "#cobblemon:saccharine_trees"
                ]
            }
        },
        {
            "id": "heracross-3",
            "pokemon": "heracross",
            "presets": [
                "natural",
                "treetop"
            ],
            "type": "pokemon",
            "spawnablePositionType": "grounded",
            "bucket": "uncommon",
            "level": "25-50",
            "weight": 2.0,
            "weightMultiplier": {
                "multiplier": 5.0,
                "condition": {
                    "timeRange": "twilight"
                }
            },
            "condition": {
                "minSkyLight": 8,
                "maxSkyLight": 15,
                "biomes": [
                    "#aether:is_aether",
                    "#cobblemon:is_overworld"
                ],
                "neededNearbyBlocks": [
                    "#cobblemon:saccharine_trees"
                ]
            },
            "anticondition": {
                "biomes": [
                    "#cobblemon:is_freezing"
                ]
            }
        },
        {
            "id": "heracross-4",
            "pokemon": "heracross",
            "type": "pokemon",
            "spawnablePositionType": "grounded",
            "bucket": "uncommon",
            "level": "25-50",
            "weight": 10.0,
            "condition": {
                "biomes": [
                    "the_bumblezone:crystal_canyon"
                ]
            },
            "anticondition": {
                "structures": [
                    "#the_bumblezone:sempiternal_sanctums"
                ]
            }
        }
    ]
}