{
    "enabled": true,
    "neededInstalledMods": [],
    "neededUninstalledMods": [],
    "spawns": [
        {
            "id": "porygon2-1",
            "pokemon": "porygon2",
            "type": "pokemon",
            "spawnablePositionType": "grounded",
            "bucket": "uncommon",
            "level": "35-52",
            "weight": 0.72,
            "condition": {
                "biomes": [
                    "#cobblemon:end"
                ]
            }
        }
    ]
}