{
    "enabled": true,
    "neededInstalledMods": [],
    "neededUninstalledMods": [],
    "spawns": [
        {
            "id": "smeargle-1",
            "pokemon": "smeargle",
            "presets": [
                "natural"
            ],
            "type": "pokemon",
            "spawnablePositionType": "grounded",
            "bucket": "rare",
            "level": "1-25",
            "weight": 10.0,
            "weightMultiplier": {
                "multiplier": 0.25,
                "condition": {
                    "timeRange": "night"
                }
            },
            "condition": {
                "minSkyLight": 8,
                "maxSkyLight": 15,
                "biomes": [
                    "#cobblemon:is_overworld"
                ]
            }
        },
        {
            "id": "smeargle-2",
            "pokemon": "smeargle",
            "presets": [
                "natural"
            ],
            "type": "pokemon",
            "spawnablePositionType": "grounded",
            "bucket": "rare",
            "level": "1-25",
            "weight": 10.0,
            "weightMultiplier": {
                "multiplier": 0.25,
                "condition": {
                    "timeRange": "night"
                }
            },
            "condition": {
                "minSkyLight": 8,
                "maxSkyLight": 15,
                "biomes": [
                    "#cobblemon:is_overworld"
                ],
                "structures": [
                    "#minecraft:village"
                ]
            }
        },
        {
            "id": "smeargle-3",
            "pokemon": "smeargle",
            "presets": [
                "mansion"
            ],
            "type": "pokemon",
            "spawnablePositionType": "grounded",
            "bucket": "common",
            "level": "1-25",
            "weight": 2.0,
            "condition": {
                "canSeeSky": false,
                "biomes": [
                    "#cobblemon:is_overworld"
                ],
                "neededNearbyBlocks": [
                    "minecraft:light_blue_wool",
                    "minecraft:blue_wool",
                    "minecraft:cyan_wool",
                    "minecraft:light_gray_wool",
                    "minecraft:gray_wool",
                    "minecraft:green_wool",
                    "minecraft:black_wool",
                    "minecraft:lime_wool",
                    "minecraft:orange_wool",
                    "minecraft:yellow_wool",
                    "minecraft:brown_wool",
                    "minecraft:yellow_carpet",
                    "minecraft:lime_carpet"
                ]
            }
        }
    ]
}