{
    "enabled": true,
    "neededInstalledMods": [],
    "neededUninstalledMods": [],
    "spawns": [
        {
            "id": "lugia-1",
            "pokemon": "lugia",
            "type": "pokemon",
            "spawnablePositionType": "grounded",
            "bucket": "ultra-rare",
            "level": "60-70",
            "weight": 0,
            "condition": {
                "biomes": [
                    "cobbleverse:custom_spawn/whirl_island"
                ]
            }
        }
    ]
}