{
    "enabled": true,
    "neededInstalledMods": [],
    "neededUninstalledMods": [],
    "spawns": [
        {
            "id": "pelipper-1",
            "pokemon": "pelipper",
            "presets": [
                "natural",
                "treetop"
            ],
            "type": "pokemon",
            "spawnablePositionType": "grounded",
            "bucket": "common",
            "level": "25-44",
            "weight": 1.0,
            "condition": {
                "minSkyLight": 8,
                "maxSkyLight": 15,
                "biomes": [
                    "#cobblemon:is_coast",
                    "#cobblemon:is_ocean",
                    "#cobblemon:is_sky",
                    "#cobblemon:is_tropical_island"
                ],
                "timeRange": "day"
            },
            "anticondition": {
                "biomes": [
                    "#cobblemon:is_freezing"
                ]
            }
        }
    ]
}