{
    "enabled": true,
    "neededInstalledMods": [],
    "neededUninstalledMods": [],
    "spawns": [
        {
            "id": "electrike-1",
            "pokemon": "electrike",
            "presets": [
                "natural"
            ],
            "type": "pokemon",
            "spawnablePositionType": "grounded",
            "bucket": "common",
            "level": "5-30",
            "weight": 1.8,
            "weightMultiplier": {
                "multiplier": 5.0,
                "condition": {
                    "isThundering": true
                }
            },
            "condition": {
                "minSkyLight": 8,
                "maxSkyLight": 15,
                "biomes": [
                    "#cobblemon:is_grassland",
                    "#cobblemon:is_hills"
                ]
            }
        }
    ]
}