{
    "enabled": true,
    "neededInstalledMods": [],
    "neededUninstalledMods": [],
    "spawns": [
        {
            "id": "shuppet-1",
            "pokemon": "shuppet",
            "presets": [
                "natural"
            ],
            "type": "pokemon",
            "spawnablePositionType": "grounded",
            "bucket": "common",
            "level": "5-30",
            "weight": 9.0,
            "condition": {
                "biomes": [
                    "#cobblemon:is_spooky"
                ],
                "timeRange": "night"
            }
        },
        {
            "id": "shuppet-2",
            "pokemon": "shuppet",
            "presets": [
                "natural"
            ],
            "type": "pokemon",
            "spawnablePositionType": "grounded",
            "bucket": "uncommon",
            "level": "5-30",
            "weight": 5.4,
            "condition": {
                "minSkyLight": 8,
                "maxSkyLight": 15,
                "biomes": [
                    "#cobblemon:is_overworld"
                ],
                "timeRange": "night"
            }
        },
        {
            "id": "shuppet-3",
            "pokemon": "shuppet",
            "presets": [
                "natural"
            ],
            "type": "pokemon",
            "spawnablePositionType": "grounded",
            "bucket": "uncommon",
            "level": "5-30",
            "weight": 8.4,
            "condition": {
                "minSkyLight": 8,
                "maxSkyLight": 15,
                "biomes": [
                    "#cobblemon:is_overworld"
                ],
                "timeRange": "night",
                "structures": [
                    "#minecraft:village"
                ]
            }
        },
        {
            "id": "shuppet-4",
            "pokemon": "shuppet",
            "presets": [
                "mansion"
            ],
            "type": "pokemon",
            "spawnablePositionType": "grounded",
            "bucket": "common",
            "level": "5-30",
            "weight": 9.0,
            "condition": {
                "canSeeSky": false,
                "biomes": [
                    "#cobblemon:is_overworld"
                ],
                "timeRange": "night"
            }
        }
    ]
}