{"enabled":true,"neededInstalledMods":[],"neededUninstalledMods":[],"spawns":[{"id":"roserade-1","pokemon":"roserade","presets":["natural"],"type":"pokemon","spawnablePositionType":"grounded","bucket":"common","level":"35-52","weight":0.05,"condition":{"minSkyLight":8,"maxSkyLight":15,"biomes":["#aether:is_aether","#cobblemon:is_floral"]}},{"id":"roserade-2","pokemon":"roserade","type":"pokemon","spawnablePositionType":"grounded","bucket":"common","level":"35-52","weight":0.05,"condition":{"biomes":["the_bumblezone:floral_meadow"]},"anticondition":{"structures":["#the_bumblezone:sempiternal_sanctums"]}}]}