{
  "low_level_cap": [
    {
      "translatable": "dialogs.rctmod.fiammetta.low_level_cap.0"
    },
    {
      "translatable": "dialogs.rctmod.fiammetta.low_level_cap.1"
    },
    {
      "translatable": "dialogs.rctmod.fiammetta.low_level_cap.2"
    },
    {
      "translatable": "dialogs.rctmod.fiammetta.low_level_cap.2"
    }
  ],
  "missing_pokemon": [
    {
      "translatable": "dialogs.rctmod.fiammetta.missing_pokemon.0"
    },
    {
      "translatable": "dialogs.rctmod.fiammetta.missing_pokemon.1"
    },
    {
      "translatable": "dialogs.rctmod.fiammetta.missing_pokemon.2"
    },
    {
      "translatable": "dialogs.rctmod.fiammetta.missing_pokemon.3"
    }
  ],
  "missing_required_trainer": [
    {
      "translatable": "dialogs.rctmod.fiammetta.missing_required_trainer.0"
    },
    {
      "translatable": "dialogs.rctmod.fiammetta.missing_required_trainer.1"
    },
    {
      "translatable": "dialogs.rctmod.fiammetta.missing_required_trainer.2"
    },
    {
      "translatable": "dialogs.rctmod.fiammetta.missing_required_trainer.3"
    },
    {
      "translatable": "dialogs.rctmod.fiammetta.missing_required_trainer.4"
    }
  ],
  "missing_required_trainer_champ": [],
  "missing_required_trainer_e4": [],
  "missing_required_trainer_leader": [],
  "missing_required_trainer_light_of_ruin": [],
  "missing_required_trainer_rival": [],
  "missing_required_trainer_team_galactic": [],
  "missing_required_trainer_team_rocket": [],
  "missing_required_trainer_team_shadow": [],
  "wrong_series": [
    {
      "translatable": "dialogs.rctmod.fiammetta.wrong_series.0"
    },
    {
      "translatable": "dialogs.rctmod.fiammetta.wrong_series.1"
    }
  ],
  "on_battle_lost": [
    {
      "translatable": "dialogs.rctmod.fiammetta.on_battle_lost.0"
    },
    {
      "translatable": "dialogs.rctmod.fiammetta.on_battle_lost.1"
    },
    {
      "translatable": "dialogs.rctmod.fiammetta.on_battle_lost.2"
    },
    {
      "translatable": "dialogs.rctmod.fiammetta.on_battle_lost.3"
    }
  ],
  "on_battle_start": [
    {
      "translatable": "dialogs.rctmod.fiammetta.on_battle_start.0"
    },
    {
      "translatable": "dialogs.rctmod.fiammetta.on_battle_start.1"
    },
    {
      "translatable": "dialogs.rctmod.fiammetta.on_battle_start.2"
    },
    {
      "translatable": "dialogs.rctmod.fiammetta.on_battle_start.3"
    },
    {
      "translatable": "dialogs.rctmod.fiammetta.on_battle_start.4"
    },
    {
      "translatable": "dialogs.rctmod.fiammetta.on_battle_start.5"
    }
  ],
  "on_battle_won": [
    {
      "translatable": "dialogs.rctmod.fiammetta.on_battle_won.0"
    },
    {
      "translatable": "dialogs.rctmod.fiammetta.on_battle_won.1"
    },
    {
      "translatable": "dialogs.rctmod.fiammetta.on_battle_won.2"
    },
    {
      "translatable": "dialogs.rctmod.fiammetta.on_battle_won.3"
    },
    {
      "translatable": "dialogs.rctmod.fiammetta.on_battle_start.4"
    },
    {
      "translatable": "dialogs.rctmod.fiammetta.on_battle_start.5"
    }
  ],
  "on_cooldown": [
    {
      "translatable": "dialogs.rctmod.fiammetta.on_cooldown.0"
    },
    {
      "translatable": "dialogs.rctmod.fiammetta.on_cooldown.1"
    },
    {
      "translatable": "dialogs.rctmod.fiammetta.on_cooldown.2"
    }
  ],
  "over_level_cap": [
    {
      "translatable": "dialogs.rctmod.fiammetta.over_level_cap.0"
    },
    {
      "translatable": "dialogs.rctmod.fiammetta.over_level_cap.1"
    },
    {
      "translatable": "dialogs.rctmod.fiammetta.over_level_cap.2"
    }
  ],
  "player_busy": [
    {
      "translatable": "dialogs.rctmod.fiammetta.player_busy.0"
    }
  ],
  "trainer_busy": [
    {
      "translatable": "dialogs.rctmod.fiammetta.trainer_busy.0"
    }
  ],
  "trainer_lost": [
    {
      "translatable": "dialogs.rctmod.fiammetta.trainer_lost.0"
    },
    {
      "translatable": "dialogs.rctmod.fiammetta.trainer_lost.1"
    },
    {
      "translatable": "dialogs.rctmod.fiammetta.trainer_lost.2"
    },
    {
      "translatable": "dialogs.rctmod.fiammetta.trainer_lost.3"
    }
  ],
  "trainer_won": [
    {
      "translatable": "dialogs.rctmod.fiammetta.trainer_won.0"
    },
    {
      "translatable": "dialogs.rctmod.fiammetta.trainer_won.1"
    },
    {
      "translatable": "dialogs.rctmod.fiammetta.trainer_won.2"
    },
    {
      "translatable": "dialogs.rctmod.fiammetta.trainer_won.3"
    },
    {
      "translatable": "dialogs.rctmod.fiammetta.trainer_won.4"
    }
  ],
  "unknown_reason": [
    {
      "translatable": "dialogs.rctmod.fiammetta.unknown_reason"
    }
  ]
}