{
  "low_level_cap": [
    {
      "translatable": "dialogs.rctmod.erika.low_level_cap.0"
    },
    {
      "translatable": "dialogs.rctmod.erika.low_level_cap.1"
    },
    {
      "translatable": "dialogs.rctmod.erika.low_level_cap.2"
    },
    {
      "translatable": "dialogs.rctmod.erika.low_level_cap.3"
    },
    {
      "translatable": "dialogs.rctmod.erika.low_level_cap.4"
    },
    {
      "translatable": "dialogs.rctmod.erika.low_level_cap.5"
    },
    {
      "translatable": "dialogs.rctmod.erika.low_level_cap.6"
    }
  ],
  "missing_pokemon": [
    {
      "translatable": "dialogs.rctmod.erika.missing_pokemon.0"
    },
    {
      "translatable": "dialogs.rctmod.erika.missing_pokemon.1"
    },
    {
      "translatable": "dialogs.rctmod.erika.missing_pokemon.2"
    },
    {
      "translatable": "dialogs.rctmod.erika.missing_pokemon.3"
    },
    {
      "translatable": "dialogs.rctmod.erika.missing_pokemon.4"
    },
    {
      "translatable": "dialogs.rctmod.erika.missing_pokemon.5"
    },
    {
      "translatable": "dialogs.rctmod.erika.missing_pokemon.6"
    },
    {
      "translatable": "dialogs.rctmod.erika.missing_pokemon.7"
    },
    {
      "translatable": "dialogs.rctmod.erika.missing_pokemon.8"
    },
    {
      "translatable": "dialogs.rctmod.erika.missing_pokemon.9"
    },
    {
      "translatable": "dialogs.rctmod.erika.missing_pokemon.10"
    },
    {
      "translatable": "dialogs.rctmod.erika.missing_pokemon.11"
    },
    {
      "translatable": "dialogs.rctmod.erika.missing_pokemon.12"
    },
    {
      "translatable": "dialogs.rctmod.erika.missing_pokemon.13"
    },
    {
      "translatable": "dialogs.rctmod.erika.missing_pokemon.14"
    },
    {
      "translatable": "dialogs.rctmod.erika.missing_pokemon.15"
    }
  ],
  "missing_required_trainer": [
    {
      "translatable": "dialogs.rctmod.erika.missing_required_trainer.0"
    },
    {
      "translatable": "dialogs.rctmod.erika.missing_required_trainer.1"
    },
    {
      "translatable": "dialogs.rctmod.erika.missing_required_trainer.2"
    },
    {
      "translatable": "dialogs.rctmod.erika.missing_required_trainer.3"
    },
    {
      "translatable": "dialogs.rctmod.erika.missing_required_trainer.4"
    },
    {
      "translatable": "dialogs.rctmod.erika.missing_required_trainer.5"
    },
    {
      "translatable": "dialogs.rctmod.erika.missing_required_trainer.6"
    },
    {
      "translatable": "dialogs.rctmod.erika.missing_required_trainer.7"
    },
    {
      "translatable": "dialogs.rctmod.erika.missing_required_trainer.8"
    },
    {
      "translatable": "dialogs.rctmod.erika.missing_required_trainer.9"
    },
    {
      "translatable": "dialogs.rctmod.erika.missing_required_trainer.10"
    },
    {
      "translatable": "dialogs.rctmod.erika.missing_required_trainer.11"
    },
    {
      "translatable": "dialogs.rctmod.erika.missing_required_trainer.12"
    },
    {
      "translatable": "dialogs.rctmod.erika.missing_required_trainer.13"
    },
    {
      "translatable": "dialogs.rctmod.erika.missing_required_trainer.14"
    },
    {
      "translatable": "dialogs.rctmod.erika.missing_required_trainer.15"
    }
  ],
  "missing_required_trainer_champ": [],
  "missing_required_trainer_e4": [],
  "missing_required_trainer_leader": [],
  "missing_required_trainer_light_of_ruin": [],
  "missing_required_trainer_rival": [],
  "missing_required_trainer_team_galactic": [],
  "missing_required_trainer_team_rocket": [],
  "missing_required_trainer_team_shadow": [],
  "wrong_series": [
    {
      "translatable": "dialogs.rctmod.erika.wrong_series.0"
    },
    {
      "translatable": "dialogs.rctmod.erika.wrong_series.1"
    }
  ],
  "on_battle_lost": [
    {
      "translatable": "dialogs.rctmod.erika.on_battle_lost.0"
    },
    {
      "translatable": "dialogs.rctmod.erika.on_battle_lost.1"
    },
    {
      "translatable": "dialogs.rctmod.erika.on_battle_lost.2"
    },
    {
      "translatable": "dialogs.rctmod.erika.on_battle_lost.3"
    },
    {
      "translatable": "dialogs.rctmod.erika.on_battle_lost.4"
    },
    {
      "translatable": "dialogs.rctmod.erika.on_battle_lost.5"
    },
    {
      "translatable": "dialogs.rctmod.erika.on_battle_lost.6"
    },
    {
      "translatable": "dialogs.rctmod.erika.on_battle_lost.7"
    },
    {
      "translatable": "dialogs.rctmod.erika.on_battle_lost.8"
    },
    {
      "translatable": "dialogs.rctmod.erika.on_battle_lost.9"
    },
    {
      "translatable": "dialogs.rctmod.erika.on_battle_lost.10"
    },
    {
      "translatable": "dialogs.rctmod.erika.on_battle_lost.11"
    },
    {
      "translatable": "dialogs.rctmod.erika.on_battle_lost.12"
    },
    {
      "translatable": "dialogs.rctmod.erika.on_battle_lost.13"
    },
    {
      "translatable": "dialogs.rctmod.erika.on_battle_lost.14"
    },
    {
      "translatable": "dialogs.rctmod.erika.on_battle_lost.15"
    }
  ],
  "on_battle_start": [
    {
      "translatable": "dialogs.rctmod.erika.on_battle_start.0"
    },
    {
      "translatable": "dialogs.rctmod.erika.on_battle_start.1"
    },
    {
      "translatable": "dialogs.rctmod.erika.on_battle_start.2"
    },
    {
      "translatable": "dialogs.rctmod.erika.on_battle_start.3"
    },
    {
      "translatable": "dialogs.rctmod.erika.on_battle_start.4"
    },
    {
      "translatable": "dialogs.rctmod.erika.on_battle_start.5"
    },
    {
      "translatable": "dialogs.rctmod.erika.on_battle_start.6"
    },
    {
      "translatable": "dialogs.rctmod.erika.on_battle_start.7"
    },
    {
      "translatable": "dialogs.rctmod.erika.on_battle_start.8"
    },
    {
      "translatable": "dialogs.rctmod.erika.on_battle_start.9"
    },
    {
      "translatable": "dialogs.rctmod.erika.on_battle_start.10"
    },
    {
      "translatable": "dialogs.rctmod.erika.on_battle_start.11"
    },
    {
      "translatable": "dialogs.rctmod.erika.on_battle_start.12"
    },
    {
      "translatable": "dialogs.rctmod.erika.on_battle_start.13"
    },
    {
      "translatable": "dialogs.rctmod.erika.on_battle_start.14"
    },
    {
      "translatable": "dialogs.rctmod.erika.on_battle_start.15"
    }
  ],
  "on_battle_won": [
    {
      "translatable": "dialogs.rctmod.erika.on_battle_won.0"
    },
    {
      "translatable": "dialogs.rctmod.erika.on_battle_won.1"
    },
    {
      "translatable": "dialogs.rctmod.erika.on_battle_won.2"
    },
    {
      "translatable": "dialogs.rctmod.erika.on_battle_won.3"
    },
    {
      "translatable": "dialogs.rctmod.erika.on_battle_won.4"
    },
    {
      "translatable": "dialogs.rctmod.erika.on_battle_won.5"
    },
    {
      "translatable": "dialogs.rctmod.erika.on_battle_won.6"
    },
    {
      "translatable": "dialogs.rctmod.erika.on_battle_won.7"
    },
    {
      "translatable": "dialogs.rctmod.erika.on_battle_won.8"
    },
    {
      "translatable": "dialogs.rctmod.erika.on_battle_won.9"
    },
    {
      "translatable": "dialogs.rctmod.erika.on_battle_won.10"
    },
    {
      "translatable": "dialogs.rctmod.erika.on_battle_won.11"
    },
    {
      "translatable": "dialogs.rctmod.erika.on_battle_won.12"
    },
    {
      "translatable": "dialogs.rctmod.erika.on_battle_won.13"
    },
    {
      "translatable": "dialogs.rctmod.erika.on_battle_won.14"
    },
    {
      "translatable": "dialogs.rctmod.erika.on_battle_won.15"
    }
  ],
  "on_cooldown": [
    {
      "translatable": "dialogs.rctmod.erika.on_cooldown.0"
    },
    {
      "translatable": "dialogs.rctmod.erika.on_cooldown.1"
    },
    {
      "translatable": "dialogs.rctmod.erika.on_cooldown.2"
    },
    {
      "translatable": "dialogs.rctmod.erika.on_cooldown.3"
    },
    {
      "translatable": "dialogs.rctmod.erika.on_cooldown.4"
    },
    {
      "translatable": "dialogs.rctmod.erika.on_cooldown.5"
    },
    {
      "translatable": "dialogs.rctmod.erika.on_cooldown.6"
    },
    {
      "translatable": "dialogs.rctmod.erika.on_cooldown.7"
    },
    {
      "translatable": "dialogs.rctmod.erika.on_cooldown.8"
    },
    {
      "translatable": "dialogs.rctmod.erika.on_cooldown.9"
    },
    {
      "translatable": "dialogs.rctmod.erika.on_cooldown.10"
    },
    {
      "translatable": "dialogs.rctmod.erika.on_cooldown.11"
    },
    {
      "translatable": "dialogs.rctmod.erika.on_cooldown.12"
    },
    {
      "translatable": "dialogs.rctmod.erika.on_cooldown.13"
    },
    {
      "translatable": "dialogs.rctmod.erika.on_cooldown.14"
    },
    {
      "translatable": "dialogs.rctmod.erika.on_cooldown.15"
    }
  ],
  "over_level_cap": [
    {
      "translatable": "dialogs.rctmod.erika.over_level_cap.0"
    },
    {
      "translatable": "dialogs.rctmod.erika.over_level_cap.1"
    },
    {
      "translatable": "dialogs.rctmod.erika.over_level_cap.2"
    },
    {
      "translatable": "dialogs.rctmod.erika.over_level_cap.3"
    },
    {
      "translatable": "dialogs.rctmod.erika.over_level_cap.4"
    },
    {
      "translatable": "dialogs.rctmod.erika.over_level_cap.5"
    },
    {
      "translatable": "dialogs.rctmod.erika.over_level_cap.6"
    },
    {
      "translatable": "dialogs.rctmod.erika.over_level_cap.7"
    },
    {
      "translatable": "dialogs.rctmod.erika.over_level_cap.8"
    },
    {
      "translatable": "dialogs.rctmod.erika.over_level_cap.9"
    },
    {
      "translatable": "dialogs.rctmod.erika.over_level_cap.10"
    },
    {
      "translatable": "dialogs.rctmod.erika.over_level_cap.11"
    },
    {
      "translatable": "dialogs.rctmod.erika.over_level_cap.12"
    },
    {
      "translatable": "dialogs.rctmod.erika.over_level_cap.13"
    },
    {
      "translatable": "dialogs.rctmod.erika.over_level_cap.14"
    },
    {
      "translatable": "dialogs.rctmod.erika.over_level_cap.15"
    }
  ],
  "player_busy": [
    {
      "translatable": "dialogs.rctmod.erika.player_busy.0"
    },
    {
      "translatable": "dialogs.rctmod.erika.player_busy.1"
    },
    {
      "translatable": "dialogs.rctmod.erika.player_busy.2"
    },
    {
      "translatable": "dialogs.rctmod.erika.player_busy.3"
    },
    {
      "translatable": "dialogs.rctmod.erika.player_busy.4"
    },
    {
      "translatable": "dialogs.rctmod.erika.player_busy.5"
    }
  ],
  "trainer_busy": [
    {
      "translatable": "dialogs.rctmod.erika.trainer_busy.0"
    },
    {
      "translatable": "dialogs.rctmod.erika.trainer_busy.1"
    },
    {
      "translatable": "dialogs.rctmod.erika.trainer_busy.2"
    },
    {
      "translatable": "dialogs.rctmod.erika.trainer_busy.3"
    },
    {
      "translatable": "dialogs.rctmod.erika.trainer_busy.4"
    },
    {
      "translatable": "dialogs.rctmod.erika.trainer_busy.5"
    }
  ],
  "trainer_lost": [
    {
      "translatable": "dialogs.rctmod.erika.trainer_lost.0"
    },
    {
      "translatable": "dialogs.rctmod.erika.trainer_lost.1"
    },
    {
      "translatable": "dialogs.rctmod.erika.trainer_lost.2"
    },
    {
      "translatable": "dialogs.rctmod.erika.trainer_lost.3"
    },
    {
      "translatable": "dialogs.rctmod.erika.trainer_lost.4"
    },
    {
      "translatable": "dialogs.rctmod.erika.trainer_lost.5"
    }
  ],
  "trainer_won": [
    {
      "translatable": "dialogs.rctmod.erika.trainer_won.0"
    },
    {
      "translatable": "dialogs.rctmod.erika.trainer_won.1"
    },
    {
      "translatable": "dialogs.rctmod.erika.trainer_won.2"
    },
    {
      "translatable": "dialogs.rctmod.erika.trainer_won.3"
    },
    {
      "translatable": "dialogs.rctmod.erika.trainer_won.4"
    },
    {
      "translatable": "dialogs.rctmod.erika.trainer_won.5"
    },
    {
      "translatable": "dialogs.rctmod.erika.trainer_won.6"
    },
    {
      "translatable": "dialogs.rctmod.erika.trainer_won.7"
    },
    {
      "translatable": "dialogs.rctmod.erika.trainer_won.8"
    },
    {
      "translatable": "dialogs.rctmod.erika.trainer_won.9"
    },
    {
      "translatable": "dialogs.rctmod.erika.trainer_won.10"
    },
    {
      "translatable": "dialogs.rctmod.erika.trainer_won.11"
    },
    {
      "translatable": "dialogs.rctmod.erika.trainer_won.12"
    },
    {
      "translatable": "dialogs.rctmod.erika.trainer_won.13"
    },
    {
      "translatable": "dialogs.rctmod.erika.trainer_won.14"
    },
    {
      "translatable": "dialogs.rctmod.erika.trainer_won.15"
    }
  ],
  "unknown_reason": [
    {
      "translatable": "dialogs.rctmod.erika.unknown_reason"
    }
  ]
}