{
  "low_level_cap": [
    {
      "translatable": "dialogs.rctmod.buck.low_level_cap.0"
    },
    {
      "translatable": "dialogs.rctmod.buck.low_level_cap.1"
    },
    {
      "translatable": "dialogs.rctmod.buck.low_level_cap.2"
    },
    {
      "translatable": "dialogs.rctmod.buck.low_level_cap.3"
    },
    {
      "translatable": "dialogs.rctmod.buck.low_level_cap.4"
    },
    {
      "translatable": "dialogs.rctmod.buck.low_level_cap.5"
    }
  ],
  "missing_pokemon": [
    {
      "translatable": "dialogs.rctmod.buck.missing_pokemon.0"
    },
    {
      "translatable": "dialogs.rctmod.buck.missing_pokemon.1"
    },
    {
      "translatable": "dialogs.rctmod.buck.missing_pokemon.2"
    },
    {
      "translatable": "dialogs.rctmod.buck.missing_pokemon.3"
    },
    {
      "translatable": "dialogs.rctmod.buck.missing_pokemon.4"
    },
    {
      "translatable": "dialogs.rctmod.buck.missing_pokemon.5"
    }
  ],
  "missing_required_trainer": [],
  "missing_required_trainer_champ": [],
  "missing_required_trainer_e4": [],
  "missing_required_trainer_leader": [],
  "missing_required_trainer_light_of_ruin": [],
  "missing_required_trainer_rival": [],
  "missing_required_trainer_team_galactic": [],
  "missing_required_trainer_team_rocket": [],
  "missing_required_trainer_team_shadow": [],
  "wrong_series": [
    {
      "translatable": "dialogs.rctmod.buck.wrong_series.0"
    },
    {
      "translatable": "dialogs.rctmod.buck.wrong_series.1"
    },
    {
      "translatable": "dialogs.rctmod.buck.wrong_series.2"
    },
    {
      "translatable": "dialogs.rctmod.buck.wrong_series.3"
    }
  ],
  "on_battle_lost": [
    {
      "translatable": "dialogs.rctmod.buck.on_battle_lost.0"
    },
    {
      "translatable": "dialogs.rctmod.buck.on_battle_lost.1"
    },
    {
      "translatable": "dialogs.rctmod.buck.on_battle_lost.2"
    },
    {
      "translatable": "dialogs.rctmod.buck.on_battle_lost.3"
    },
    {
      "translatable": "dialogs.rctmod.buck.on_battle_lost.4"
    },
    {
      "translatable": "dialogs.rctmod.buck.on_battle_lost.5"
    }
  ],
  "on_battle_start": [
    {
      "translatable": "dialogs.rctmod.buck.on_battle_start.0"
    },
    {
      "translatable": "dialogs.rctmod.buck.on_battle_start.1"
    },
    {
      "translatable": "dialogs.rctmod.buck.on_battle_start.2"
    },
    {
      "translatable": "dialogs.rctmod.buck.on_battle_start.3"
    },
    {
      "translatable": "dialogs.rctmod.buck.on_battle_start.4"
    },
    {
      "translatable": "dialogs.rctmod.buck.on_battle_start.5"
    }
  ],
  "on_battle_won": [
    {
      "translatable": "dialogs.rctmod.buck.on_battle_won.0"
    },
    {
      "translatable": "dialogs.rctmod.buck.on_battle_won.1"
    },
    {
      "translatable": "dialogs.rctmod.buck.on_battle_won.2"
    },
    {
      "translatable": "dialogs.rctmod.buck.on_battle_won.3"
    },
    {
      "translatable": "dialogs.rctmod.buck.on_battle_start.4"
    },
    {
      "translatable": "dialogs.rctmod.buck.on_battle_start.5"
    }
  ],
  "on_cooldown": [
    {
      "translatable": "dialogs.rctmod.buck.on_cooldown.0"
    },
    {
      "translatable": "dialogs.rctmod.buck.on_cooldown.1"
    },
    {
      "translatable": "dialogs.rctmod.buck.on_cooldown.2"
    },
    {
      "translatable": "dialogs.rctmod.buck.on_cooldown.3"
    },
    {
      "translatable": "dialogs.rctmod.buck.on_cooldown.4"
    },
    {
      "translatable": "dialogs.rctmod.buck.on_cooldown.5"
    }
  ],
  "over_level_cap": [
    {
      "translatable": "dialogs.rctmod.buck.over_level_cap.0"
    },
    {
      "translatable": "dialogs.rctmod.buck.over_level_cap.1"
    },
    {
      "translatable": "dialogs.rctmod.buck.over_level_cap.2"
    },
    {
      "translatable": "dialogs.rctmod.buck.over_level_cap.3"
    },
    {
      "translatable": "dialogs.rctmod.buck.over_level_cap.4"
    },
    {
      "translatable": "dialogs.rctmod.buck.over_level_cap.5"
    }
  ],
  "player_busy": [
    {
      "translatable": "dialogs.rctmod.buck.player_busy.0"
    },
    {
      "translatable": "dialogs.rctmod.buck.player_busy.1"
    },
    {
      "translatable": "dialogs.rctmod.buck.player_busy.2"
    },
    {
      "translatable": "dialogs.rctmod.buck.player_busy.3"
    },
    {
      "translatable": "dialogs.rctmod.buck.player_busy.4"
    },
    {
      "translatable": "dialogs.rctmod.buck.player_busy.5"
    }
  ],
  "trainer_busy": [
    {
      "translatable": "dialogs.rctmod.buck.trainer_busy.0"
    },
    {
      "translatable": "dialogs.rctmod.buck.trainer_busy.1"
    },
    {
      "translatable": "dialogs.rctmod.buck.trainer_busy.2"
    },
    {
      "translatable": "dialogs.rctmod.buck.trainer_busy.3"
    },
    {
      "translatable": "dialogs.rctmod.buck.trainer_busy.4"
    },
    {
      "translatable": "dialogs.rctmod.buck.trainer_busy.5"
    }
  ],
  "trainer_lost": [
    {
      "translatable": "dialogs.rctmod.buck.trainer_lost.0"
    },
    {
      "translatable": "dialogs.rctmod.buck.trainer_lost.1"
    },
    {
      "translatable": "dialogs.rctmod.buck.trainer_lost.2"
    },
    {
      "translatable": "dialogs.rctmod.buck.trainer_lost.3"
    },
    {
      "translatable": "dialogs.rctmod.buck.trainer_lost.4"
    },
    {
      "translatable": "dialogs.rctmod.buck.trainer_lost.5"
    }
  ],
  "trainer_won": [
    {
      "translatable": "dialogs.rctmod.buck.trainer_won.0"
    },
    {
      "translatable": "dialogs.rctmod.buck.trainer_won.1"
    },
    {
      "translatable": "dialogs.rctmod.buck.trainer_won.2"
    },
    {
      "translatable": "dialogs.rctmod.buck.trainer_won.3"
    },
    {
      "translatable": "dialogs.rctmod.buck.trainer_won.4"
    },
    {
      "translatable": "dialogs.rctmod.buck.trainer_won.5"
    }
  ],
  "unknown_reason": [
    {
      "translatable": "dialogs.rctmod.buck.unknown_reason"
    }
  ]
}