{
  "pools": [
    {
      "rolls": {
        "min": 1,
        "max": 1
      },
      "entries": [
        {
          "type": "minecraft:item",
          "name": "cobbleversebadges:johto_league_trophy",
          "conditions": [
            {
              "condition": "rctmod:defeat_count",
              "comparator": "==",
              "count": 1
            }
          ]
        }
      ]
    },
    {
      "rolls": {
        "min": 1,
        "max": 1
      },
      "entries": [
        {
          "type": "minecraft:loot_table",
          "value": "rctmod:generic/team_rocket/tms",
          "conditions": [
            {
              "condition": "rctmod:defeat_count",
              "comparator": "<",
              "count": 5
            }
          ]
        }
      ]
    }
  ],
  "random_sequence": "rctmod:trainers/single/johto_champion_lance"
}