{
  "pools": [
    {
      "rolls": 1,
      "entries": [
        {
          "type": "minecraft:item",
          "name": "lumymon:member_card"
        }
      ]
    },
    {
      "rolls": 1,
      "entries": [
        {
          "type": "minecraft:item",
          "name": "minecraft:prismarine_shard",
          "weight": 5,
          "conditions": [
            {
              "condition": "rctmod:defeat_count",
              "comparator": ">",
              "count": 1
            }
          ],
          "functions": [
            {
              "function": "minecraft:set_count",
              "count": {
                "min": 1,
                "max": 3
              }
            }
          ]
        },
        {
          "type": "minecraft:item",
          "name": "minecraft:sponge",
          "weight": 1,
          "conditions": [
            {
              "condition": "rctmod:defeat_count",
              "comparator": "==",
              "count": 10
            }
          ]
        },
        {
          "type": "minecraft:empty",
          "weight": 10
        }
      ]
    }
  ],
  "random_sequence": "rctmod:trainers/single/sinnoh_elfio"
}