{
  "pools": [
    {
      "rolls": {
        "min": 1,
        "max": 1
      },
      "entries": [
        {
          "type": "minecraft:item",
          "name": "minecraft:paper",
          "weight": 10,
          "functions": [
            {
              "function": "minecraft:set_count",
              "count": {
                "min": 1,
                "max": 3
              }
            }
          ]
        },
        {
          "type": "minecraft:item",
          "name": "minecraft:book",
          "weight": 8,
          "functions": [
            {
              "function": "minecraft:set_count",
              "count": {
                "min": 1,
                "max": 3
              }
            }
          ]
        },
        {
          "type": "minecraft:item",
          "name": "minecraft:trial_key",
          "weight": 2,
          "conditions": [
            {
              "condition": "rctmod:defeat_count",
              "comparator": "<",
              "count": 10
            }
          ]
        }
      ]
    },
    {
      "rolls": {
        "min": 0,
        "max": 1
      },
      "entries": [
        {
          "type": "minecraft:item",
          "name": "cobblemon:pc",
          "weight": 10,
          "conditions": [
            {
              "condition": "rctmod:defeat_count",
              "comparator": "<",
              "count": 10
            }
          ]
        },
        {
          "type": "minecraft:item",
          "name": "cobblemon:monitor",
          "weight": 10,
          "conditions": [
            {
              "condition": "rctmod:defeat_count",
              "comparator": "<",
              "count": 10
            }
          ]
        },
        {
          "type": "minecraft:item",
          "name": "mega_showdown:burn_drive",
          "weight": 1,
          "conditions": [
            {
              "condition": "rctmod:defeat_count",
              "comparator": "<",
              "count": 10
            }
          ]
        },
        {
          "type": "minecraft:item",
          "name": "mega_showdown:chill_drive",
          "weight": 1,
          "conditions": [
            {
              "condition": "rctmod:defeat_count",
              "comparator": "<",
              "count": 10
            }
          ]
        },
        {
          "type": "minecraft:item",
          "name": "mega_showdown:douse_drive",
          "weight": 1,
          "conditions": [
            {
              "condition": "rctmod:defeat_count",
              "comparator": "<",
              "count": 10
            }
          ]
        },
        {
          "type": "minecraft:item",
          "name": "mega_showdown:shock_drive",
          "weight": 1,
          "conditions": [
            {
              "condition": "rctmod:defeat_count",
              "comparator": "<",
              "count": 10
            }
          ]
        }
      ]
    }
  ],
  "random_sequence": "rctmod:trainers/groups/team_galactic_supervisor"
}