{
	"format_version": "1.8.0",
	"animations": {
		"animation.arctibax.pose": {
			"loop": true,
			"bones": {
				"body": {
					"position": [0, -2.25, 0]
				},
				"torso": {
					"rotation": [15, 0, 0]
				},
				"head": {
					"rotation": [-43.17023, 16.59279, 2.1843]
				},
				"bone": {
					"rotation": [67.5, 0, 0]
				},
				"neck": {
					"rotation": [27.5, 0, 0]
				},
				"bone8": {
					"rotation": [-20.28773, -9.41518, 11.9838]
				},
				"bone9": {
					"rotation": [26.75, 0, 0]
				},
				"bone10": {
					"rotation": [-8.9905, 0.21782, 4.99527]
				},
				"bone20": {
					"rotation": [30, 0, 0]
				},
				"bone21": {
					"rotation": [0, 0, 15]
				},
				"bone22": {
					"rotation": [0, 0, 17.5]
				},
				"bone23": {
					"rotation": [0, 0, 17.5]
				},
				"bone24": {
					"rotation": [0, 0, 17.5]
				},
				"bone25": {
					"rotation": [-22.5, 0, 0]
				},
				"bone30": {
					"rotation": [27.5, 0, 0]
				},
				"bone31": {
					"rotation": [-20, 0, 0]
				},
				"bone32": {
					"rotation": [0, 0, -12.5]
				},
				"bone37": {
					"rotation": [0, 0, -20]
				},
				"bone38": {
					"rotation": [0, 0, -17.5]
				},
				"bone39": {
					"rotation": [0, 0, -15]
				},
				"bone15": {
					"rotation": [17.5, 0, 0]
				},
				"bone16": {
					"rotation": [-5, 0, 0]
				},
				"bone17": {
					"rotation": [-12.08681, -3.21132, -14.65993]
				}
			}
		},
		"animation.arctibax.ground_idle": {
			"loop": true,
			"bones": {
				"arctibax": {
					"rotation": [0, 0, 0]
				},
				"body": {
					"position": [0, -1.35, 0]
				},
				"torso": {
					"rotation": ["15+math.sin(q.anim_time*90*1)*1.1", "-0+math.sin(q.anim_time*90*1-70)*0.9", 0],
					"position": [0, "0-math.sin(q.anim_time*90*1)*0.5", 0]
				},
				"head": {
					"rotation": ["60+math.sin(q.anim_time*90*1-40)*1.1", 0, 0]
				},
				"neck": {
					"rotation": ["-10+math.sin(q.anim_time*90*1-20)*1.1", 0, 0]
				},
				"bone2": {
					"rotation": [10, "-0+math.sin(q.anim_time*90*1-135)*8", 0]
				},
				"bone4": {
					"rotation": [-15, "-0+math.sin(q.anim_time*90*1-167)*8", 0]
				},
				"bone5": {
					"rotation": [-7.5, "-0+math.sin(q.anim_time*90*1-190)*8", 0]
				},
				"bone8": {
					"rotation": ["1.75-math.sin(q.anim_time*90*1)*2.6", 0, 15],
					"position": [0, "0-math.sin(q.anim_time*90*1)*0.5", "0-math.sin(q.anim_time*90*1)*0.04"]
				},
				"bone9": {
					"rotation": ["12.25+math.sin(q.anim_time*90*1)*5.5", 0, 0]
				},
				"bone10": {
					"rotation": [-5, 0, 0]
				},
				"bone11": {
					"rotation": ["-12.5-math.sin(q.anim_time*90*1)*2", 0, 0]
				},
				"bone20": {
					"rotation": [24.92464, 34.99665, "-0.4979847289+math.sin(q.anim_time*90*1-90)*2.6"]
				},
				"bone21": {
					"rotation": [0, 0, 15]
				},
				"bone25": {
					"rotation": ["-30+math.sin(q.anim_time*90*1)*2.6", 0, 0]
				},
				"bone30": {
					"rotation": [19.48804, -26.79051, "-5.0698161295-math.sin(q.anim_time*90*1-90)*2.6"]
				},
				"bone31": {
					"rotation": ["-17.5+math.sin(q.anim_time*90*1)*2.6", 0, 0]
				},
				"bone32": {
					"rotation": [0, 0, -17.5]
				},
				"bone14": {
					"rotation": ["-0-math.sin(q.anim_time*90*1)*2.6", 0, -12.5],
					"position": [0, "0-math.sin(q.anim_time*90*1)*0.5", "0-math.sin(q.anim_time*90*1)*0.04"]
				},
				"bone15": {
					"rotation": ["11.75+math.sin(q.anim_time*90*1)*5.5", 0, 0]
				},
				"bone16": {
					"rotation": ["-2.5-math.sin(q.anim_time*90*1)*2", 0, 0]
				},
				"bone17": {
					"rotation": [-13.23783, -0.57283, -2.43353]
				}
			}
		},
		"animation.arctibax.ground_walk": {
			"loop": true,
			"animation_length": 1,
			"bones": {
				"body": {
					"position": {
						"0.0": [0, -2.5, 0],
						"1.0": [0, -2.5, 0]
					}
				},
				"torso": {
					"rotation": ["12.5+math.cos((q.anim_time)*90*8/1-90)*2", "-0+math.cos((q.anim_time)*90*8/2)*5", 0],
					"position": [0, "0-math.cos((q.anim_time)*90*8/1)*0.8", 0]
				},
				"head": {
					"rotation": ["40+math.cos((q.anim_time)*90*8/1)*3", 0, 0]
				},
				"neck": {
					"rotation": ["7.5-math.cos((q.anim_time)*90*8/1-40)*2", "-0-math.cos((q.anim_time)*90*8/2)*4", 0]
				},
				"bone2": {
					"rotation": [7.5, "math.sin(q.anim_time*90*4-135)*8", 0]
				},
				"bone4": {
					"rotation": [-12.5, "-0+math.sin(q.anim_time*90*4-235)*18", 0]
				},
				"bone5": {
					"rotation": [-15, 0, "0-math.sin(q.anim_time*90*4-299)*18"]
				},
				"bone8": {
					"rotation": {
						"0.0": [-36.42802, -5.22262, 9.31349],
						"0.25": {
							"pre": [-6.42802, -5.22262, 9.31349],
							"post": [-6.42802, -5.22262, 9.31349],
							"lerp_mode": "catmullrom"
						},
						"0.5": {
							"post": [71.07198, -5.22262, 9.31349],
							"lerp_mode": "catmullrom"
						},
						"0.7917": {
							"post": [11.07198, -5.22262, 9.31349],
							"lerp_mode": "catmullrom"
						},
						"1.0": [-36.42802, -5.22262, 9.31349]
					},
					"position": {
						"0.0": [0, 0, -2],
						"0.25": [0, 0, 0],
						"0.5": [0, 0, 0.75],
						"0.7917": [0, 2.5, -1],
						"1.0": [0, 0, -2]
					}
				},
				"bone9": {
					"rotation": {
						"0.0": [20, 0, 0],
						"0.25": {
							"pre": [25, 0, 0],
							"post": [25, 0, 0],
							"lerp_mode": "catmullrom"
						},
						"0.375": {
							"post": [4.75, 0, 0],
							"lerp_mode": "catmullrom"
						},
						"0.5": [-35, 0, 0],
						"0.6667": {
							"pre": [5, 0, 0],
							"post": [5, 0, 0],
							"lerp_mode": "catmullrom"
						},
						"0.875": {
							"post": [22.5, 0, 0],
							"lerp_mode": "catmullrom"
						},
						"1.0": [20, 0, 0]
					}
				},
				"bone10": {
					"rotation": {
						"0.0": [0, 0, 4],
						"0.25": [-9, 0, 4],
						"0.375": [-19.5, 0, 4],
						"0.5": [-27.5, 0, 4],
						"0.75": [-24.16667, 0, 4],
						"0.875": [-19.58333, 0, 4],
						"1.0": [0, 0, 4]
					}
				},
				"bone11": {
					"rotation": {
						"0.0": [13.25, 0, 0],
						"0.125": [6.75, 0, 0],
						"0.25": [-11.75, 0, 0],
						"0.375": [-19.75, 0, 0],
						"0.5": [-11.75, 0, 0],
						"0.75": [5.75, 0, 0],
						"0.875": [-3, 0, 0],
						"1.0": [13.25, 0, 0]
					}
				},
				"bone20": {
					"rotation": ["19.2544744212+math.cos((q.anim_time)*90*8/1-90)*2", 21.70375, -15.83447]
				},
				"bone21": {
					"rotation": [0, 0, 15]
				},
				"bone25": {
					"rotation": {
						"0.0": [-20, 0, 0],
						"1.0": [-20, 0, 0]
					}
				},
				"bone30": {
					"rotation": ["18.6386079982+math.cos((q.anim_time)*90*8/1-90)*2", -24.71999, 14.16453]
				},
				"bone31": {
					"rotation": [-25, 0, 0]
				},
				"bone32": {
					"rotation": {
						"0.0": [0, 0, -17.5],
						"1.0": [0, 0, -17.5]
					}
				},
				"bone14": {
					"rotation": {
						"0.0": [63, 0, 0],
						"0.375": {
							"pre": [3, 0, 0],
							"post": [3, 0, 0],
							"lerp_mode": "catmullrom"
						},
						"0.5": {
							"post": [-19.5, 0, 0],
							"lerp_mode": "catmullrom"
						},
						"0.75": {
							"post": [8, 0, 0],
							"lerp_mode": "catmullrom"
						},
						"1.0": [63, 0, 0]
					},
					"position": {
						"0.0": [0, 0, 0.5],
						"0.375": [0, 2, -1.5],
						"0.5": [0, 0, -3.5],
						"0.75": [0, 0, -0.5],
						"1.0": [0, 0, 0.5]
					}
				},
				"bone15": {
					"rotation": {
						"0.0": [-27.5, 0, 0],
						"0.1667": {
							"pre": [8.61, 0, 0],
							"post": [8.61, 0, 0],
							"lerp_mode": "catmullrom"
						},
						"0.2917": {
							"post": [27.5, 0, 0],
							"lerp_mode": "catmullrom"
						},
						"0.4167": {
							"post": [12, 0, 0],
							"lerp_mode": "catmullrom"
						},
						"0.5": [22.5, 0, 0],
						"0.75": {
							"pre": [13.25, 0, 0],
							"post": [13.25, 0, 0],
							"lerp_mode": "catmullrom"
						},
						"1.0": [-27.5, 0, 0]
					}
				},
				"bone16": {
					"rotation": {
						"0.0": [-12.7326, -1.35745, -1.46892],
						"0.2917": [2.2674, -1.35745, -1.46892],
						"0.375": [-3.56593, -1.35745, -1.46892],
						"0.5": [7.2674, -1.35745, -1.46892],
						"0.75": [5.5174, -1.35745, -1.46892],
						"1.0": [-12.7326, -1.35745, -1.46892]
					}
				},
				"bone17": {
					"rotation": {
						"0.0": [-21.50747, -4.46806, -13.27205],
						"0.375": [-11.50747, -4.46806, -13.27205],
						"0.5": [-11.50747, -4.46806, -13.27205],
						"0.625": [-16.25747, -4.46806, -13.27205],
						"0.75": [-28.00747, -4.46806, -13.27205],
						"1.0": [-21.50747, -4.46806, -13.27205]
					}
				}
			}
		},
		"animation.arctibax.waklspeed": {
			"loop": true,
			"bones": {
				"body": {
					"position": [0, 0, "0-query.anim_time *90 *0.27"]
				}
			}
		}
	}
}