{
	"format_version": "1.12.0",
	"minecraft:geometry": [
		{
			"description": {
				"identifier": "geometry.drednaw",
				"texture_width": 256,
				"texture_height": 256,
				"visible_bounds_width": 6,
				"visible_bounds_height": 3.5,
				"visible_bounds_offset": [0, 1.25, 0]
			},
			"bones": [
				{
					"name": "drednaw",
					"pivot": [0, 0, 0]
				},
				{
					"name": "body",
					"parent": "drednaw",
					"pivot": [-0.01352, 14.6962, -2.72706]
				},
				{
					"name": "backlegleft",
					"parent": "body",
					"pivot": [4.5, 11, 13.3],
					"cubes": [
						{"origin": [5, 8, 10], "size": [6, 7, 7], "pivot": [11, 11, 14], "rotation": [45, 0, 0], "uv": [90, 16]}
					]
				},
				{
					"name": "backleftleg2",
					"parent": "backlegleft",
					"pivot": [9, 9.8, 14],
					"cubes": [
						{"origin": [8, 8.5, 10], "size": [5, 6, 6], "pivot": [15, 11.5, 14], "rotation": [45, 0, 0], "uv": [0, 109]}
					]
				},
				{
					"name": "backleftfoot",
					"parent": "backleftleg2",
					"pivot": [13, 10.6, 14],
					"cubes": [
						{"origin": [11, 9, 10], "size": [5, 5, 5], "pivot": [19, 12, 14], "rotation": [45, 0, 0], "uv": [111, 66]},
						{"origin": [14.5, 11.5, 14], "size": [2, 1, 1], "pivot": [18.5, 12.5, 14], "rotation": [45, 0, 0], "uv": [0, 60]},
						{"origin": [14.5, 13.5, 14], "size": [2, 1, 1], "pivot": [18.5, 12.5, 14], "rotation": [45, 0, 0], "uv": [40, 57]},
						{"origin": [14.5, 13.5, 12], "size": [2, 1, 1], "pivot": [18.5, 12.5, 14], "rotation": [45, 0, 0], "uv": [44, 60]}
					]
				},
				{
					"name": "backlegright",
					"parent": "body",
					"pivot": [-4.5, 11, 13.3],
					"cubes": [
						{"origin": [-11, 8, 10], "size": [6, 7, 7], "pivot": [-11, 11, 14], "rotation": [45, 0, 0], "uv": [30, 87]}
					]
				},
				{
					"name": "backrightleg2",
					"parent": "backlegright",
					"pivot": [-9, 9.8, 14],
					"cubes": [
						{"origin": [-13, 8.5, 10], "size": [5, 6, 6], "pivot": [-15, 11.5, 14], "rotation": [45, 0, 0], "uv": [78, 102]}
					]
				},
				{
					"name": "backrightfoot",
					"parent": "backrightleg2",
					"pivot": [-13, 10.6, 14],
					"cubes": [
						{"origin": [-16, 9, 10], "size": [5, 5, 5], "pivot": [-19, 12, 14], "rotation": [45, 0, 0], "uv": [101, 102]},
						{"origin": [-16.5, 11.5, 14], "size": [2, 1, 1], "pivot": [-18.5, 12.5, 14], "rotation": [45, 0, 0], "uv": [0, 42]},
						{"origin": [-16.5, 13.5, 14], "size": [2, 1, 1], "pivot": [-18.5, 12.5, 14], "rotation": [45, 0, 0], "uv": [0, 3]},
						{"origin": [-16.5, 13.5, 12], "size": [2, 1, 1], "pivot": [-18.5, 12.5, 14], "rotation": [45, 0, 0], "uv": [0, 0]}
					]
				},
				{
					"name": "frontlegleft",
					"parent": "body",
					"pivot": [7, 11, -3.7],
					"cubes": [
						{"origin": [7, 8, -7], "size": [6, 7, 7], "pivot": [13, 11, -3], "rotation": [45, 0, 0], "uv": [90, 16]}
					]
				},
				{
					"name": "frontlegleft2",
					"parent": "frontlegleft",
					"pivot": [12, 10.8, -3],
					"cubes": [
						{"origin": [10, 8.5, -7], "size": [7, 6, 6], "pivot": [19, 11.5, -3], "rotation": [45, 0, 0], "uv": [21, 102]},
						{"origin": [13.1, 12.5, -6.2], "size": [1, 3, 4], "pivot": [13.6, 14.5, -3.7], "rotation": [0, -90, 20], "uv": [33, 57]}
					]
				},
				{
					"name": "fontfootleft",
					"parent": "frontlegleft2",
					"pivot": [16, 10.6, -3],
					"cubes": [
						{"origin": [15, 9, -7], "size": [5, 5, 5], "pivot": [23, 12, -3], "rotation": [45, 0, 0], "uv": [111, 66]},
						{"origin": [18.5, 13.5, -3], "size": [2, 1, 1], "pivot": [22.5, 12.5, -3], "rotation": [45, 0, 0], "uv": [41, 69]},
						{"origin": [18.5, 11.5, -3], "size": [2, 1, 1], "pivot": [22.5, 12.5, -3], "rotation": [45, 0, 0], "uv": [69, 19]},
						{"origin": [18.5, 13.5, -5], "size": [2, 1, 1], "pivot": [22.5, 12.5, -3], "rotation": [45, 0, 0], "uv": [69, 16]}
					]
				},
				{
					"name": "frontlegright",
					"parent": "body",
					"pivot": [-7, 11, -3.7],
					"cubes": [
						{"origin": [-13, 8, -7], "size": [6, 7, 7], "pivot": [-13, 11, -3], "rotation": [45, 0, 0], "uv": [30, 87]}
					]
				},
				{
					"name": "frontlegright2",
					"parent": "frontlegright",
					"pivot": [-12, 10.8, -3],
					"cubes": [
						{"origin": [-17, 8.5, -7], "size": [7, 6, 6], "pivot": [-19, 11.5, -3], "rotation": [45, 0, 0], "uv": [51, 101]},
						{"origin": [-14.1, 12.5, -6.2], "size": [1, 3, 4], "pivot": [-13.6, 14.5, -3.7], "rotation": [0, 90, -20], "uv": [0, 34]}
					]
				},
				{
					"name": "fontfootright",
					"parent": "frontlegright2",
					"pivot": [-16, 10.6, -3],
					"cubes": [
						{"origin": [-20, 9, -7], "size": [5, 5, 5], "pivot": [-23, 12, -3], "rotation": [45, 0, 0], "uv": [101, 102]},
						{"origin": [-20.5, 13.5, -3], "size": [2, 1, 1], "pivot": [-22.5, 12.5, -3], "rotation": [45, 0, 0], "uv": [0, 57]},
						{"origin": [-20.5, 11.5, -3], "size": [2, 1, 1], "pivot": [-22.5, 12.5, -3], "rotation": [45, 0, 0], "uv": [51, 6]},
						{"origin": [-20.5, 13.5, -5], "size": [2, 1, 1], "pivot": [-22.5, 12.5, -3], "rotation": [45, 0, 0], "uv": [49, 34]}
					]
				},
				{
					"name": "torso",
					"parent": "body",
					"pivot": [-0.01352, 14.6962, -2.72706],
					"cubes": [
						{"origin": [-8, 7, -9], "size": [16, 15, 18], "uv": [0, 0]},
						{"origin": [-6, 7, 9], "size": [12, 12, 8], "uv": [0, 57]},
						{"origin": [-5, 20, -14], "size": [9, 3, 9], "pivot": [0, 21, -10], "rotation": [-47.33883, 34.12398, -31.33144], "uv": [86, 38]},
						{"origin": [2, 19, -10], "size": [8, 3, 7], "pivot": [7, 20, -8], "rotation": [-30, 0, 0], "uv": [91, 91]},
						{"origin": [8, 16.45586, -4.09033], "size": [2, 3, 7], "inflate": 0.001, "pivot": [7, 17.45586, -2.09033], "rotation": [-5, 0, 0], "uv": [94, 125]},
						{"origin": [7, 16.02388, 2.80349], "size": [3, 3, 7], "uv": [0, 123]},
						{"origin": [-10, 16.02388, 2.80349], "size": [3, 3, 7], "uv": [34, 122]},
						{"origin": [-10, 16.45586, -4.09033], "size": [2, 3, 7], "inflate": 0.001, "pivot": [-7, 17.45586, -2.09033], "rotation": [-5, 0, 0], "uv": [82, 121]},
						{"origin": [-10, 19, -10], "size": [8, 3, 7], "pivot": [-7, 20, -8], "rotation": [-30, 0, 0], "uv": [91, 80]},
						{"origin": [-9.5591, 15.85718, 8.48586], "size": [3, 3, 7], "pivot": [-6.5591, 16.85718, 10.48586], "rotation": [-5, 20, 0], "uv": [122, 19]},
						{"origin": [-5.29289, 15.5, 10.7], "size": [10, 3, 10], "pivot": [0.70711, 16.5, 15.7], "rotation": [10.54684, 44.5119, 7.43656], "uv": [59, 24]},
						{"origin": [6.5591, 15.85718, 8.48586], "size": [3, 3, 7], "pivot": [6.5591, 16.85718, 10.48586], "rotation": [-5, -20, 0], "uv": [120, 8]},
						{"origin": [-2, 14.7, -6.7], "size": [4, 11, 11], "inflate": 0.001, "pivot": [-1, 20.2, -0.7], "rotation": [30, 0, 0], "uv": [41, 64]},
						{"origin": [4, 23, -14], "size": [0, 5, 9], "pivot": [0, 21, -10], "rotation": [-47.33883, 34.12398, -31.33144], "uv": [49, 114]},
						{"origin": [-4, 23, -14], "size": [0, 5, 9], "pivot": [0, 21, -10], "rotation": [-47.33883, -34.12398, 31.33144], "uv": [39, 106]},
						{"origin": [-2, 15.7, 0.3], "size": [4, 10, 10], "inflate": 0.002, "pivot": [-1, 20.2, 6.3], "rotation": [30, 0, 0], "uv": [62, 80]},
						{"origin": [-6, 15.81603, 7.00096], "size": [12, 6, 10], "inflate": 0.001, "pivot": [0, 19.31603, 11.50096], "rotation": [-10, 0, 0], "uv": [51, 47]},
						{"origin": [-8, 18.81603, 2.00096], "size": [16, 6, 12], "inflate": 0.01, "pivot": [0, 22.31603, 2.50096], "rotation": [-10, 0, 0], "uv": [151, 28]},
						{"origin": [-9, 14.7, -7.7], "size": [18, 10, 12], "inflate": 0.001, "pivot": [-1, 20.2, -0.7], "rotation": [12.5, 0, 0], "uv": [0, 34]},
						{"origin": [-1, 6.52397, 2.24233], "size": [2, 2, 9], "pivot": [-0.5, 7.52397, 7.74233], "rotation": [7.5, 0, 0], "uv": [108, 22]}
					]
				},
				{
					"name": "locator_seat_1",
					"parent": "torso",
					"pivot": [-0.1, 28.1, 2.9],
					"locators": {
						"seat_1": [-0.1, 24.85, 2.9]
					}
				},
				{
					"name": "neck",
					"parent": "torso",
					"pivot": [0, 15, -8],
					"cubes": [
						{"origin": [-3, 11, -11.5], "size": [6, 8, 4], "inflate": 0.002, "uv": [114, 34]}
					]
				},
				{
					"name": "neck2",
					"parent": "neck",
					"pivot": [0, 15, -10],
					"cubes": [
						{"origin": [-3, 11, -14], "size": [6, 8, 4], "inflate": 0.001, "uv": [68, 115]}
					]
				},
				{
					"name": "neck3",
					"parent": "neck2",
					"pivot": [0, 15, -12.5],
					"cubes": [
						{"origin": [-3, 11, -16.5], "size": [6, 8, 4], "uv": [117, 113]}
					]
				},
				{
					"name": "head",
					"parent": "neck3",
					"pivot": [0, 13, -14.5],
					"cubes": [
						{"origin": [-5, 14, -24.5], "size": [9, 6, 9], "pivot": [0, 17, -20.5], "rotation": [0, 45, 0], "uv": [72, 64]},
						{"origin": [2.4, 14.5, -21.65685], "size": [2, 2, 0], "inflate": 0.001, "pivot": [4.5, 13, -21.65685], "rotation": [35.26439, -30, -54.73561], "uv": [70, 42]},
						{"origin": [5, 11.9, -21.65685], "size": [3, 3, 1], "inflate": 0.02, "pivot": [4.5, 13, -21.65685], "rotation": [35.26439, -30, -54.73561], "uv": [61, 68]},
						{"origin": [-8, 11.9, -21.65685], "size": [3, 3, 1], "inflate": 0.02, "pivot": [-4.5, 13, -21.65685], "rotation": [35.26439, 30, 54.73561], "uv": [61, 68], "mirror": true},
						{"origin": [4, 13, -24.5], "size": [0, 1, 2], "pivot": [0, 17, -20.5], "rotation": [0, 45, 0], "uv": [7, 34]},
						{"origin": [-4, 13, -24.5], "size": [0, 1, 2], "pivot": [0, 17, -20.5], "rotation": [0, -45, 0], "uv": [13, 14]},
						{"origin": [-4.4, 14.5, -21.65685], "size": [2, 2, 0], "inflate": 0.001, "pivot": [-4.5, 13, -21.65685], "rotation": [35.26439, 30, 54.73561], "uv": [49, 37]},
						{"origin": [-0.5, 14.2, -27.5], "size": [1, 6, 8], "pivot": [0, 17.7, -21.5], "rotation": [-32.5, 0, 0], "uv": [15, 115]},
						{"origin": [0, 19.58949, -29.51442], "size": [0, 5, 8], "pivot": [0, 22.08949, -25.51442], "rotation": [-30, 0, 0], "uv": [0, 0]},
						{"origin": [-1.5, 17.3, -24.5], "size": [6, 1, 0], "inflate": 0.02, "pivot": [0, 16.8, -20.5], "rotation": [0, 45, 0], "uv": [0, 16]},
						{"origin": [-4.5, 17.3, -24.5], "size": [6, 1, 0], "inflate": 0.02, "pivot": [0, 16.8, -20.5], "rotation": [0, -45, 0], "uv": [0, 14]}
					]
				},
				{
					"name": "lowerjaw",
					"parent": "head",
					"pivot": [0, 13, -15.5],
					"cubes": [
						{"origin": [-4, 13, -17.5], "size": [7, 1, 2], "pivot": [0, 10, -20.5], "rotation": [0, -45, 0], "uv": [61, 64]},
						{"origin": [-3, 13, -17.5], "size": [7, 1, 2], "pivot": [0, 10, -20.5], "rotation": [0, 45, 0], "uv": [61, 64], "mirror": true},
						{"origin": [-5, 12.5, -21.65685], "size": [2, 2, 0], "inflate": 0.001, "pivot": [-4.5, 13, -21.65685], "rotation": [35.26439, 30, 54.73561], "uv": [49, 40]},
						{"origin": [-5, 9, -24.5], "size": [9, 4, 9], "pivot": [0, 10, -20.5], "rotation": [0, 45, 0], "uv": [0, 78]},
						{"origin": [-2.4, 15.1, -21.65685], "size": [2, 2, 0], "inflate": 0.002, "pivot": [-4.5, 13, -21.65685], "rotation": [35.26439, 30, 54.73561], "uv": [7, 42]},
						{"origin": [0.4, 15.1, -21.65685], "size": [2, 2, 0], "inflate": 0.002, "pivot": [4.5, 13, -21.65685], "rotation": [35.26439, -30, -54.73561], "uv": [70, 68]},
						{"origin": [3, 12.5, -21.65685], "size": [2, 2, 0], "inflate": 0.001, "pivot": [4.5, 13, -21.65685], "rotation": [35.26439, -30, -54.73561], "uv": [41, 72]},
						{"origin": [-3, 13, -22.5], "size": [5, 2, 5], "pivot": [0, 11, -20.5], "rotation": [0, 45, 0], "uv": [49, 38]}
					]
				},
				{
					"name": "eyeleft",
					"parent": "head",
					"pivot": [3.18198, 16.5, -22.97487],
					"cubes": [
						{"origin": [-1, 15, -24.5], "size": [3, 3, 0], "inflate": 0.01, "pivot": [0, 16.8, -20.5], "rotation": [0, -45, 0], "uv": [154, 16]}
					]
				},
				{
					"name": "pupilleft",
					"parent": "eyeleft",
					"pivot": [3.11127, 16.8, -23.04558],
					"cubes": [
						{"origin": [-0.1, 16.3, -24.5], "size": [1, 1, 0], "inflate": 0.02, "pivot": [0, 16.8, -20.5], "rotation": [0, -45, 0], "uv": [3, 6]}
					]
				},
				{
					"name": "eyeright",
					"parent": "head",
					"pivot": [0, 0, -0.5],
					"cubes": [
						{"origin": [-2, 15, -24.5], "size": [3, 3, 0], "inflate": 0.01, "pivot": [0, 16.8, -20.5], "rotation": [0, 45, 0], "uv": [154, 16], "mirror": true}
					]
				},
				{
					"name": "pupilright",
					"parent": "eyeright",
					"pivot": [-3.11127, 16.8, -23.04558],
					"cubes": [
						{"origin": [-3.61127, 16.3, -23.04558], "size": [1, 1, 0], "inflate": 0.02, "pivot": [-3.11127, 16.8, -23.04558], "rotation": [0, 45, 0], "uv": [0, 6]}
					]
				},
				{
					"name": "tail1",
					"parent": "torso",
					"pivot": [0, 11, 17],
					"cubes": [
						{"origin": [-3, 8, 17], "size": [6, 6, 7], "uv": [0, 92]},
						{"origin": [-0.5, 11.3098, 20.70118], "size": [1, 2, 3], "pivot": [0, 13.5, 25], "rotation": [-32.5, 0, 0], "uv": [9, 0]}
					]
				},
				{
					"name": "tail2",
					"parent": "tail1",
					"pivot": [0, 11, 24],
					"cubes": [
						{"origin": [-2, 9, 24], "size": [4, 4, 7], "uv": [94, 113]},
						{"origin": [-0.5, 13.6902, 26.29882], "size": [1, 2, 3], "pivot": [0, 13.5, 25], "rotation": [-32.5, 0, 0], "uv": [9, 0]}
					]
				},
				{
					"name": "tail3",
					"parent": "tail2",
					"pivot": [0, 10.88991, 30.02664],
					"cubes": [
						{"origin": [0, 8.38991, 30.02664], "size": [0, 4, 6], "pivot": [0, 8.38991, 23.02664], "rotation": [5, 0, 0], "uv": [126, 97]}
					]
				}
			]
		}
	]
}