{
	"format_version": "1.8.0",
	"animations": {
		"animation.cyndaquil.ground_idle": {
			"loop": true,
			"bones": {
				"torso": {
					"rotation": ["20+math.cos(q.anim_time*90*3)*1", 0, 0],
					"position": [0, "0+math.sin(q.anim_time*90*3)*0.2", 0]
				},
				"arm_right": {
					"rotation": [24.67, 1.37, "-48.8+math.cos(q.anim_time*90*3-90)*2"]
				},
				"arm_left": {
					"rotation": [24.67, -1.37, "48.8-math.cos(q.anim_time*90*3-90)*2"]
				},
				"head": {
					"rotation": ["-12.5-math.cos(q.anim_time*90*3-120)*2", 0, 0]
				},
				"leg_right": {
					"rotation": [0, 10, 0],
					"position": [-0.25, 0, 0]
				},
				"leg_left": {
					"rotation": [0, -10, 0],
					"position": [0.25, 0, 0]
				},
				"fire": {
					"rotation": ["math.sin(q.anim_time*90*3*2-90)*1-1*6", 0, "math.sin(q.anim_time*90*3-150)*1-1)+6*(math.sin(q.anim_time*90*3/2-90)*10"],
					"position": [0, -2.75, 0],
					"scale": 0.1
				},
				"torso2": {
					"rotation": ["-7.5+math.cos(q.anim_time*90*3-60)*1", 0, 0]
				},
				"muzzle": {
					"rotation": ["0-math.cos(q.anim_time*90*3-140)*1", 0, 0]
				},
				"muzzle2": {
					"rotation": ["0-math.cos(q.anim_time*90*3-160)*1", 0, 0]
				}
			}
		},
		"animation.cyndaquil.battle_idle": {
			"loop": true,
			"bones": {
				"torso": {
					"rotation": ["22.6451+math.cos(q.anim_time*90*4)*1", -5.53939, -0.74231],
					"position": [0, "0+math.sin(q.anim_time*90*4)*0.2", 0]
				},
				"arm_right": {
					"rotation": [24.67, 1.37, "-48.8+math.cos(q.anim_time*90*4-90)*2"]
				},
				"arm_left": {
					"rotation": [24.67, -1.37, "48.8-math.cos(q.anim_time*90*4-90)*2"]
				},
				"head": {
					"rotation": ["-15.2233-math.cos(q.anim_time*90*4-120)*2", -1.58146, -1.93647]
				},
				"leg_right": {
					"rotation": [0, 12.5, 0],
					"position": [-0.5, 0, 0]
				},
				"leg_left": {
					"rotation": [0, -20, 0],
					"position": [0.5, 0, 0]
				},
				"fire": {
					"rotation": ["-7.5171+math.sin(q.anim_time*90*3*2-90)*1-1*6", -4.98455, "0.3933+math.sin(q.anim_time*90*3-150)*1-1)+6*(math.sin(q.anim_time*90*3/2-90)*10"],
					"position": [0.25, 0, 0.75],
					"scale": [1.1, "2.1-math.sin(q.anim_time*90*4*2-90)*0.02-1", "2-math.sin(q.anim_time*90*4*2)*0.02-1"]
				},
				"torso2": {
					"rotation": ["-12.5+math.cos(q.anim_time*90*4-60)*1", 0, 0]
				},
				"muzzle": {
					"rotation": ["0-math.cos(q.anim_time*90*4-140)*1", 0, 0]
				},
				"muzzle2": {
					"rotation": ["0-math.cos(q.anim_time*90*4-160)*1", 0, 0]
				},
				"body": {
					"rotation": [0, 8, 0]
				}
			}
		},
		"animation.cyndaquil.special": {
			"loop": "hold_on_last_frame",
			"animation_length": 2.75,
			"bones": {
				"torso": {
					"rotation": {
						"0.0": ["22.6451+math.cos(q.anim_time*90*4)*1", -5.53939, -0.74231],
						"0.375": {
							"pre": [33.65, -5.54, -0.74],
							"post": [33.65, -5.54, -0.74],
							"lerp_mode": "catmullrom"
						},
						"1.0833": {
							"post": [8.65, -5.54, -0.74],
							"lerp_mode": "catmullrom"
						},
						"1.375": {
							"post": [26.15, -5.54, -0.74],
							"lerp_mode": "catmullrom"
						},
						"1.7917": {
							"post": [28.65, -5.54, -0.74],
							"lerp_mode": "catmullrom"
						},
						"2.1667": {
							"post": [23.6451, -5.53939, -0.74231],
							"lerp_mode": "catmullrom"
						},
						"2.75": ["22.6451+math.cos(q.anim_time*90*4)*1", -5.53939, -0.74231]
					},
					"position": {
						"0.0": [0, "0+math.sin(q.anim_time*90*4)*0.2", 0],
						"0.375": {
							"pre": [0, 0, 0],
							"post": [0, 0, 0],
							"lerp_mode": "catmullrom"
						},
						"1.0833": {
							"post": [0, 0, 1],
							"lerp_mode": "catmullrom"
						},
						"1.375": {
							"post": [0, 0, 0],
							"lerp_mode": "catmullrom"
						},
						"1.7917": {
							"post": [0, 0, 0],
							"lerp_mode": "catmullrom"
						},
						"2.1667": {
							"post": [0, 0, 0],
							"lerp_mode": "catmullrom"
						},
						"2.75": [0, "0+math.sin(q.anim_time*90*4)*0.2", 0]
					}
				},
				"arm_right": {
					"rotation": {
						"0.0": [24.67, 1.37, "-48.8+math.cos(q.anim_time*90*4-90)*2"],
						"1.25": [0, 0, 17.5],
						"1.375": [0, 0, 22.5],
						"1.9167": {
							"pre": [0, 0, 30],
							"post": [0, 0, 30],
							"lerp_mode": "catmullrom"
						},
						"2.625": [24.67, 1.37, -48.8],
						"2.75": [24.67, 1.37, "-48.8+math.cos(q.anim_time*90*4-90)*2"]
					}
				},
				"arm_left": {
					"rotation": {
						"0.0": [24.67, -1.37, "48.8-math.cos(q.anim_time*90*4-90)*2"],
						"1.25": [0, 0, -17.5],
						"1.375": [0, 0, -22.5],
						"1.9167": {
							"pre": [0, 0, -30],
							"post": [0, 0, -30],
							"lerp_mode": "catmullrom"
						},
						"2.625": [24.67, -1.37, 48.8],
						"2.75": [24.67, -1.37, "48.8-math.cos(q.anim_time*90*4-90)*2"]
					}
				},
				"head": {
					"rotation": {
						"0.0": ["-15.2233-math.cos(q.anim_time*90*4-120)*2", -1.58146, -1.93647],
						"0.4583": {
							"pre": [-4.2233, -1.58146, -1.93647],
							"post": [-4.2233, -1.58146, -1.93647],
							"lerp_mode": "catmullrom"
						},
						"1.1667": {
							"post": [-21.66843, -1.58146, -1.93647],
							"lerp_mode": "catmullrom"
						},
						"1.4583": {
							"post": [-41.66843, -1.58146, -1.93647],
							"lerp_mode": "catmullrom"
						},
						"1.7917": {
							"post": [-41.67, -1.58, -1.94],
							"lerp_mode": "catmullrom"
						},
						"2.3333": {
							"post": [-14.2233, -1.58146, -1.93647],
							"lerp_mode": "catmullrom"
						},
						"2.75": ["-15.2233-math.cos(q.anim_time*90*4-120)*2", -1.58146, -1.93647]
					},
					"position": {
						"0.0": [0, 0, 0],
						"0.4583": {
							"pre": [0, 0, 0],
							"post": [0, 0, 0],
							"lerp_mode": "catmullrom"
						},
						"1.1667": {
							"post": [0, -0.7, 0],
							"lerp_mode": "catmullrom"
						},
						"1.4583": {
							"post": [0, 0, 0],
							"lerp_mode": "catmullrom"
						},
						"1.7917": {
							"post": [0, 0, 0],
							"lerp_mode": "catmullrom"
						},
						"2.3333": {
							"post": [0, 0, 0],
							"lerp_mode": "catmullrom"
						},
						"2.75": [0, 0, 0]
					}
				},
				"leg_right": {
					"rotation": {
						"0.0": [0, 12.5, 0],
						"1.0417": [0, 12.5, 0],
						"1.9583": [0, 12.5, 0],
						"2.4583": [0, 12.5, 0],
						"2.75": [0, 12.5, 0]
					},
					"position": {
						"0.0": [-0.5, 0, 0],
						"1.0417": [-0.5, 0, 0],
						"1.4167": [-0.5, 0, 1],
						"1.9583": [-0.5, 0, 1],
						"2.4583": [-0.5, 0, 0],
						"2.75": [-0.5, 0, 0]
					}
				},
				"leg_left": {
					"rotation": {
						"0.0": [0, -20, 0],
						"0.5": [0, -20, 0],
						"1.0417": [0, -20, 0],
						"1.4167": [0, -20, 0],
						"1.9583": [0, -20, 0],
						"2.1667": {
							"pre": [4, -20, 0],
							"post": [4, -20, 0],
							"lerp_mode": "catmullrom"
						},
						"2.4583": [0, -20, 0],
						"2.75": [0, -20, 0]
					},
					"position": {
						"0.0": [0.5, 0, 0],
						"0.2083": {
							"pre": [0.5, 1, 0.44],
							"post": [0.5, 1, 0.44],
							"lerp_mode": "catmullrom"
						},
						"0.5": [0.5, 0, 1],
						"1.0417": [0.5, 0, 1],
						"1.2083": {
							"pre": [0.5, 1, 0.56],
							"post": [0.5, 1, 0.56],
							"lerp_mode": "catmullrom"
						},
						"1.4167": [0.5, 0, 0],
						"1.9583": [0.5, 0, 0],
						"2.1667": {
							"pre": [0.5, 1, 0],
							"post": [0.5, 1, 0],
							"lerp_mode": "catmullrom"
						},
						"2.4583": [0.5, 0, 0],
						"2.75": [0.5, 0, 0]
					}
				},
				"fire": {
					"rotation": {
						"0.0": ["-7.5171+math.sin(q.anim_time*90*3*2-90)*1-1*6", -4.98455, "0.3933+math.sin(q.anim_time*90*3-150)*1-1)+6*(math.sin(q.anim_time*90*3/2-90)*10"],
						"1.25": ["-7.5171+math.sin(q.anim_time*90*3*2-90)*1-1*6", -4.98455, "0.3933+math.sin(q.anim_time*90*3-150)*1-1)+6*(math.sin(q.anim_time*90*3/2-90)*10"],
						"1.5": ["-7.5171+math.sin(q.anim_time*90*3*2-90)*1-1*6", -4.98455, "0.3933+math.sin(q.anim_time*90*3-150)*1-1)+6*(math.sin(q.anim_time*90*3/2-90)*10"],
						"2.25": ["-7.5171+math.sin(q.anim_time*90*3*2-90)*1-1*6", -4.98455, "0.3933+math.sin(q.anim_time*90*3-150)*1-1)+6*(math.sin(q.anim_time*90*3/2-90)*10"],
						"2.75": ["-7.5171+math.sin(q.anim_time*90*3*2-90)*1-1*6", -4.98455, "0.3933+math.sin(q.anim_time*90*3-150)*1-1)+6*(math.sin(q.anim_time*90*3/2-90)*10"]
					},
					"position": {
						"0.0": [0.25, 0, 0.75],
						"1.25": [0.25, 0, 0.75],
						"1.5": [0.25, 0, 0.75],
						"2.25": [0.25, 0, 0.75],
						"2.75": [0.25, 0, 0.75]
					},
					"scale": {
						"0.0": [1.1, "2.1-math.sin(q.anim_time*90*4*2-90)*0.02-1", "2-math.sin(q.anim_time*90*4*2)*0.02-1"],
						"1.25": [1.1, "2.1-math.sin(q.anim_time*90*4*2-90)*0.02-1", "2-math.sin(q.anim_time*90*4*2)*0.02-1"],
						"1.5": [1.1, "2.1-math.sin(q.anim_time*90*4*42-90)*0.15-1", "2-math.sin(q.anim_time*90*4*42)*0.05-1"],
						"2.25": [1.1, "2.1-math.sin(q.anim_time*90*4*2-90)*0.02-1", "2-math.sin(q.anim_time*90*4*2)*0.02-1"],
						"2.75": [1.1, "2.1-math.sin(q.anim_time*90*4*2-90)*0.02-1", "2-math.sin(q.anim_time*90*4*2)*0.02-1"]
					}
				},
				"torso2": {
					"rotation": {
						"0.0": ["-12.5+math.cos(q.anim_time*90*4-60)*1", 0, 0],
						"0.4167": {
							"pre": [-7, 0, 0],
							"post": [-7, 0, 0],
							"lerp_mode": "catmullrom"
						},
						"1.125": {
							"post": [-16.9, 0, 0],
							"lerp_mode": "catmullrom"
						},
						"1.4167": {
							"post": [-6.9, 0, 0],
							"lerp_mode": "catmullrom"
						},
						"1.7917": {
							"post": [-9.4, 0, 0],
							"lerp_mode": "catmullrom"
						},
						"2.25": {
							"post": [-12, 0, 0],
							"lerp_mode": "catmullrom"
						},
						"2.75": ["-12.5+math.cos(q.anim_time*90*4-60)*1", 0, 0]
					},
					"position": {
						"0.0": [0, 0, 0],
						"0.4167": {
							"pre": [0, 0, 0],
							"post": [0, 0, 0],
							"lerp_mode": "catmullrom"
						},
						"1.125": {
							"post": [0, 0.4, 0],
							"lerp_mode": "catmullrom"
						},
						"1.4167": {
							"post": [0, 0, 0],
							"lerp_mode": "catmullrom"
						},
						"1.7917": {
							"post": [0, 0, 0],
							"lerp_mode": "catmullrom"
						},
						"2.25": {
							"post": [0, 0, 0],
							"lerp_mode": "catmullrom"
						},
						"2.75": [0, 0, 0]
					}
				},
				"muzzle": {
					"rotation": {
						"0.0": ["0-math.cos(q.anim_time*90*4-140)*1", 0, 0],
						"0.8333": {
							"pre": [4.76604, 0, 0],
							"post": [4.76604, 0, 0],
							"lerp_mode": "catmullrom"
						},
						"1.25": {
							"post": [-6.73396, 0, 0],
							"lerp_mode": "catmullrom"
						},
						"1.7917": {
							"post": [-6.73396, 0, 0],
							"lerp_mode": "catmullrom"
						},
						"2.4583": [0.76604, 0, 0],
						"2.75": ["0-math.cos(q.anim_time*90*4-140)*1", 0, 0]
					},
					"position": {
						"0.0": [0, 0, 0],
						"0.8333": {
							"pre": [0, 0, 0],
							"post": [0, 0, 0],
							"lerp_mode": "catmullrom"
						},
						"1.25": {
							"post": [0, 0.5, 0],
							"lerp_mode": "catmullrom"
						},
						"1.7917": {
							"post": [0, 0.5, 0],
							"lerp_mode": "catmullrom"
						},
						"2.4583": [0, 0, 0]
					}
				},
				"muzzle2": {
					"rotation": {
						"0.0": ["0-math.cos(q.anim_time*90*4-160)*1", 0, 0],
						"0.8333": {
							"pre": [3.93969, 0, 0],
							"post": [3.93969, 0, 0],
							"lerp_mode": "catmullrom"
						},
						"1.25": {
							"post": [-11.56031, 0, 0],
							"lerp_mode": "catmullrom"
						},
						"1.7917": {
							"post": [-11.56031, 0, 0],
							"lerp_mode": "catmullrom"
						},
						"2.4583": [0.93969, 0, 0],
						"2.75": ["0-math.cos(q.anim_time*90*4-160)*1", 0, 0]
					},
					"position": {
						"0.0": [0, 0, 0],
						"0.8333": {
							"pre": [0, 0, 0],
							"post": [0, 0, 0],
							"lerp_mode": "catmullrom"
						},
						"1.25": {
							"post": [0, 0.5, 0],
							"lerp_mode": "catmullrom"
						},
						"1.7917": {
							"post": [0, 0.5, 0],
							"lerp_mode": "catmullrom"
						},
						"2.4583": [0, 0, 0]
					}
				},
				"body": {
					"rotation": {
						"0.0": [0, 8, 0],
						"1.0417": [0, 8, 0],
						"1.9583": [0, 8, 0],
						"2.4583": [0, 8, 0],
						"2.75": [0, 8, 0]
					},
					"position": {
						"0.0": [0, 0, 0],
						"1.0417": [0, 0, 0],
						"1.4167": [0, 0, -1],
						"1.9583": [0, 0, -1],
						"2.4583": [0, 0, 0]
					}
				},
				"mouth": {
					"position": {
						"0.0": [0, 0, 0],
						"1.1667": [0, 0, 0],
						"1.2083": [0, 0, 0.1],
						"1.9583": [0, 0, 0.1],
						"2.0": [0, 0, 0]
					}
				}
			}
		},
		"animation.cyndaquil.physical": {
			"loop": "hold_on_last_frame",
			"animation_length": 3,
			"bones": {
				"torso": {
					"rotation": {
						"0.0": ["22.6451+math.cos(q.anim_time*90*4)*1", -5.53939, -0.74231],
						"0.5": {
							"pre": [31.1451, -5.53939, -0.74231],
							"post": [31.1451, -5.53939, -0.74231],
							"lerp_mode": "catmullrom"
						},
						"1.0": {
							"post": [33.6451, -5.53939, -0.74231],
							"lerp_mode": "catmullrom"
						},
						"1.2083": [46.1451, -5.53939, -0.74231],
						"1.2917": {
							"pre": [23.6451, -5.53939, -0.74231],
							"post": [23.6451, -5.53939, -0.74231],
							"lerp_mode": "catmullrom"
						},
						"1.75": [21.15, -5.54, -0.74],
						"2.125": {
							"pre": [23.54963, -7.90461, 0.07314],
							"post": [23.54963, -7.90461, 0.07314],
							"lerp_mode": "catmullrom"
						},
						"2.2917": {
							"post": [26.19845, -3.14019, -1.44713],
							"lerp_mode": "catmullrom"
						},
						"2.5417": {
							"post": [23.54963, -7.90461, 0.07314],
							"lerp_mode": "catmullrom"
						},
						"2.75": {
							"post": [26.19845, -3.14019, -1.44713],
							"lerp_mode": "catmullrom"
						},
						"2.9167": [23.6451, -5.53939, -0.74231],
						"3.0": ["22.6451+math.cos(q.anim_time*90*4)*1", -5.53939, -0.74231]
					},
					"position": {
						"0.0": [0, "0+math.sin(q.anim_time*90*4)*0.2", 0],
						"1.2917": {
							"pre": [0, 0, 0],
							"post": [0, 0, 0],
							"lerp_mode": "catmullrom"
						},
						"1.75": [0, 0, 0],
						"2.125": {
							"pre": [0, 0, 0],
							"post": [0, 0, 0],
							"lerp_mode": "catmullrom"
						},
						"2.2917": {
							"post": [0, 0, 0],
							"lerp_mode": "catmullrom"
						},
						"2.5417": {
							"post": [0, 0, 0],
							"lerp_mode": "catmullrom"
						},
						"2.75": {
							"post": [0, 0, 0],
							"lerp_mode": "catmullrom"
						},
						"2.9167": [0, 0, 0],
						"3.0": [0, "0+math.sin(q.anim_time*90*4)*0.2", 0]
					}
				},
				"arm_right": {
					"rotation": {
						"0.0": [24.67, 1.37, "-48.8+math.cos(q.anim_time*90*4-90)*2"],
						"1.0417": [24.67, 1.37, -48.8],
						"1.125": {
							"pre": [24.12123, 5.50911, -57.92164],
							"post": [24.12123, 5.50911, -57.92164],
							"lerp_mode": "catmullrom"
						},
						"1.4167": {
							"post": [15.61838, -14.8034, 6.0272],
							"lerp_mode": "catmullrom"
						},
						"2.0": [24.67, 1.37, -48.8],
						"3.0": [24.67, 1.37, "-48.8+math.cos(q.anim_time*90*4-90)*2"]
					}
				},
				"arm_left": {
					"rotation": {
						"0.0": [24.67, -1.37, "48.8-math.cos(q.anim_time*90*4-90)*2"],
						"1.0417": [24.67, -1.37, 48.8],
						"1.125": {
							"pre": [24.12123, -5.50911, 57.92164],
							"post": [24.12123, -5.50911, 57.92164],
							"lerp_mode": "catmullrom"
						},
						"1.4167": {
							"post": [15.61838, 14.8034, -6.0272],
							"lerp_mode": "catmullrom"
						},
						"2.0": [24.67, -1.37, 48.8],
						"3.0": [24.67, -1.37, "48.8-math.cos(q.anim_time*90*4-90)*2"]
					}
				},
				"head": {
					"rotation": {
						"0.0": ["-15.2233-math.cos(q.anim_time*90*4-120)*2", -1.58146, -1.93647],
						"0.2083": {
							"pre": [-21.51497, -1.58146, -1.93647],
							"post": [-21.51497, -1.58146, -1.93647],
							"lerp_mode": "catmullrom"
						},
						"0.5": {
							"post": [-16.7233, -1.58146, -1.93647],
							"lerp_mode": "catmullrom"
						},
						"1.0": {
							"post": [-14.2233, -1.58146, -1.93647],
							"lerp_mode": "catmullrom"
						},
						"1.2083": {
							"post": [-21.7233, -1.58146, -1.93647],
							"lerp_mode": "catmullrom"
						},
						"1.2917": [23.83102, -1.58151, -1.93634],
						"1.4583": {
							"pre": [-19.2233, -1.58146, -1.93647],
							"post": [-19.2233, -1.58146, -1.93647],
							"lerp_mode": "catmullrom"
						},
						"1.9167": [-21.72, -1.58, -1.94],
						"2.2083": {
							"pre": [-14.2233, -1.58146, -1.93647],
							"post": [-14.2233, -1.58146, -1.93647],
							"lerp_mode": "catmullrom"
						},
						"2.375": {
							"post": [-11.7233, -1.58146, -1.93647],
							"lerp_mode": "catmullrom"
						},
						"2.625": {
							"post": [-14.2233, -1.58146, -1.93647],
							"lerp_mode": "catmullrom"
						},
						"2.8333": {
							"post": [-11.7233, -1.58146, -1.93647],
							"lerp_mode": "catmullrom"
						},
						"3.0": ["-15.2233-math.cos(q.anim_time*90*4-120)*2", -1.58146, -1.93647]
					},
					"position": {
						"1.0": [0, 0, 0],
						"1.2083": {
							"pre": [0, 1, 0],
							"post": [0, 1, 0],
							"lerp_mode": "catmullrom"
						},
						"1.2917": [0, 0, 0]
					}
				},
				"leg_right": {
					"rotation": {
						"0.0": [0, 12.5, 0],
						"1.1667": [0, 12.5, 0],
						"1.25": {
							"pre": [31.1389, 1.05698, 3.66293],
							"post": [31.1389, 1.05698, 3.66293],
							"lerp_mode": "catmullrom"
						},
						"1.4167": [0, 12.5, 0],
						"1.75": [0, 12.5, 0],
						"2.0833": [0, 12.5, 0],
						"2.2083": {
							"pre": [-5, 12.5, 0],
							"post": [-5, 12.5, 0],
							"lerp_mode": "catmullrom"
						},
						"2.3333": [0, 12.5, 0],
						"2.6667": {
							"pre": [-10, 12.5, 0],
							"post": [-10, 12.5, 0],
							"lerp_mode": "catmullrom"
						},
						"2.875": {
							"post": [0.82, 12.5, 0],
							"lerp_mode": "catmullrom"
						},
						"3.0": [0, 12.5, 0]
					},
					"position": {
						"0.0": [-0.5, 0, 0],
						"1.1667": [-0.5, 0, 0],
						"1.4167": [-0.5, 0, 0],
						"1.75": [-0.5, 0, 0],
						"2.0833": [-0.5, 0, 0],
						"2.2083": {
							"pre": [-0.55, 1, 0.25],
							"post": [-0.55, 1, 0.25],
							"lerp_mode": "catmullrom"
						},
						"2.3333": [-0.6, 0, 0.5],
						"2.6667": [-0.15, 0, -1.95],
						"2.8333": {
							"pre": [-0.33, 1, -1.27],
							"post": [-0.33, 1, -1.27],
							"lerp_mode": "catmullrom"
						},
						"3.0": [-0.5, 0, 0]
					}
				},
				"leg_left": {
					"rotation": {
						"0.0": [0, -20, 0],
						"1.1667": [0, -20, 0],
						"1.25": {
							"pre": [31.1389, -1.05698, -3.66293],
							"post": [31.1389, -1.05698, -3.66293],
							"lerp_mode": "catmullrom"
						},
						"1.4167": [0, -20, 0],
						"1.75": [0, -20, 0],
						"1.9167": {
							"pre": [7.5, -20, 0],
							"post": [7.5, -20, 0],
							"lerp_mode": "catmullrom"
						},
						"2.0833": [0, -20, 0],
						"2.3333": {
							"pre": [-10, -20, 0],
							"post": [-10, -20, 0],
							"lerp_mode": "catmullrom"
						},
						"2.5": [5, -20, 0],
						"2.7083": {
							"pre": [0, -20, 0],
							"post": [0, -20, 0],
							"lerp_mode": "catmullrom"
						},
						"3.0": [0, -20, 0]
					},
					"position": {
						"0.0": [0.5, 0, 0],
						"1.1667": [0.5, 0, 0],
						"1.4167": [0.5, 0, 0],
						"1.75": [0.5, 0, 0],
						"1.9167": {
							"pre": [0.5, 1, 1.5],
							"post": [0.5, 1, 1.5],
							"lerp_mode": "catmullrom"
						},
						"2.0833": [0, 0, 3],
						"2.3333": [0, 0, 1.2],
						"2.5": {
							"pre": [0.1, 1, 1.55],
							"post": [0.1, 1, 1.55],
							"lerp_mode": "catmullrom"
						},
						"2.6667": [0, 0, 3],
						"3.0": [0.5, 0, 0]
					}
				},
				"fire": {
					"rotation": {
						"0.0": ["-7.5171+math.sin(q.anim_time*90*3*2-90)*1-1*6", -4.98455, "0.3933+math.sin(q.anim_time*90*3-150)*1-1)+6*(math.sin(q.anim_time*90*3/2-90)*10"],
						"1.1667": ["-7.5171+math.sin(q.anim_time*90*3*2-90)*1-1*6", -4.98455, "0.3933+math.sin(q.anim_time*90*3-150)*1-1)+6*(math.sin(q.anim_time*90*3/2-90)*10"],
						"1.2083": ["-7.5171+math.sin(q.anim_time*90*3*2-90)*1-1*6", -4.98455, "0.3933+math.sin(q.anim_time*90*3-150)*1-1)+6*(math.sin(q.anim_time*90*3/2-90)*10"],
						"1.2917": ["-7.5171+math.sin(q.anim_time*90*3*2-90)*1-1*6", -4.98455, "0.3933+math.sin(q.anim_time*90*3-150)*1-1)+6*(math.sin(q.anim_time*90*3/2-90)*10"],
						"1.625": ["-7.5171+math.sin(q.anim_time*90*3*2-90)*1-1*6", -4.98455, "0.3933+math.sin(q.anim_time*90*3-150)*1-1)+6*(math.sin(q.anim_time*90*3/2-90)*10"],
						"3.0": ["-7.5171+math.sin(q.anim_time*90*3*2-90)*1-1*6", -4.98455, "0.3933+math.sin(q.anim_time*90*3-150)*1-1)+6*(math.sin(q.anim_time*90*3/2-90)*10"]
					},
					"position": {
						"0.0": [0.25, 0, 0.75],
						"1.1667": [0.25, 0, 0.75],
						"1.2083": [0.25, 0, 0.75],
						"1.2917": [0.25, 0, 0.75],
						"1.625": [0.25, 0, 0.75],
						"3.0": [0.25, 0, 0.75]
					},
					"scale": {
						"0.0": [1.1, "2.1-math.sin(q.anim_time*90*4*2-90)*0.02-1", "2-math.sin(q.anim_time*90*4*2)*0.02-1"],
						"1.1667": [1.1, "2.1-math.sin(q.anim_time*90*4*2-90)*0.02-1", "2-math.sin(q.anim_time*90*4*2)*0.02-1"],
						"1.2083": [1.1, "2-math.sin(q.anim_time*90*4*2-90)*0.02-1", "2-math.sin(q.anim_time*90*4*2)*0.02-1"],
						"1.2917": [0.94, "2.5-math.sin(q.anim_time*90*4*2-90)*0.02-1", "1.9-math.sin(q.anim_time*90*4*2)*0.02-1"],
						"1.625": [1.1, "2.1-math.sin(q.anim_time*90*4*2-90)*0.02-1", "2-math.sin(q.anim_time*90*4*2)*0.02-1"],
						"3.0": [1.1, "2.1-math.sin(q.anim_time*90*4*2-90)*0.02-1", "2-math.sin(q.anim_time*90*4*2)*0.02-1"]
					}
				},
				"torso2": {
					"rotation": {
						"0.0": ["-12.5+math.cos(q.anim_time*90*4-60)*1", 0, 0],
						"0.5": {
							"pre": [-2, 0, 0],
							"post": [-2, 0, 0],
							"lerp_mode": "catmullrom"
						},
						"1.0": {
							"post": [-2, 0, 0],
							"lerp_mode": "catmullrom"
						},
						"1.2083": [3, 0, 0],
						"1.375": {
							"pre": [-17, 0, 0],
							"post": [-17, 0, 0],
							"lerp_mode": "catmullrom"
						},
						"1.8333": [-17, 0, 0],
						"2.1667": {
							"pre": [-12, 0, 0],
							"post": [-12, 0, 0],
							"lerp_mode": "catmullrom"
						},
						"2.3333": {
							"post": [-9.5, 0, 0],
							"lerp_mode": "catmullrom"
						},
						"2.5833": {
							"post": [-12, 0, 0],
							"lerp_mode": "catmullrom"
						},
						"2.7917": {
							"post": [-9.5, 0, 0],
							"lerp_mode": "catmullrom"
						},
						"2.9583": [-12, 0, 0],
						"3.0": ["-12.5+math.cos(q.anim_time*90*4-60)*1", 0, 0]
					},
					"position": {
						"0.0": [0, 0, 0],
						"0.5": {
							"pre": [0, 0, 1],
							"post": [0, 0, 1],
							"lerp_mode": "catmullrom"
						},
						"1.0": {
							"post": [0, 0, 1],
							"lerp_mode": "catmullrom"
						},
						"1.2083": [0, 0.4, 2],
						"1.375": {
							"pre": [0, 0, 0],
							"post": [0, 0, 0],
							"lerp_mode": "catmullrom"
						},
						"1.8333": [0, 0, 0],
						"2.1667": {
							"pre": [0, 0, 0],
							"post": [0, 0, 0],
							"lerp_mode": "catmullrom"
						},
						"2.3333": {
							"post": [0, 0, 0],
							"lerp_mode": "catmullrom"
						},
						"2.5833": {
							"post": [0, 0, 0],
							"lerp_mode": "catmullrom"
						},
						"2.7917": {
							"post": [0, 0, 0],
							"lerp_mode": "catmullrom"
						},
						"2.9583": [0, 0, 0]
					}
				},
				"muzzle": {
					"rotation": {
						"0.0": ["0-math.cos(q.anim_time*90*4-140)*1", 0, 0],
						"1.1667": [0.76604, 0, 0],
						"1.25": [8.27, 0, 0],
						"1.625": {
							"pre": [-4.23396, 0, 0],
							"post": [-4.23396, 0, 0],
							"lerp_mode": "catmullrom"
						},
						"2.0417": [0.76604, 0, 0],
						"3.0": ["0-math.cos(q.anim_time*90*4-140)*1", 0, 0]
					},
					"position": {
						"0.0": [0, 0, 0],
						"1.1667": [0, 0, 0],
						"1.25": [0, 0, 0],
						"1.625": {
							"pre": [0, 0.2, 0],
							"post": [0, 0.2, 0],
							"lerp_mode": "catmullrom"
						},
						"2.0417": [0, 0, 0],
						"3.0": [0, 0, 0]
					}
				},
				"muzzle2": {
					"rotation": {
						"0.0": ["0-math.cos(q.anim_time*90*4-160)*1", 0, 0],
						"1.1667": [0, 0, 0],
						"1.25": [2.5, 0, 0],
						"1.625": {
							"pre": [-10, 0, 0],
							"post": [-10, 0, 0],
							"lerp_mode": "catmullrom"
						},
						"2.0417": [0, 0, 0],
						"3.0": ["0-math.cos(q.anim_time*90*4-160)*1", 0, 0]
					},
					"position": {
						"0.0": [0, 0, 0],
						"1.1667": [0, 0, 0],
						"1.25": [0, 0, 0],
						"1.625": {
							"pre": [0, 0.3, 0],
							"post": [0, 0.3, 0],
							"lerp_mode": "catmullrom"
						},
						"2.0417": [0, 0, 0],
						"3.0": [0, 0, 0]
					}
				},
				"body": {
					"rotation": {
						"0.0": [0, 8, 0],
						"1.1667": [0, 8, 0],
						"3.0": [0, 8, 0]
					},
					"position": {
						"0.0": [0, 0, 0],
						"1.1667": [0, 0, 0],
						"1.25": {
							"pre": [0, 2.35, -5],
							"post": [0, 2.35, -5],
							"lerp_mode": "catmullrom"
						},
						"1.375": {
							"post": [0, 0.13, -7.76],
							"lerp_mode": "catmullrom"
						},
						"1.5": [0, 0, -8.5],
						"2.0833": [0, 0, -8.5],
						"3.0": [0, 0, 0]
					}
				},
				"foot_right": {
					"rotation": {
						"0.0": [0, 0, 0],
						"1.1667": [0, 0, 0],
						"1.25": {
							"pre": [17.5, 0, 0],
							"post": [17.5, 0, 0],
							"lerp_mode": "catmullrom"
						},
						"1.375": [0, 0, 0],
						"2.3333": [0, 0, 0],
						"2.6667": [10, 0, 0],
						"3.0": [0, 0, 0]
					}
				},
				"foot_left": {
					"rotation": {
						"0.0": [0, 0, 0],
						"1.1667": [0, 0, 0],
						"1.25": {
							"pre": [17.5, 0, 0],
							"post": [17.5, 0, 0],
							"lerp_mode": "catmullrom"
						},
						"1.375": [0, 0, 0],
						"2.0833": [0, 0, 0],
						"2.3333": [10, 0, 0],
						"2.6667": [0, 0, 0],
						"3.0": [0, 0, 0]
					}
				}
			}
		},
		"animation.cyndaquil.ground_walk": {
			"loop": true,
			"animation_length": 1,
			"bones": {
				"torso": {
					"rotation": ["25+math.cos(q.anim_time*90*4*2)*1", "0-math.sin(q.anim_time*90*4)*3", "0+math.cos(q.anim_time*90*4)*6"],
					"position": [0, "0+math.sin(q.anim_time*90*4*2)*0.3", 0]
				},
				"arm_right": {
					"rotation": [24.67, 1.37, "-48.8+math.cos(q.anim_time*90*4*2-90)*2"]
				},
				"arm_left": {
					"rotation": [24.67, -1.37, "48.8-math.cos(q.anim_time*90*4*2-90)*2"]
				},
				"head": {
					"rotation": ["-17.5-math.cos(q.anim_time*90*4*2-120)*2", 0, "0-math.cos(q.anim_time*90*4)*7"]
				},
				"leg_right": {
					"rotation": ["0-math.cos(q.anim_time*90*4)*10", 0, 0],
					"position": [-0.5, "0+math.clamp(math.cos(q.anim_time*90*4)*3/2,0,20)", "0-math.sin(q.anim_time*90*4)*1"]
				},
				"leg_left": {
					"rotation": ["0+math.cos(q.anim_time*90*4)*10", 0, 0],
					"position": [0.5, "0+math.clamp(math.cos(q.anim_time*90*4-180)*3/2,0,20)", "0+math.sin(q.anim_time*90*4)*1"]
				},
				"fire": {
					"rotation": ["math.sin(q.anim_time*90*3*2-90)*1-1*6", 0, "math.sin(q.anim_time*90*3-150)*1-1)+6*(math.sin(q.anim_time*90*3/2-90)*10"],
					"position": [0, -2.75, 0],
					"scale": [0.1, 0, 0.1]
				},
				"torso2": {
					"rotation": ["-7.5+math.cos(q.anim_time*90*4*2-60)*1", 0, "0+math.cos(q.anim_time*90*4-60)*3"]
				},
				"muzzle": {
					"rotation": ["0-math.cos(q.anim_time*90*4-140)*1", 0, "0+math.cos(q.anim_time*90*4-90)*3"]
				},
				"body": {
					"rotation": [0, "0-math.sin(q.anim_time*90*4)*3", 0],
					"position": [0, 0, 0]
				},
				"foot_right": {
					"rotation": {
						"0.0": {
							"post": [9, 0, 0],
							"lerp_mode": "catmullrom"
						},
						"0.1667": {
							"post": [-2.5, 0, 0],
							"lerp_mode": "catmullrom"
						},
						"0.2917": {
							"post": [0, 0, 0],
							"lerp_mode": "catmullrom"
						},
						"0.625": {
							"post": [-2.5, 0, 0],
							"lerp_mode": "catmullrom"
						},
						"0.875": {
							"post": [9, 0, 0],
							"lerp_mode": "catmullrom"
						},
						"1.0": {
							"post": [9, 0, 0],
							"lerp_mode": "catmullrom"
						}
					}
				},
				"foot_left": {
					"rotation": {
						"0.0": [-5, 0, 0],
						"0.0833": [-5, 0, 0],
						"0.3333": {
							"pre": [6.5, 0, 0],
							"post": [6.5, 0, 0],
							"lerp_mode": "catmullrom"
						},
						"0.4583": {
							"post": [6.5, 0, 0],
							"lerp_mode": "catmullrom"
						},
						"0.625": {
							"post": [-2.5, 0, 0],
							"lerp_mode": "catmullrom"
						},
						"0.75": {
							"post": [0, 0, 0],
							"lerp_mode": "catmullrom"
						},
						"1.0": [-5, 0, 0]
					}
				}
			}
		},
		"animation.cyndaquil.ground_run": {
			"loop": true,
			"bones": {
				"torso": {
					"rotation": ["7.5+math.sin(q.anim_time*90*4*2-90)*6+5 ", 0, 0],
					"position": [0, "0+math.sin(q.anim_time*90*4)*0.2", 0]
				},
				"arm_right": {
					"rotation": [
						"0+math.clamp(math.sin(-q.anim_time*90*8+10)*40,-50,5)-math.clamp(math.sin(q.anim_time*90*8+10)*20,-50,5)",
						0,
						"-10+math.cos(q.anim_time*90*8)*10"
					],
					"position": [
						0,
						"-0.5+math.clamp(math.sin(q.anim_time*90*4*2+50-180)*0.5,0,1)+math.clamp(math.sin(q.anim_time*90*4*2+50)*0.8,0,1)",
						"-math.sin(math.sin(q.anim_time*90*8)*5)"
					]
				},
				"arm_left": {
					"rotation": [
						"0+math.clamp(math.sin(-q.anim_time*90*8+10)*40,-50,5)-math.clamp(math.sin(q.anim_time*90*8+10)*20,-50,5)",
						0,
						"10-math.cos(q.anim_time*90*8)*10"
					],
					"position": [
						0,
						"-0.5+math.clamp(math.sin(q.anim_time*90*4*2+50-180)*0.5,0,1)+math.clamp(math.sin(q.anim_time*90*4*2+50)*0.8,0,1)",
						"-math.sin(math.sin(q.anim_time*90*8)*5)"
					]
				},
				"head": {
					"rotation": ["-27.5+math.sin(q.anim_time*90*4*2-120)*-14", 0, 0],
					"position": [0, -1, 0]
				},
				"leg_right": {
					"rotation": ["-27.5+math.clamp(math.sin(-q.anim_time*90*8+120)*30,-50,5)-math.clamp(math.sin(q.anim_time*90*8-120)*40,-50,5)", 0, 0],
					"position": [
						-0.75,
						"math.clamp(math.sin(q.anim_time*90*4*2+50-180)*-0.2,-1,0)+math.clamp(math.sin(q.anim_time*90*4*2+50)*-0.3,-1,0)",
						"math.sin(math.sin(q.anim_time*90*8)*20)+0.3"
					]
				},
				"leg_left": {
					"rotation": ["-27.5+math.clamp(math.sin(-q.anim_time*90*8+120)*30,-50,5)-math.clamp(math.sin(q.anim_time*90*8-120)*40,-50,5)", 0, 0],
					"position": [
						0.75,
						"math.clamp(math.sin(q.anim_time*90*4*2+50-180)*-0.2,-1,0)+math.clamp(math.sin(q.anim_time*90*4*2+50)*-0.3,-1,0)",
						"math.sin(math.sin(q.anim_time*90*8)*20)+0.3"
					]
				},
				"fire": {
					"rotation": ["math.sin(q.anim_time*90*3*2-90)*1-1*6", 0, "math.sin(q.anim_time*90*3-150)*1-1)+6*(math.sin(q.anim_time*90*3/2-90)*10"],
					"position": [0, -2.75, 0],
					"scale": [0.3, 0.2, 0.6]
				},
				"torso2": {
					"rotation": ["-15+math.sin(q.anim_time*90*4*2-60)*-5", 0, 0]
				},
				"muzzle": {
					"rotation": ["0-math.cos(q.anim_time*90*4*2-140)*1", 0, 0]
				},
				"muzzle2": {
					"rotation": ["0-math.cos(q.anim_time*90*4*2-160)*1", 0, 0]
				},
				"body": {
					"rotation": ["math.sin(q.anim_time*90*4*2-90)*10+32.5", 0, 0],
					"position": [
						0,
						"-2+math.clamp(math.sin(q.anim_time*90*8+30)*3,0,5)+math.clamp(math.sin(q.anim_time*90*8+30)*0.2,-1,0)",
						"-math.sin(q.anim_time*90*8+math.sin(q.anim_time*90*8+60)*-40)"
					]
				},
				"foot_right": {
					"rotation": ["-math.clamp(math.sin(-q.anim_time*90*8+120)*20,-20,5)-math.clamp(math.sin(q.anim_time*90*8-120)*40,-50,5)0", 0, 0]
				},
				"foot_left": {
					"rotation": ["-math.clamp(math.sin(-q.anim_time*90*8+120)*20,-20,5)-math.clamp(math.sin(q.anim_time*90*8-120)*40,-50,5)0", 0, 0]
				}
			}
		},
		"animation.cyndaquil.battle_entrance": {
			"loop": "hold_on_last_frame",
			"animation_length": 2.5,
			"bones": {
				"torso": {
					"rotation": {
						"0.0": ["20+math.cos(q.anim_time*90*4)*1", 0, 0],
						"0.4167": [8.6, -2.31, -0.31],
						"0.7083": [7.35, -2.31, -0.31],
						"0.9583": [10.85, -2.31, -0.31],
						"1.125": ["30.6451+math.cos(q.anim_time*90*4*10)*0.3", -5.53939, -0.74231],
						"1.5": ["31.26+math.cos(q.anim_time*90*4*10)*0.3", -5.54, -0.74],
						"2.5": ["22.6451+math.cos(q.anim_time*90*4)*1", -5.53939, -0.74231]
					},
					"position": {
						"0.0": [0, "0+math.sin(q.anim_time*90*4)*0.2", 0],
						"2.0": [0, "0+math.sin(q.anim_time*90*4)*0.2", 0],
						"2.5": [0, "0+math.sin(q.anim_time*90*4)*0.2", 0]
					}
				},
				"arm_right": {
					"rotation": {
						"0.0": {
							"post": [24.67, 1.37, -48.8],
							"lerp_mode": "catmullrom"
						},
						"0.7917": {
							"post": [6.03244, -24.0028, 11.6167],
							"lerp_mode": "catmullrom"
						},
						"1.0833": [24.67, 1.37, -48.8],
						"2.5": [24.67, 1.37, -48.8]
					}
				},
				"arm_left": {
					"rotation": {
						"0.0": {
							"post": [24.67, -1.37, 48.8],
							"lerp_mode": "catmullrom"
						},
						"0.7917": {
							"post": [6.03244, 24.00282, -11.61669],
							"lerp_mode": "catmullrom"
						},
						"1.0833": [24.67, -1.37, 48.8],
						"2.5": [24.67, -1.37, 48.8]
					}
				},
				"head": {
					"rotation": {
						"0.0": ["-10-math.cos(q.anim_time*90*4-120)*2", 0, 0],
						"0.375": [-12.34, -0.53, -0.65],
						"0.6667": [-10.02, -0.94, -1.15],
						"0.9583": [0.33, -1.23, -1.51],
						"1.125": ["15.7767-math.cos(q.anim_time*90*4-120)*2", -1.58146, -1.93647],
						"1.5": ["21.2767-math.cos(q.anim_time*90*4-120)*2", -1.58146, -1.93647],
						"2.0417": ["10.2767-math.cos(q.anim_time*90*4-120)*2", -1.58146, -1.93647],
						"2.5": ["-15.2233-math.cos(q.anim_time*90*4-120)*2", -1.58146, -1.93647]
					}
				},
				"leg_right": {
					"rotation": {
						"0.0": [0, 10, 0],
						"0.2917": [-37.5, 11.88, 0],
						"0.4583": [-43.58, 13.09, 0],
						"0.75": [-40.74, 13.86, 0],
						"0.9167": [-27.92, 13.33, 0],
						"1.0417": [0, 12.5, 0],
						"2.5": [0, 12.5, 0]
					},
					"position": {
						"0.0": [-0.25, 0, 0],
						"0.2917": [-0.31, 0.875, 0],
						"0.5833": [-0.31, 1.38, 0],
						"0.9583": [-0.31, 1.5, 0],
						"1.0417": [-0.31, -0.2, 0],
						"1.1667": [-0.31, 0, 0],
						"2.5": [-0.5, 0, 0]
					}
				},
				"leg_left": {
					"rotation": {
						"0.0": [0, -10, 0],
						"1.0": [0, -10, 0],
						"1.125": [0, -20, 0],
						"2.5": [0, -20, 0]
					},
					"position": {
						"0.0": [0.25, 0, 0],
						"2.0": [0.5, 0, 0],
						"2.5": [0.5, 0, 0]
					}
				},
				"fire": {
					"rotation": {
						"0.0": ["math.sin(q.anim_time*90*3*2-90)*1-1*6", 0, "math.sin(q.anim_time*90*3-150)*1-1)+6*(math.sin(q.anim_time*90*3/2-90)*10"],
						"0.9583": ["math.sin(q.anim_time*90*3*2-90)*1-1*6", 0, "math.sin(q.anim_time*90*3-150)*1-1)+6*(math.sin(q.anim_time*90*3/2-90)*10"],
						"1.0833": ["-7.5171+math.sin(q.anim_time*90*3*2-90)*1-1*6", -4.98455, "0.3933+math.sin(q.anim_time*90*3-150)*1-1)+6*(math.sin(q.anim_time*90*3/2-90)*10"],
						"2.5": ["-7.5171+math.sin(q.anim_time*90*3*2-90)*1-1*6", -4.98455, "0.3933+math.sin(q.anim_time*90*3-150)*1-1)+6*(math.sin(q.anim_time*90*3/2-90)*10"]
					},
					"position": {
						"0.0": [0, -2.75, 0],
						"0.9583": [0, -2.75, 0],
						"1.0833": [0.25, 0, 0.75],
						"2.5": [0.25, 0, 0.75]
					},
					"scale": {
						"0.0": [0.3, 0.2, 0.6],
						"0.9583": [0.3, 0.2, 0.6],
						"1.0833": [1, "1.3+math.cos(q.anim_time*90*4*20)*0.1", "1.9-math.sin(q.anim_time*90*4*15-120)*0.01-1"],
						"2.5": [1.1, "2.1-math.sin(q.anim_time*90*4*2-90)*0.02-1", "2-math.sin(q.anim_time*90*4*2)*0.02-1"]
					}
				},
				"torso2": {
					"rotation": {
						"0.0": ["-7.5+math.cos(q.anim_time*90*4-60)*1", 0, 0],
						"0.2917": [-12.39, 0, 0],
						"0.7083": [-14.99, 0, 0],
						"0.9167": [-13.36, 0, 0],
						"1.0417": ["-12.5+math.cos(q.anim_time*90*4-60)*1", 0, 0],
						"2.5": ["-12.5+math.cos(q.anim_time*90*4-60)*1", 0, 0]
					}
				},
				"muzzle": {
					"rotation": {
						"0.0": ["0-math.cos(q.anim_time*90*4-140)*1", 0, 0],
						"2.0": ["0-math.cos(q.anim_time*90*4-140)*1", 0, 0],
						"2.5": ["0-math.cos(q.anim_time*90*4-140)*1", 0, 0]
					}
				},
				"muzzle2": {
					"rotation": {
						"0.0": ["0-math.cos(q.anim_time*90*4-160)*1", 0, 0],
						"2.0": ["0-math.cos(q.anim_time*90*4-160)*1", 0, 0],
						"2.5": ["0-math.cos(q.anim_time*90*4-160)*1", 0, 0]
					}
				},
				"body": {
					"rotation": {
						"0.0": [0, 0, 0],
						"0.7917": [0, -0.17, 0],
						"1.0": [0, 3.08, 0],
						"1.0833": [0, 8, 0],
						"2.5": [0, 8, 0]
					}
				},
				"mouth": {
					"position": {
						"0.0": [0, 0, 0],
						"0.0833": [0, 0, 0],
						"0.125": [0, 0, 0.1],
						"0.9583": [0, 0, 0.1],
						"1.0": [0, 0, 0]
					}
				}
			}
		},
		"animation.cyndaquil.cry": {
			"animation_length": 1.375,
			"bones": {
				"torso": {
					"rotation": {
						"0.0": [0, 0, 0],
						"0.1667": {
							"pre": [-5, 0, 0],
							"post": [-5, 0, 0],
							"lerp_mode": "catmullrom"
						},
						"0.4583": {
							"post": [7, 0, 0],
							"lerp_mode": "catmullrom"
						},
						"1.125": {
							"post": [5, 0, 0],
							"lerp_mode": "catmullrom"
						},
						"1.375": [0, 0, 0]
					}
				},
				"arm_right": {
					"rotation": {
						"0.0": [0, 0, 0],
						"0.1667": {
							"pre": [0, 0, 15],
							"post": [0, 0, 15],
							"lerp_mode": "catmullrom"
						},
						"0.3333": {
							"post": [0, 0, -17.5],
							"lerp_mode": "catmullrom"
						},
						"1.125": [0, 0, -17.5],
						"1.375": [0, 0, 0]
					}
				},
				"arm_left": {
					"rotation": {
						"0.0": [0, 0, 0],
						"0.1667": {
							"pre": [0, 0, -15],
							"post": [0, 0, -15],
							"lerp_mode": "catmullrom"
						},
						"0.3333": {
							"post": [0, 0, 17.5],
							"lerp_mode": "catmullrom"
						},
						"1.125": {
							"post": [0, 0, 17.5],
							"lerp_mode": "catmullrom"
						},
						"1.375": [0, 0, 0]
					}
				},
				"head": {
					"rotation": {
						"0.0": [0, 0, 0],
						"0.2083": {
							"pre": [20.5, 0, 0],
							"post": [20.5, 0, 0],
							"lerp_mode": "catmullrom"
						},
						"0.375": {
							"post": [-26.5, 0, 0],
							"lerp_mode": "catmullrom"
						},
						"0.5833": {
							"post": [-28.37, 0, 0],
							"lerp_mode": "catmullrom"
						},
						"0.7917": {
							"post": [-25.5, 0, 0],
							"lerp_mode": "catmullrom"
						},
						"1.125": {
							"post": [-2.56, 0, 0],
							"lerp_mode": "catmullrom"
						},
						"1.375": [0, 0, 0]
					},
					"position": {
						"0.0": [0, 0, 0],
						"0.375": [0, -1, 0],
						"0.9167": [0, -1, 0],
						"1.1667": [0, 0, 0]
					}
				},
				"mouth": {
					"position": {
						"0.0": [0, 0, 0],
						"0.375": [0, 0, 0.1],
						"1.125": [0, 0, 0.1],
						"1.375": [0, 0, 0]
					}
				},
				"muzzle": {
					"rotation": {
						"0.0": [0, 0, 0],
						"0.2917": {
							"pre": [3, 0, 0],
							"post": [3, 0, 0],
							"lerp_mode": "catmullrom"
						},
						"0.5": {
							"post": [-2, 0, 0],
							"lerp_mode": "catmullrom"
						},
						"1.125": {
							"post": [-2, 0, 0],
							"lerp_mode": "catmullrom"
						},
						"1.375": [0, 0, 0]
					}
				},
				"muzzle2": {
					"rotation": {
						"0.0": [0, 0, 0],
						"0.2917": {
							"pre": [3, 0, 0],
							"post": [3, 0, 0],
							"lerp_mode": "catmullrom"
						},
						"0.5": {
							"post": [-4.5, 0, 0],
							"lerp_mode": "catmullrom"
						},
						"1.125": {
							"post": [-4.5, 0, 0],
							"lerp_mode": "catmullrom"
						},
						"1.375": [0, 0, 0]
					}
				}
			},
			"sound_effects": {
				"0.25": {
					"effect": "pokemon.cyndaquil.cry"
				}
			}
		},
		"animation.cyndaquil.battle_cry": {
			"animation_length": 2,
			"bones": {
				"torso": {
					"rotation": {
						"0.0": [0, 0, 0],
						"0.1667": [-5, 0, 0],
						"0.3333": {
							"pre": [13, 0, 0],
							"post": [13, 0, 0],
							"lerp_mode": "catmullrom"
						},
						"1.4167": {
							"post": [17, 0, 0],
							"lerp_mode": "catmullrom"
						},
						"1.875": [0, 0, 0]
					}
				},
				"fire": {
					"scale": {
						"0.0": [1, 1, 1],
						"0.3333": [1, 1, 1],
						"0.5": [1, "1.2+math.cos(q.anim_time*90*4*20)*0.1", 1],
						"1.5417": [1, 1.2, 1],
						"1.5833": [1, 1, 1],
						"2.0": [1, 1, 1]
					}
				},
				"arm_right": {
					"rotation": {
						"0.0": [0, 0, 0],
						"0.1667": {
							"pre": [0, 0, 15],
							"post": [0, 0, 15],
							"lerp_mode": "catmullrom"
						},
						"0.3333": {
							"post": [0, 0, -17.5],
							"lerp_mode": "catmullrom"
						},
						"1.5833": [0, 0, -17.5],
						"1.9583": [0, 0, 0]
					}
				},
				"arm_left": {
					"rotation": {
						"0.0": [0, 0, 0],
						"0.1667": {
							"pre": [0, 0, -15],
							"post": [0, 0, -15],
							"lerp_mode": "catmullrom"
						},
						"0.3333": {
							"post": [0, 0, 17.5],
							"lerp_mode": "catmullrom"
						},
						"1.5833": {
							"post": [0, 0, 17.5],
							"lerp_mode": "catmullrom"
						},
						"1.9583": [0, 0, 0]
					}
				},
				"head": {
					"rotation": {
						"0.0": [0, 0, 0],
						"0.2917": {
							"pre": [-17.5, 0, 0],
							"post": [-17.5, 0, 0],
							"lerp_mode": "catmullrom"
						},
						"0.4167": {
							"post": [-8.03719, 1.40811, 0.36158],
							"lerp_mode": "catmullrom"
						},
						"1.4583": {
							"post": [-8.03719, 1.40811, 0.36158],
							"lerp_mode": "catmullrom"
						},
						"1.9167": [0, 0, 0]
					},
					"position": {
						"0.0": [0, 0, 0],
						"0.375": [0, -1, 0],
						"1.4583": [0, -1, 0],
						"1.9167": [0, 0, 0]
					}
				},
				"mouth": {
					"position": {
						"0.0": [0, 0, 0],
						"0.375": [0, 0, 0.1],
						"1.5833": [0, 0, 0.1],
						"1.9583": [0, 0, 0]
					}
				},
				"eyelid_right_angry": {
					"position": {
						"0.0": [0, 0, 0],
						"0.1667": [0, 0, 0],
						"0.25": [-0.1, 0, 0],
						"1.5": [-0.1, 0, 0],
						"1.5833": [0, 0, 0]
					}
				},
				"eyelid_left_angry": {
					"position": {
						"0.0": [0, 0, 0],
						"0.1667": [0, 0, 0],
						"0.25": [0.1, 0, 0],
						"1.5": [0.1, 0, 0],
						"1.5833": [0, 0, 0]
					}
				}
			},
			"sound_effects": {
				"0.25": {
					"effect": "pokemon.cyndaquil.cry"
				}
			}
		},
		"animation.cyndaquil.sleep": {
			"loop": true,
			"bones": {
				"torso": {
					"rotation": ["10+math.cos(q.anim_time*90*1)*1/2", 0, 0],
					"position": [0, 0, 0]
				},
				"arm_right": {
					"rotation": [-60.1033, -23.2351, "86.4764-math.cos(q.anim_time*90*1-90)*1"]
				},
				"arm_left": {
					"rotation": [-60.1033, 23.2351, "-86.4764-math.cos(q.anim_time*90*1-90)*1"]
				},
				"head": {
					"rotation": ["-30-math.cos(q.anim_time*90*1-120)*1", 0, 0]
				},
				"leg_right": {
					"rotation": [46.37, -11.31, 10.34],
					"position": [-0.25, 0, 0]
				},
				"leg_left": {
					"rotation": [46.37, 11.31, -10.34],
					"position": [0.25, 0, 0]
				},
				"body": {
					"rotation": [32.5, 0, 0],
					"position": [0, -5, 0]
				},
				"fire": {
					"rotation": ["math.sin(q.anim_time*90*3*2-90)*1-1*6", 0, "math.sin(q.anim_time*90*3-150)*1-1)+6*(math.sin(q.anim_time*90*3/2-90)*10"],
					"position": [0, -2.75, 0],
					"scale": [0.3, 0.2, 0.6]
				},
				"torso2": {
					"rotation": ["-7.5+math.cos(q.anim_time*90*1-60)*1/2", 0, 0]
				},
				"eyelid_right_sleep": {
					"position": [-0.1, 0, 0]
				},
				"eyelid_left_sleep": {
					"position": [0.1, 0, 0]
				},
				"muzzle": {
					"rotation": ["0-math.cos(q.anim_time*90*2-140)*1", 0, 0]
				},
				"muzzle2": {
					"rotation": ["5-math.cos(q.anim_time*90*2-160)*1", 0, 0]
				},
				"foot_right": {
					"rotation": [40, 0, 0]
				},
				"foot_left": {
					"rotation": [40, 0, 0]
				}
			}
		},
		"animation.cyndaquil.render": {
			"loop": true,
			"bones": {
				"torso": {
					"rotation": [7.5, 0, 0]
				},
				"fire": {
					"position": [0, -3, 0],
					"scale": [0.3, 0.2, 0.6]
				},
				"torso2": {
					"rotation": [-12.5, 0, 0]
				},
				"arm_right": {
					"rotation": [0, 0, -50]
				},
				"arm_left": {
					"rotation": [0, 0, 52.5]
				},
				"head": {
					"rotation": [-17.8073, -4.21413, -13.93544]
				},
				"leg_right": {
					"rotation": [0, 12.5, 0],
					"position": [-1, 0, 0]
				},
				"leg_left": {
					"rotation": [0, -12.5, 0],
					"position": [1, 0, 0]
				}
			}
		},
		"animation.cyndaquil.sneeze_quirk_ground": {
			"animation_length": 3.125,
			"bones": {
				"body": {
					"rotation": {
						"0.0": [0, 0, 0],
						"2.125": [0, 0, 0],
						"2.25": {
							"pre": [-15, 0, 0],
							"post": [-15, 0, 0],
							"lerp_mode": "catmullrom"
						},
						"2.4167": [0, 0, 0]
					},
					"position": {
						"0.0": [0, 0, 0],
						"2.125": [0, 0, 0],
						"2.25": [0, 2, 0.5],
						"2.4167": [0, 0, 0]
					}
				},
				"torso": {
					"rotation": {
						"0.0": [0, 0, 0],
						"0.1667": {
							"pre": [2, 0, 0],
							"post": [2, 0, 0],
							"lerp_mode": "catmullrom"
						},
						"0.2917": {
							"post": [-5, 0, 0],
							"lerp_mode": "catmullrom"
						},
						"0.5417": [-2, 0, 0],
						"0.75": [-2, 0, 0],
						"0.9167": {
							"pre": [2, 0, 0],
							"post": [2, 0, 0],
							"lerp_mode": "catmullrom"
						},
						"1.0417": {
							"post": [-10, 0, 0],
							"lerp_mode": "catmullrom"
						},
						"1.2917": [-5, 0, 0],
						"1.5": [-5, 0, 0],
						"1.6667": {
							"pre": [2, 0, 0],
							"post": [2, 0, 0],
							"lerp_mode": "catmullrom"
						},
						"1.7917": {
							"post": [-17.5, 0, 0],
							"lerp_mode": "catmullrom"
						},
						"2.125": {
							"post": [-23.5, 0, 0],
							"lerp_mode": "catmullrom"
						},
						"2.2917": {
							"post": [27.5, 0, 0],
							"lerp_mode": "catmullrom"
						},
						"2.7917": [0, 0, 0]
					}
				},
				"torso2": {
					"rotation": {
						"0.0": [0, 0, 0],
						"0.1667": {
							"pre": [2, 0, 0],
							"post": [2, 0, 0],
							"lerp_mode": "catmullrom"
						},
						"0.2917": {
							"post": [-5, 0, 0],
							"lerp_mode": "catmullrom"
						},
						"0.5833": [-2, 0, 0],
						"0.7917": [-2, 0, 0],
						"0.9583": {
							"pre": [2, 0, 0],
							"post": [2, 0, 0],
							"lerp_mode": "catmullrom"
						},
						"1.125": {
							"post": [-10, 0, 0],
							"lerp_mode": "catmullrom"
						},
						"1.375": [-5, 0, 0],
						"1.5833": [-5, 0, 0],
						"1.75": {
							"pre": [2, 0, 0],
							"post": [2, 0, 0],
							"lerp_mode": "catmullrom"
						},
						"1.9167": {
							"post": [0, 0, 0],
							"lerp_mode": "catmullrom"
						},
						"2.25": {
							"post": [-10, 0, 0],
							"lerp_mode": "catmullrom"
						},
						"2.4583": {
							"post": [15, 0, 0],
							"lerp_mode": "catmullrom"
						},
						"2.9167": [0, 0, 0]
					}
				},
				"arm_right": {
					"rotation": {
						"0.0": [0, 0, 0],
						"0.125": {
							"pre": [0, 0, -22.5],
							"post": [0, 0, -22.5],
							"lerp_mode": "catmullrom"
						},
						"0.2917": {
							"post": [0, 0, 15],
							"lerp_mode": "catmullrom"
						},
						"0.5": [0, 0, 0],
						"0.75": [0, 0, 0],
						"0.875": {
							"pre": [0, 0, -22.5],
							"post": [0, 0, -22.5],
							"lerp_mode": "catmullrom"
						},
						"1.0417": {
							"post": [0, 0, 15],
							"lerp_mode": "catmullrom"
						},
						"1.25": [0, 0, 0],
						"1.5833": [0, 0, 0],
						"1.7083": {
							"pre": [0, 0, -22.5],
							"post": [0, 0, -22.5],
							"lerp_mode": "catmullrom"
						},
						"1.875": {
							"post": [0, 0, 15],
							"lerp_mode": "catmullrom"
						},
						"2.1667": {
							"post": [0, 0, 15],
							"lerp_mode": "catmullrom"
						},
						"2.4167": {
							"post": [0, 0, -21],
							"lerp_mode": "catmullrom"
						},
						"2.7083": [0, 0, -17],
						"3.0": [0, 0, 0]
					}
				},
				"arm_left": {
					"rotation": {
						"0.0": [0, 0, 0],
						"0.125": {
							"pre": [0, 0, 22.5],
							"post": [0, 0, 22.5],
							"lerp_mode": "catmullrom"
						},
						"0.2917": {
							"post": [0, 0, -15],
							"lerp_mode": "catmullrom"
						},
						"0.5": [0, 0, 0],
						"0.75": [0, 0, 0],
						"0.875": {
							"pre": [0, 0, 22.5],
							"post": [0, 0, 22.5],
							"lerp_mode": "catmullrom"
						},
						"1.0417": {
							"post": [0, 0, -15],
							"lerp_mode": "catmullrom"
						},
						"1.25": [0, 0, 0],
						"1.5833": [0, 0, 0],
						"1.7083": {
							"pre": [0, 0, 22.5],
							"post": [0, 0, 22.5],
							"lerp_mode": "catmullrom"
						},
						"1.875": {
							"post": [0, 0, -15],
							"lerp_mode": "catmullrom"
						},
						"2.1667": {
							"post": [0, 0, -15],
							"lerp_mode": "catmullrom"
						},
						"2.4167": {
							"post": [0, 0, 22.5],
							"lerp_mode": "catmullrom"
						},
						"2.7083": [0, 0, 17],
						"3.0": [0, 0, 0]
					}
				},
				"fire": {
					"rotation": {
						"0.0": [0, 0, 0],
						"2.2083": [0, 0, 0],
						"2.25": {
							"pre": [-15, 0, 0],
							"post": [-15, 0, 0],
							"lerp_mode": "catmullrom"
						},
						"2.5417": [0, 0, 0]
					},
					"position": {
						"2.2083": [0, 0, 0],
						"2.25": [0, 2, 0],
						"2.8333": [0, 2, 0],
						"2.9583": [0, 0, 0]
					},
					"scale": {
						"0.0": [1, 1, 1],
						"2.2083": [1, 1, 1],
						"2.25": {
							"pre": [6, "18-math.sin(q.anim_time*90*4*36-90)*0.75", "6-math.sin(q.anim_time*90*4*36-90)*0.75"],
							"post": [6, "18-math.sin(q.anim_time*90*4*36-90)*0.75", "6-math.sin(q.anim_time*90*4*36-90)*0.75"],
							"lerp_mode": "catmullrom"
						},
						"2.375": {
							"post": [7, "12.832-math.sin(q.anim_time*90*4*36-90)*0.75", "7-math.sin(q.anim_time*90*4*36-90)*0.75"],
							"lerp_mode": "catmullrom"
						},
						"2.8333": [1, 1, 1]
					}
				},
				"head": {
					"rotation": {
						"0.0": [0, 0, 0],
						"0.25": {
							"pre": [7.5, 0, 0],
							"post": [7.5, 0, 0],
							"lerp_mode": "catmullrom"
						},
						"0.3333": {
							"post": [-5, 0, 0],
							"lerp_mode": "catmullrom"
						},
						"0.8333": [0, 0, 0],
						"1.0833": {
							"pre": [-5, 0, 0],
							"post": [-5, 0, 0],
							"lerp_mode": "catmullrom"
						},
						"1.5417": {
							"post": [7.5, 0, 0],
							"lerp_mode": "catmullrom"
						},
						"2.1667": {
							"post": [-7.5, 0, 0],
							"lerp_mode": "catmullrom"
						},
						"2.2917": {
							"post": [-40, 0, 0],
							"lerp_mode": "catmullrom"
						},
						"2.6667": {
							"post": [12.5, 0, 0],
							"lerp_mode": "catmullrom"
						},
						"3.0833": [0, 0, 0]
					},
					"position": [0, 0, 0]
				},
				"muzzle": {
					"rotation": {
						"0.0": [0, 0, 0],
						"2.2083": [0, 0, 0],
						"2.3333": {
							"pre": [-7.5, 0, 0],
							"post": [-7.5, 0, 0],
							"lerp_mode": "catmullrom"
						},
						"2.7083": {
							"post": [5, 0, 0],
							"lerp_mode": "catmullrom"
						},
						"3.125": [0, 0, 0]
					},
					"position": {
						"0.0": [0, 0, 0],
						"2.2083": [0, 0, 0],
						"2.3333": {
							"pre": [0, 1, 0],
							"post": [0, 1, 0],
							"lerp_mode": "catmullrom"
						},
						"2.7083": {
							"post": [0, 0, 0],
							"lerp_mode": "catmullrom"
						},
						"3.125": [0, 0, 0]
					}
				},
				"muzzle2": {
					"rotation": {
						"0.0": [0, 0, 0],
						"2.2083": [0, 0, 0],
						"2.3333": {
							"pre": [-12.5, 0, 0],
							"post": [-12.5, 0, 0],
							"lerp_mode": "catmullrom"
						},
						"2.7083": {
							"post": [2.5, 0, 0],
							"lerp_mode": "catmullrom"
						},
						"3.125": [0, 0, 0]
					},
					"position": {
						"0.0": [0, 0, 0],
						"2.2083": [0, 0, 0],
						"2.3333": {
							"pre": [0, 1, 0],
							"post": [0, 1, 0],
							"lerp_mode": "catmullrom"
						},
						"2.7083": {
							"post": [0, 0, 0],
							"lerp_mode": "catmullrom"
						},
						"3.125": [0, 0, 0]
					}
				}
			},
			"sound_effects": {
				"2.2083": {
					"effect": "pokemon.cyndaquil.sneeze"
				}
			}
		},
		"animation.cyndaquil.sneeze_quirk_battle": {
			"animation_length": 3.125,
			"bones": {
				"body": {
					"rotation": {
						"0.0": [0, 0, 0],
						"2.125": [0, 0, 0],
						"2.25": {
							"pre": [-15, 0, 0],
							"post": [-15, 0, 0],
							"lerp_mode": "catmullrom"
						},
						"2.4167": [0, 0, 0]
					},
					"position": {
						"0.0": [0, 0, 0],
						"2.125": [0, 0, 0],
						"2.25": [0, 2, 0.5],
						"2.4167": [0, 0, 0]
					}
				},
				"torso": {
					"rotation": {
						"0.0": [0, 0, 0],
						"0.1667": {
							"pre": [2, 0, 0],
							"post": [2, 0, 0],
							"lerp_mode": "catmullrom"
						},
						"0.2917": {
							"post": [-5, 0, 0],
							"lerp_mode": "catmullrom"
						},
						"0.5417": [-2, 0, 0],
						"0.75": [-2, 0, 0],
						"0.9167": {
							"pre": [2, 0, 0],
							"post": [2, 0, 0],
							"lerp_mode": "catmullrom"
						},
						"1.0417": {
							"post": [-10, 0, 0],
							"lerp_mode": "catmullrom"
						},
						"1.2917": [-5, 0, 0],
						"1.5": [-5, 0, 0],
						"1.6667": {
							"pre": [2, 0, 0],
							"post": [2, 0, 0],
							"lerp_mode": "catmullrom"
						},
						"1.7917": {
							"post": [-17.5, 0, 0],
							"lerp_mode": "catmullrom"
						},
						"2.125": {
							"post": [-23.5, 0, 0],
							"lerp_mode": "catmullrom"
						},
						"2.2917": {
							"post": [27.5, 0, 0],
							"lerp_mode": "catmullrom"
						},
						"2.7917": [0, 0, 0]
					}
				},
				"torso2": {
					"rotation": {
						"0.0": [0, 0, 0],
						"0.1667": {
							"pre": [2, 0, 0],
							"post": [2, 0, 0],
							"lerp_mode": "catmullrom"
						},
						"0.2917": {
							"post": [-5, 0, 0],
							"lerp_mode": "catmullrom"
						},
						"0.5833": [-2, 0, 0],
						"0.7917": [-2, 0, 0],
						"0.9583": {
							"pre": [2, 0, 0],
							"post": [2, 0, 0],
							"lerp_mode": "catmullrom"
						},
						"1.125": {
							"post": [-10, 0, 0],
							"lerp_mode": "catmullrom"
						},
						"1.375": [-5, 0, 0],
						"1.5833": [-5, 0, 0],
						"1.75": {
							"pre": [2, 0, 0],
							"post": [2, 0, 0],
							"lerp_mode": "catmullrom"
						},
						"1.9167": {
							"post": [0, 0, 0],
							"lerp_mode": "catmullrom"
						},
						"2.25": {
							"post": [-10, 0, 0],
							"lerp_mode": "catmullrom"
						},
						"2.4583": {
							"post": [15, 0, 0],
							"lerp_mode": "catmullrom"
						},
						"2.9167": [0, 0, 0]
					}
				},
				"arm_right": {
					"rotation": {
						"0.0": [0, 0, 0],
						"0.125": {
							"pre": [0, 0, -22.5],
							"post": [0, 0, -22.5],
							"lerp_mode": "catmullrom"
						},
						"0.2917": {
							"post": [0, 0, 15],
							"lerp_mode": "catmullrom"
						},
						"0.5": [0, 0, 0],
						"0.75": [0, 0, 0],
						"0.875": {
							"pre": [0, 0, -22.5],
							"post": [0, 0, -22.5],
							"lerp_mode": "catmullrom"
						},
						"1.0417": {
							"post": [0, 0, 15],
							"lerp_mode": "catmullrom"
						},
						"1.25": [0, 0, 0],
						"1.5833": [0, 0, 0],
						"1.7083": {
							"pre": [0, 0, -22.5],
							"post": [0, 0, -22.5],
							"lerp_mode": "catmullrom"
						},
						"1.875": {
							"post": [0, 0, 15],
							"lerp_mode": "catmullrom"
						},
						"2.1667": {
							"post": [0, 0, 15],
							"lerp_mode": "catmullrom"
						},
						"2.4167": {
							"post": [0, 0, -21],
							"lerp_mode": "catmullrom"
						},
						"2.7083": [0, 0, -17],
						"3.0": [0, 0, 0]
					}
				},
				"arm_left": {
					"rotation": {
						"0.0": [0, 0, 0],
						"0.125": {
							"pre": [0, 0, 22.5],
							"post": [0, 0, 22.5],
							"lerp_mode": "catmullrom"
						},
						"0.2917": {
							"post": [0, 0, -15],
							"lerp_mode": "catmullrom"
						},
						"0.5": [0, 0, 0],
						"0.75": [0, 0, 0],
						"0.875": {
							"pre": [0, 0, 22.5],
							"post": [0, 0, 22.5],
							"lerp_mode": "catmullrom"
						},
						"1.0417": {
							"post": [0, 0, -15],
							"lerp_mode": "catmullrom"
						},
						"1.25": [0, 0, 0],
						"1.5833": [0, 0, 0],
						"1.7083": {
							"pre": [0, 0, 22.5],
							"post": [0, 0, 22.5],
							"lerp_mode": "catmullrom"
						},
						"1.875": {
							"post": [0, 0, -15],
							"lerp_mode": "catmullrom"
						},
						"2.1667": {
							"post": [0, 0, -15],
							"lerp_mode": "catmullrom"
						},
						"2.4167": {
							"post": [0, 0, 22.5],
							"lerp_mode": "catmullrom"
						},
						"2.7083": [0, 0, 17],
						"3.0": [0, 0, 0]
					}
				},
				"fire": {
					"scale": {
						"0.0": [1, 1, 1],
						"2.2083": [1, 1, 1],
						"2.25": {
							"pre": [0.9, "1.5-math.sin(q.anim_time*90*4*42-90)*0.25", 0.9],
							"post": [0.9, "1.5-math.sin(q.anim_time*90*4*42-90)*0.25", 0.9],
							"lerp_mode": "catmullrom"
						},
						"2.6667": [1, 1, 1]
					}
				},
				"head": {
					"rotation": {
						"0.0": [0, 0, 0],
						"0.25": {
							"pre": [7.5, 0, 0],
							"post": [7.5, 0, 0],
							"lerp_mode": "catmullrom"
						},
						"0.3333": {
							"post": [-5, 0, 0],
							"lerp_mode": "catmullrom"
						},
						"0.8333": [0, 0, 0],
						"1.0833": {
							"pre": [-5, 0, 0],
							"post": [-5, 0, 0],
							"lerp_mode": "catmullrom"
						},
						"1.5417": {
							"post": [7.5, 0, 0],
							"lerp_mode": "catmullrom"
						},
						"2.1667": {
							"post": [-7.5, 0, 0],
							"lerp_mode": "catmullrom"
						},
						"2.2917": {
							"post": [-40, 0, 0],
							"lerp_mode": "catmullrom"
						},
						"2.6667": {
							"post": [12.5, 0, 0],
							"lerp_mode": "catmullrom"
						},
						"3.0833": [0, 0, 0]
					},
					"position": [0, 0, 0]
				},
				"muzzle": {
					"rotation": {
						"0.0": [0, 0, 0],
						"2.2083": [0, 0, 0],
						"2.3333": {
							"pre": [-7.5, 0, 0],
							"post": [-7.5, 0, 0],
							"lerp_mode": "catmullrom"
						},
						"2.7083": {
							"post": [5, 0, 0],
							"lerp_mode": "catmullrom"
						},
						"3.125": [0, 0, 0]
					},
					"position": {
						"0.0": [0, 0, 0],
						"2.2083": [0, 0, 0],
						"2.3333": {
							"pre": [0, 1, 0],
							"post": [0, 1, 0],
							"lerp_mode": "catmullrom"
						},
						"2.7083": {
							"post": [0, 0, 0],
							"lerp_mode": "catmullrom"
						},
						"3.125": [0, 0, 0]
					}
				},
				"muzzle2": {
					"rotation": {
						"0.0": [0, 0, 0],
						"2.2083": [0, 0, 0],
						"2.3333": {
							"pre": [-12.5, 0, 0],
							"post": [-12.5, 0, 0],
							"lerp_mode": "catmullrom"
						},
						"2.7083": {
							"post": [2.5, 0, 0],
							"lerp_mode": "catmullrom"
						},
						"3.125": [0, 0, 0]
					},
					"position": {
						"0.0": [0, 0, 0],
						"2.2083": [0, 0, 0],
						"2.3333": {
							"pre": [0, 1, 0],
							"post": [0, 1, 0],
							"lerp_mode": "catmullrom"
						},
						"2.7083": {
							"post": [0, 0, 0],
							"lerp_mode": "catmullrom"
						},
						"3.125": [0, 0, 0]
					}
				}
			},
			"sound_effects": {
				"2.2083": {
					"effect": "pokemon.cyndaquil.sneeze"
				}
			}
		},
		"animation.cyndaquil.faint": {
			"animation_length": 3,
			"bones": {
				"torso": {
					"rotation": {
						"0.0": ["20+math.cos(q.anim_time*90*4)*1", 0, 0],
						"0.0417": [26.7, 0, 0],
						"0.125": [34.5, 0, 0],
						"0.375": [0.92, 3.14, -2.77],
						"0.5833": [17.4033, 7.40409, -3.73567],
						"0.875": ["15.4033+math.cos(q.anim_time*90*4*10)*0.3", 7.40409, -3.73567],
						"1.6667": {
							"pre": [8.4033, 7.4, -3.74],
							"post": [8.4033, 7.4, -3.74],
							"lerp_mode": "catmullrom"
						},
						"1.875": {
							"post": [-9.0967, 7.4, -3.74],
							"lerp_mode": "catmullrom"
						},
						"2.0417": {
							"post": [13.4033, 7.4, -3.74],
							"lerp_mode": "catmullrom"
						},
						"2.2083": {
							"post": [8.4033, 7.4, -3.74],
							"lerp_mode": "catmullrom"
						},
						"2.375": {
							"post": [10.9033, 7.4, -3.74],
							"lerp_mode": "catmullrom"
						}
					},
					"position": {
						"0.0": [0, "0+math.sin(q.anim_time*90*4)*0.2", 0],
						"0.2083": [0, "1+math.sin(q.anim_time*90*4)*0.2", 0],
						"0.25": [0, "1+math.sin(q.anim_time*90*4)*0.2", 0],
						"0.4583": [0, "1+math.sin(q.anim_time*90*4)*0.2", 0],
						"0.5417": [0, "-0.75+math.sin(q.anim_time*90*4)*0.2", 0],
						"1.6667": [0, "-0.75+math.sin(q.anim_time*90*4)*0.2", 0],
						"1.875": {
							"pre": [0, -0.85, 0],
							"post": [0, -0.85, 0],
							"lerp_mode": "catmullrom"
						},
						"2.0417": {
							"post": [0, -0.85, 0],
							"lerp_mode": "catmullrom"
						},
						"2.2083": [0, -0.85, 0],
						"2.375": [0, -0.85, 0]
					}
				},
				"arm_right": {
					"rotation": {
						"0.0": [24.67, 1.37, -48.8],
						"0.1667": {
							"pre": [19.61719, -15.32403, -16.2645],
							"post": [19.61719, -15.32403, -16.2645],
							"lerp_mode": "catmullrom"
						},
						"0.5833": {
							"post": [19.61719, -15.32403, -9.2645],
							"lerp_mode": "catmullrom"
						},
						"0.6667": [24.59429, 2.41694, -48.8],
						"1.5833": [24.59429, 2.41694, -48.8],
						"2.0": {
							"pre": [-7.54008, -23.59598, 62.47732],
							"post": [-7.54008, -23.59598, 62.47732],
							"lerp_mode": "catmullrom"
						},
						"2.0833": {
							"post": [-11.68766, -21.92067, 73.17125],
							"lerp_mode": "catmullrom"
						},
						"2.25": {
							"post": [-7.54008, -23.59598, 62.47732],
							"lerp_mode": "catmullrom"
						},
						"2.4583": [-7.54008, -23.59598, 62.47732]
					}
				},
				"arm_left": {
					"rotation": {
						"0.0": [24.67, -1.37, 48.8],
						"0.1667": {
							"pre": [19.61719, 15.324, 16.2645],
							"post": [19.61719, 15.324, 16.2645],
							"lerp_mode": "catmullrom"
						},
						"0.5833": {
							"post": [19.61719, 15.324, 16.2645],
							"lerp_mode": "catmullrom"
						},
						"0.6667": [22.59429, -1.37, 48.8],
						"1.5833": {
							"pre": [22.59429, -1.37, 48.8],
							"post": [22.59429, -1.37, 48.8],
							"lerp_mode": "catmullrom"
						},
						"2.0": {
							"post": [-7.54008, 23.59598, -62.47732],
							"lerp_mode": "catmullrom"
						},
						"2.0833": {
							"post": [-11.68766, 21.92067, -73.17125],
							"lerp_mode": "catmullrom"
						},
						"2.25": {
							"post": [-7.54008, 23.59598, -62.47732],
							"lerp_mode": "catmullrom"
						},
						"2.4583": [-7.54008, 23.59598, -62.47732]
					}
				},
				"head": {
					"rotation": {
						"0.0": {
							"post": [-10, 0, 0],
							"lerp_mode": "catmullrom"
						},
						"0.3333": {
							"post": [20.31778, -11.54268, 3.24884],
							"lerp_mode": "catmullrom"
						},
						"0.5417": [-10.28, -10.2, 2.89],
						"0.6667": [9.04, -8.82, 2.48],
						"0.7083": ["9.7896-math.cos(q.anim_time*90*4-120)*2", -9.69, 2.48],
						"1.4583": {
							"pre": ["-11.7104-math.cos(q.anim_time*90*4-120)*2", -9.69, 2.48],
							"post": ["-11.7104-math.cos(q.anim_time*90*4-120)*2", -9.69, 2.48],
							"lerp_mode": "catmullrom"
						},
						"1.7083": {
							"post": [-56.96917, -9.69, 2.48],
							"lerp_mode": "catmullrom"
						},
						"1.9167": {
							"post": [-44.46917, -9.69, 2.48],
							"lerp_mode": "catmullrom"
						},
						"2.0833": {
							"post": [-31.76505, -9.52353, 0.46106],
							"lerp_mode": "catmullrom"
						},
						"2.2917": {
							"post": [-36.96917, -9.69, 2.48],
							"lerp_mode": "catmullrom"
						},
						"2.5": {
							"post": [-30.13934, -9.5515, 0.80024],
							"lerp_mode": "catmullrom"
						}
					}
				},
				"leg_right": {
					"rotation": {
						"0.0": [0, 10, 0],
						"0.125": [10, 10, 0],
						"0.75": {
							"pre": [-10, 10, 0],
							"post": [-10, 10, 0],
							"lerp_mode": "catmullrom"
						},
						"1.4167": [-14, 10, 0],
						"1.5": [-16.5, 10, 0],
						"1.7083": {
							"pre": [37.65642, -0.6038, 13.98913],
							"post": [37.65642, -0.6038, 13.98913],
							"lerp_mode": "catmullrom"
						},
						"1.875": {
							"post": [50.15642, -0.6038, 13.98913],
							"lerp_mode": "catmullrom"
						},
						"2.0": {
							"post": [30.15642, -0.6038, 13.98913],
							"lerp_mode": "catmullrom"
						},
						"2.1667": {
							"post": [41.17494, -0.6038, 13.98913],
							"lerp_mode": "catmullrom"
						},
						"2.3333": [32.65642, -0.6038, 13.98913]
					},
					"position": {
						"0.0": [-0.25, 0, 0],
						"0.375": [-0.25, -0.25, 0],
						"0.75": {
							"pre": [-0.5, -0.75, 0.5],
							"post": [-0.5, -0.75, 0.5],
							"lerp_mode": "catmullrom"
						},
						"1.4167": [-0.5, -1.2, -0.2],
						"1.5": [-0.5, -1.2, -0.2],
						"1.7083": {
							"pre": [-1, -0.5, -1.5],
							"post": [-1, -0.5, -1.5],
							"lerp_mode": "catmullrom"
						}
					}
				},
				"leg_left": {
					"rotation": {
						"0.0": [0, -10, 0],
						"0.0417": [-19.75, -10, -3],
						"0.1667": [-40.61, -14.06, -6.77],
						"0.375": [-58.2143, -23.11648, -9.5349],
						"0.5833": [-49.7143, -23.11648, -8.7849],
						"0.625": [-32.61, -16.56, -6.52],
						"0.6667": [-8.5, -10, 0],
						"1.3333": [-13.5, -10, 0],
						"1.5": [-13.5, -10, 0],
						"1.7083": {
							"pre": [37.65642, 0.6038, -13.98913],
							"post": [37.65642, 0.6038, -13.98913],
							"lerp_mode": "catmullrom"
						},
						"1.875": {
							"post": [50.15642, 0.6038, -13.98913],
							"lerp_mode": "catmullrom"
						},
						"2.0": {
							"post": [30.15642, 0.6038, -13.98913],
							"lerp_mode": "catmullrom"
						},
						"2.1667": {
							"post": [41.17494, 0.6038, -13.98913],
							"lerp_mode": "catmullrom"
						},
						"2.3333": [32.65642, 0.6038, -13.98913]
					},
					"position": {
						"0.0": [0.25, 0, 0],
						"0.125": [0.25, 0.75, -0.5],
						"0.25": [0.25, 1, -1],
						"0.4583": [0.25, 1, -1],
						"0.5833": [0, 0.5, -1],
						"0.625": [0, -0.5, -2],
						"0.7083": [0, -0.75, -2],
						"1.3333": [0, -0.5, -2.5],
						"1.5": [0, -0.5, -2.5],
						"1.7083": {
							"pre": [1, -0.5, -1.5],
							"post": [1, -0.5, -1.5],
							"lerp_mode": "catmullrom"
						}
					}
				},
				"fire": {
					"rotation": ["math.sin(q.anim_time*90*3*2-90)*1-1*6", 0, "math.sin(q.anim_time*90*3-150)*1-1)+6*(math.sin(q.anim_time*90*3/2-90)*10"],
					"position": {
						"0.0": [0, -2.75, 0],
						"0.5833": [0, -2.75, 0.75],
						"0.6667": [0, -1.71, 0.93],
						"0.75": [0, 0.25, 1],
						"1.4167": {
							"pre": [0, 0.25, 1.25],
							"post": [0, 0.25, 1.25],
							"lerp_mode": "catmullrom"
						},
						"2.375": [0, -1, 0]
					},
					"scale": {
						"0.0": [0.3, 0.2, 0.6],
						"0.625": [0.3, 0.2, 0.525],
						"0.6667": [0.5, 0.925, 0.625],
						"0.75": [0.7, "1.7+math.cos(q.anim_time*90*4*20)*0.1", 0.825],
						"1.375": {
							"pre": [0.9, 1.1, 0.8],
							"post": [0.9, 1.1, 0.8],
							"lerp_mode": "catmullrom"
						},
						"1.5833": {
							"post": [0.7328, 0.7073, 0.6475],
							"lerp_mode": "catmullrom"
						},
						"2.1667": [0, 0, 0]
					}
				},
				"torso2": {
					"rotation": {
						"0.0": ["-7.5+math.cos(q.anim_time*90*4-60)*1", 0, 0],
						"0.125": ["-15+math.cos(q.anim_time*90*4-60)*1", 0, 0],
						"0.4583": ["-22.5+math.cos(q.anim_time*90*4-60)*1", 0, 0],
						"0.7083": ["-10+math.cos(q.anim_time*90*4-60)*1", 0, 0],
						"1.5833": ["-15+math.cos(q.anim_time*90*4-60)*1", 0, 0],
						"2.1667": [-15, 0, 0]
					}
				},
				"muzzle": {
					"rotation": {
						"0.0": ["0-math.cos(q.anim_time*90*4-140)*1", 0, 0],
						"1.5": ["0-math.cos(q.anim_time*90*4-140)*1", 0, 0],
						"1.9167": {
							"pre": [-12.84202, 0, 0],
							"post": [-12.84202, 0, 0],
							"lerp_mode": "catmullrom"
						},
						"2.125": {
							"post": [2.5, 0, 0],
							"lerp_mode": "catmullrom"
						},
						"2.2917": {
							"post": [-2.5, 0, 0],
							"lerp_mode": "catmullrom"
						},
						"2.4583": {
							"post": [0, 0, 0],
							"lerp_mode": "catmullrom"
						}
					},
					"position": {
						"1.5": [0, 0, 0],
						"1.9167": {
							"pre": [0, 1, 0],
							"post": [0, 1, 0],
							"lerp_mode": "catmullrom"
						},
						"2.125": {
							"post": [0, 0, 0],
							"lerp_mode": "catmullrom"
						}
					}
				},
				"muzzle2": {
					"rotation": {
						"0.0": ["0-math.cos(q.anim_time*90*4-160)*1", 0, 0],
						"1.5": ["0-math.cos(q.anim_time*90*4-160)*1", 0, 0],
						"1.9167": {
							"pre": [-15.64279, 0, 0],
							"post": [-15.64279, 0, 0],
							"lerp_mode": "catmullrom"
						},
						"2.125": {
							"post": [0, 0, 0],
							"lerp_mode": "catmullrom"
						}
					},
					"position": {
						"1.5": [0, 0, 0],
						"1.9167": {
							"pre": [0, 1, 0],
							"post": [0, 1, 0],
							"lerp_mode": "catmullrom"
						},
						"2.125": {
							"post": [0, 0, 0],
							"lerp_mode": "catmullrom"
						}
					}
				},
				"body": {
					"rotation": {
						"0.0": [0, 0, 0],
						"0.0417": [2.5, 0, 0],
						"0.125": [0, 0, 0],
						"0.1667": [0, 0, 0],
						"0.25": [2.5, 0, 0],
						"0.3333": [1, 0, 0],
						"0.4583": [2, 0, 0],
						"0.625": [8.4, 0, 0],
						"0.6667": [10, 0, 0],
						"1.4583": [16, 0, 0],
						"1.6667": {
							"pre": [45, 0, 0],
							"post": [45, 0, 0],
							"lerp_mode": "catmullrom"
						},
						"1.875": {
							"post": [45, 0, 0],
							"lerp_mode": "catmullrom"
						},
						"2.0417": {
							"post": [45, 0, 0],
							"lerp_mode": "catmullrom"
						},
						"2.2083": [45, 0, 0],
						"3.0": [45, 0, 0]
					},
					"position": {
						"0.0": [0, 0, 0],
						"0.0417": [0, 0.24, 0.2],
						"0.125": [0, -0.22, 1.59],
						"0.1667": [0, -0.22, 1.85],
						"0.25": [0, 0.24, 3.2],
						"0.3333": [0, -0.01, 3.2],
						"0.4583": [0, -0.08, 2.17],
						"0.7083": [0, 0, 1.5],
						"1.4583": [0, 0, 1.5],
						"1.6667": {
							"pre": [0, 0, -2.5],
							"post": [0, 0, -2.5],
							"lerp_mode": "catmullrom"
						},
						"1.875": {
							"post": [0, -4.5, -4.5],
							"lerp_mode": "catmullrom"
						},
						"2.0417": {
							"post": [0, -4, -4.5],
							"lerp_mode": "catmullrom"
						},
						"2.2083": [0, -4, -4.5],
						"3.0": [0, -4, -4.5]
					}
				},
				"eyelid_right": {
					"rotation": {
						"0.0": [0, 0, 0],
						"0.125": [-5.25, 0, 0],
						"0.2917": [-25, 0, 0],
						"0.5": [-20.5, 0, 0],
						"0.625": [0, 0, 0]
					}
				},
				"eyelid_left": {
					"rotation": {
						"0.0": [0, 0, 0],
						"0.125": [-5.25, 0, 0],
						"0.2917": [-25, 0, 0],
						"0.5": [-20.5, 0, 0],
						"0.625": [0, 0, 0]
					}
				},
				"foot_right": {
					"rotation": {
						"0.0": [0, 0, 0],
						"0.125": [-10, 0, 0],
						"0.5": [0, 0, 0],
						"0.75": [0, 0, 0]
					}
				},
				"foot_left": {
					"rotation": {
						"0.0": [0, 0, 0],
						"0.125": [-10, 0, 0],
						"0.2917": [-5.17, 4.47, 0.41],
						"0.4167": [9.12651, 6.70447, 0.62002],
						"0.625": [13.12651, 6.70447, 0.62002],
						"0.7083": [-2, 0, 0]
					}
				}
			}
		},
		"animation.cyndaquil.recoil": {
			"animation_length": 0.5833,
			"bones": {
				"torso": {
					"rotation": {
						"0.0": [0, 0, 0],
						"0.1667": {
							"pre": [-15, 0, 0],
							"post": [-15, 0, 0],
							"lerp_mode": "catmullrom"
						},
						"0.4167": [0, 0, 0]
					}
				},
				"torso2": {
					"rotation": {
						"0.0": [0, 0, 0],
						"0.1667": {
							"pre": [-10.19739, 6.79698, -3.16272],
							"post": [-10.19739, 6.79698, -3.16272],
							"lerp_mode": "catmullrom"
						},
						"0.4583": [0, 0, 0]
					}
				},
				"arm_right": {
					"rotation": {
						"0.0": [0, 0, 0],
						"0.125": {
							"pre": [0.86106, -15.86995, 22.55113],
							"post": [0.86106, -15.86995, 22.55113],
							"lerp_mode": "catmullrom"
						},
						"0.4583": [0, 0, 0]
					}
				},
				"arm_left": {
					"rotation": {
						"0.0": [0, 0, 0],
						"0.125": {
							"pre": [0.86106, 15.86995, -22.55113],
							"post": [0.86106, 15.86995, -22.55113],
							"lerp_mode": "catmullrom"
						},
						"0.4583": [0, 0, 0]
					}
				},
				"head": {
					"rotation": {
						"0.0": [0, 0, 0],
						"0.0833": {
							"pre": [10, 0, 0],
							"post": [10, 0, 0],
							"lerp_mode": "catmullrom"
						},
						"0.25": {
							"post": [-9.52324, 11.24963, 4.17569],
							"lerp_mode": "catmullrom"
						},
						"0.5417": [0, 0, 0]
					}
				}
			}
		}
	}
}