{
  "parent": "cobbleverse:trainer/johto/defeat_champion_lance",
  "display": {
    "title": {
      "translate": "advancements.cobbleverse.catch_celebi"
    },
    "description": {
      "translate": "advancements.cobbleverse.catch_celebi.description"
    },
    "icon": {
      "id": "lumymon:gs_ball"
    },
    "announce_to_chat": true,
    "show_toast": true,
    "hidden": false,
    "frame": "goal"
  },
  "criteria": {
    "caught_celebi": {
      "trigger": "cobblemon:aspects_collected",
      "conditions": {
        "species": "cobblemon:celebi",
        "aspects": ["mythical"]
      }
    }
  },
  "requirements": [
    [
      "caught_celebi"
    ]
  ]
}