{
	"format_version": "1.8.0",
	"animations": {
		"animation.wochien.pose": {
			"loop": true,
			"bones": {
				"bone4": {
					"rotation": [0, 0, 50]
				},
				"bone6": {
					"rotation": [-50, 0, 0]
				},
				"top_head": {
					"rotation": [10, 0, 0]
				},
				"bone8": {
					"rotation": [0, 0, 0]
				},
				"front_leaf": {
					"rotation": [-15, 0, 0]
				},
				"right_vine": {
					"scale": [1, 0, 0]
				},
				"left_vine": {
					"scale": [1, 0, 0]
				}
			}
		},
		"animation.wochien.special": {
			"animation_length": 0.9167,
			"bones": {
				"wo_chien": {
					"position": {
						"0.0": {
							"post": [0, 0, 0],
							"lerp_mode": "catmullrom"
						},
						"0.125": {
							"post": [0, 0, 0],
							"lerp_mode": "catmullrom"
						},
						"0.2917": {
							"post": [0, 0, 2],
							"lerp_mode": "catmullrom"
						},
						"0.375": {
							"post": [0, 0, 2],
							"lerp_mode": "catmullrom"
						},
						"0.625": {
							"post": [0, 0, -6],
							"lerp_mode": "catmullrom"
						},
						"0.7083": {
							"post": [0, 0, -7],
							"lerp_mode": "catmullrom"
						}
					}
				},
				"bone2": {
					"rotation": {
						"0.0": {
							"post": [0, 0, 0],
							"lerp_mode": "catmullrom"
						},
						"0.4583": {
							"post": [-10, 0, 0],
							"lerp_mode": "catmullrom"
						},
						"0.7917": {
							"post": [0, 0, 0],
							"lerp_mode": "catmullrom"
						}
					}
				},
				"bone4": {
					"rotation": {
						"0.0": {
							"post": [0, 0, 50],
							"lerp_mode": "catmullrom"
						},
						"0.5833": {
							"post": [0, -32.5, 50],
							"lerp_mode": "catmullrom"
						},
						"0.8333": {
							"post": [0, 7.5, 50],
							"lerp_mode": "catmullrom"
						},
						"0.9167": {
							"post": [0, -5, 50],
							"lerp_mode": "catmullrom"
						}
					}
				},
				"bone6": {
					"rotation": [-50, 0, 0]
				},
				"top_head": {
					"rotation": {
						"0.0": {
							"post": [10, 0, 0],
							"lerp_mode": "catmullrom"
						},
						"0.2917": {
							"post": [4.95744, -0.65182, 7.47178],
							"lerp_mode": "catmullrom"
						},
						"0.5833": {
							"post": [12.45744, -0.65182, 7.47178],
							"lerp_mode": "catmullrom"
						},
						"0.7917": {
							"post": [-7.54256, -0.65182, 7.47178],
							"lerp_mode": "catmullrom"
						},
						"0.9167": {
							"post": [-7.39438, -1.62804, 0.03403],
							"lerp_mode": "catmullrom"
						}
					}
				},
				"bone8": {
					"rotation": [0, 0, 0]
				},
				"front_leaf": {
					"rotation": [-15, 0, 0]
				},
				"right_vine": {
					"scale": [1, 0, 0]
				},
				"upper_half": {
					"rotation": {
						"0.0": {
							"post": [0, 0, 0],
							"lerp_mode": "catmullrom"
						},
						"0.2917": {
							"post": [-12.5, 0, 0],
							"lerp_mode": "catmullrom"
						},
						"0.6667": {
							"post": [15, 0, 0],
							"lerp_mode": "catmullrom"
						},
						"0.8333": {
							"post": [7.5, 0, 0],
							"lerp_mode": "catmullrom"
						}
					}
				},
				"left_vine": {
					"scale": [1, 0, 0]
				}
			}
		},
		"animation.wochien.faint": {
			"animation_length": 1.625,
			"bones": {
				"bone2": {
					"rotation": {
						"0.0": {
							"post": [0, 0, 0],
							"lerp_mode": "catmullrom"
						},
						"0.7083": {
							"post": [5, 0, 0],
							"lerp_mode": "catmullrom"
						},
						"1.625": {
							"post": [-2.5, 0, 0],
							"lerp_mode": "catmullrom"
						}
					}
				},
				"bone4": {
					"rotation": [0, 0, 50]
				},
				"bone6": {
					"rotation": [-50, 0, 0]
				},
				"top_head": {
					"rotation": {
						"0.0": {
							"post": [10, 0, 0],
							"lerp_mode": "catmullrom"
						},
						"0.25": {
							"post": [20, 0, 0],
							"lerp_mode": "catmullrom"
						},
						"1.2083": {
							"post": [-4.95744, -0.65182, -7.47178],
							"lerp_mode": "catmullrom"
						},
						"1.2917": {
							"post": [-9.24315, -0.65182, -7.47178],
							"lerp_mode": "catmullrom"
						},
						"1.3333": {
							"post": [-18.38601, -0.65182, -7.47178],
							"lerp_mode": "catmullrom"
						},
						"1.5": {
							"post": [32.54256, -0.65182, -7.47178],
							"lerp_mode": "catmullrom"
						},
						"1.5417": {
							"post": [27.54256, -0.65182, -7.47178],
							"lerp_mode": "catmullrom"
						},
						"1.5833": {
							"post": [32.54256, -0.65182, -7.47178],
							"lerp_mode": "catmullrom"
						}
					}
				},
				"right_eye": {
					"rotation": {
						"0.0": {
							"post": [0, 0, 0],
							"lerp_mode": "catmullrom"
						},
						"0.4167": {
							"post": [12.5, 0, 0],
							"lerp_mode": "catmullrom"
						},
						"1.25": {
							"post": [-17.5, 0, 0],
							"lerp_mode": "catmullrom"
						},
						"1.5": {
							"post": [25, 0, 0],
							"lerp_mode": "catmullrom"
						},
						"1.5833": {
							"post": [7.5, 0, 0],
							"lerp_mode": "catmullrom"
						}
					}
				},
				"left_eye": {
					"rotation": {
						"0.0": {
							"post": [0, 0, 0],
							"lerp_mode": "catmullrom"
						},
						"0.4167": {
							"post": [12.5, 0, 0],
							"lerp_mode": "catmullrom"
						},
						"1.25": {
							"post": [-17.5, 0, 0],
							"lerp_mode": "catmullrom"
						},
						"1.5": {
							"post": [25, 0, 0],
							"lerp_mode": "catmullrom"
						},
						"1.5833": {
							"post": [7.5, 0, 0],
							"lerp_mode": "catmullrom"
						}
					}
				},
				"bone8": {
					"rotation": {
						"0.0": {
							"post": [0, 0, 0],
							"lerp_mode": "catmullrom"
						},
						"1.3333": {
							"post": [-4.27374, -0.37355, -4.98606],
							"lerp_mode": "catmullrom"
						},
						"1.625": {
							"post": [12.5, 0, 0],
							"lerp_mode": "catmullrom"
						}
					}
				},
				"front_leaf": {
					"rotation": {
						"0.0": {
							"post": [-15, 0, 0],
							"lerp_mode": "catmullrom"
						}
					}
				},
				"right_vine": {
					"scale": [1, 0, 0]
				},
				"upper_half": {
					"rotation": {
						"0.0": {
							"post": [0, 0, 0],
							"lerp_mode": "catmullrom"
						},
						"0.3333": {
							"post": [2.5, 0, 0],
							"lerp_mode": "catmullrom"
						},
						"0.875": {
							"post": [-9.99067, -0.43399, -2.46207],
							"lerp_mode": "catmullrom"
						},
						"1.25": {
							"post": [-9.91615, -1.29876, -7.38733],
							"lerp_mode": "catmullrom"
						},
						"1.5": {
							"post": [42.5, 0, -5],
							"lerp_mode": "catmullrom"
						},
						"1.5417": {
							"post": [35, 0, -5],
							"lerp_mode": "catmullrom"
						}
					}
				},
				"left_eye_closed": {
					"scale": {
						"0.0": {
							"post": [1, 0, 0],
							"lerp_mode": "catmullrom"
						},
						"0.4167": {
							"post": [1, 0, 0],
							"lerp_mode": "catmullrom"
						},
						"0.4583": {
							"post": [1, 1, 1],
							"lerp_mode": "catmullrom"
						}
					}
				},
				"right_eye_closed": {
					"scale": {
						"0.0": {
							"post": [1, 0, 0],
							"lerp_mode": "catmullrom"
						},
						"0.4167": {
							"post": [1, 0, 0],
							"lerp_mode": "catmullrom"
						},
						"0.4583": {
							"post": [1, 1, 1],
							"lerp_mode": "catmullrom"
						}
					}
				},
				"left_vine": {
					"scale": [1, 0, 0]
				},
				"leaves_front": {
					"rotation": {
						"0.0": [-5, 0, 0],
						"1.0417": [-49.87, 0, 0],
						"1.625": [-75, 0, 0]
					}
				}
			}
		},
		"animation.wochien.ground_walk": {
			"loop": true,
			"animation_length": 1.4258,
			"bones": {
				"main_half": {
					"rotation": {
						"0.0": {
							"post": [2.5, 0, 0],
							"lerp_mode": "catmullrom"
						},
						"0.7101": {
							"post": [0, 0, 0],
							"lerp_mode": "catmullrom"
						},
						"1.4201": {
							"post": [2.5, 0, 0],
							"lerp_mode": "catmullrom"
						}
					}
				},
				"backhalf": {
					"rotation": {
						"0.0": {
							"post": [-5, 0, 0],
							"lerp_mode": "catmullrom"
						},
						"0.6509": {
							"post": [0, 0, 0],
							"lerp_mode": "catmullrom"
						},
						"1.4201": {
							"post": [-5, 0, 0],
							"lerp_mode": "catmullrom"
						}
					}
				},
				"bone4": {
					"rotation": {
						"0.0": {
							"post": [0, 0, 60],
							"lerp_mode": "catmullrom"
						},
						"0.9467": {
							"post": [0, -7, 65],
							"lerp_mode": "catmullrom"
						},
						"1.4201": {
							"post": [0, 0, 60],
							"lerp_mode": "catmullrom"
						}
					}
				},
				"bone6": {
					"rotation": {
						"0.0": {
							"post": [-30.5, 0, 0],
							"lerp_mode": "catmullrom"
						},
						"0.7692": {
							"post": [-33.5, 0, 0],
							"lerp_mode": "catmullrom"
						},
						"1.4201": {
							"post": [-30.5, 0, 0],
							"lerp_mode": "catmullrom"
						}
					},
					"position": [0, 0.25, 0]
				},
				"top_head": {
					"rotation": {
						"0.0": {
							"post": [13.5, 0, 0],
							"lerp_mode": "catmullrom"
						},
						"0.7101": {
							"post": [18, 0, 0],
							"lerp_mode": "catmullrom"
						},
						"1.4201": {
							"post": [13.5, 0, 0],
							"lerp_mode": "catmullrom"
						}
					}
				},
				"right_eye": {
					"rotation": {
						"0.0": {
							"post": [0, 0, 0],
							"lerp_mode": "catmullrom"
						},
						"0.7692": {
							"post": [-7.5, 0, 0],
							"lerp_mode": "catmullrom"
						},
						"1.4201": {
							"post": [0, 0, 0],
							"lerp_mode": "catmullrom"
						}
					}
				},
				"left_eye": {
					"rotation": {
						"0.0": {
							"post": [0, 0, 0],
							"lerp_mode": "catmullrom"
						},
						"0.7692": {
							"post": [-7.5, 0, 0],
							"lerp_mode": "catmullrom"
						},
						"1.4201": {
							"post": [0, 0, 0],
							"lerp_mode": "catmullrom"
						}
					}
				},
				"bone8": {
					"rotation": {
						"0.0": {
							"post": [-5, 0, 0],
							"lerp_mode": "catmullrom"
						}
					}
				},
				"front_leaf": {
					"rotation": {
						"0.0": {
							"post": [-15, 0, 0],
							"lerp_mode": "catmullrom"
						},
						"0.4734": {
							"post": [-12, 0, 0],
							"lerp_mode": "catmullrom"
						},
						"1.4201": {
							"post": [-15, 0, 0],
							"lerp_mode": "catmullrom"
						}
					}
				},
				"right_vine": {
					"scale": [1, 0, 0]
				},
				"upper_half": {
					"rotation": {
						"0.0": {
							"post": [0, 0, 0],
							"lerp_mode": "catmullrom"
						},
						"0.6509": {
							"post": [2.5, 0, 0],
							"lerp_mode": "catmullrom"
						},
						"1.4201": {
							"post": [0, 0, 0],
							"lerp_mode": "catmullrom"
						}
					}
				},
				"left_vine": {
					"scale": [1, 0, 0]
				},
				"leaves_front": {
					"rotation": {
						"0.0": {
							"post": [-17, 0, 0],
							"lerp_mode": "catmullrom"
						},
						"0.9467": {
							"post": [-12, 0, 0],
							"lerp_mode": "catmullrom"
						},
						"1.4201": {
							"post": [-17, 0, 0],
							"lerp_mode": "catmullrom"
						}
					}
				}
			}
		},
		"animation.wochien.ground_run": {
			"loop": true,
			"animation_length": 0.8856,
			"bones": {
				"main_half": {
					"rotation": {
						"0.0": {
							"post": [2.5, 0, 0],
							"lerp_mode": "catmullrom"
						},
						"0.441": {
							"post": [0, 0, 0],
							"lerp_mode": "catmullrom"
						},
						"0.882": {
							"post": [2.5, 0, 0],
							"lerp_mode": "catmullrom"
						}
					}
				},
				"backhalf": {
					"rotation": {
						"0.0": {
							"post": [-5, 0, 0],
							"lerp_mode": "catmullrom"
						},
						"0.4043": {
							"post": [0, 0, 0],
							"lerp_mode": "catmullrom"
						},
						"0.882": {
							"post": [-5, 0, 0],
							"lerp_mode": "catmullrom"
						}
					}
				},
				"bone4": {
					"rotation": {
						"0.0": {
							"post": [0, 0, 60],
							"lerp_mode": "catmullrom"
						},
						"0.588": {
							"post": [0, -7, 65],
							"lerp_mode": "catmullrom"
						},
						"0.882": {
							"post": [0, 0, 60],
							"lerp_mode": "catmullrom"
						}
					}
				},
				"bone6": {
					"rotation": {
						"0.0": {
							"post": [-30.5, 0, 0],
							"lerp_mode": "catmullrom"
						},
						"0.4778": {
							"post": [-33.5, 0, 0],
							"lerp_mode": "catmullrom"
						},
						"0.882": {
							"post": [-30.5, 0, 0],
							"lerp_mode": "catmullrom"
						}
					},
					"position": [0, 0.25, 0]
				},
				"top_head": {
					"rotation": {
						"0.0": {
							"post": [13.5, 0, 0],
							"lerp_mode": "catmullrom"
						},
						"0.441": {
							"post": [18, 0, 0],
							"lerp_mode": "catmullrom"
						},
						"0.882": {
							"post": [13.5, 0, 0],
							"lerp_mode": "catmullrom"
						}
					}
				},
				"right_eye": {
					"rotation": {
						"0.0": {
							"post": [0, 0, 0],
							"lerp_mode": "catmullrom"
						},
						"0.4778": {
							"post": [-7.5, 0, 0],
							"lerp_mode": "catmullrom"
						},
						"0.882": {
							"post": [0, 0, 0],
							"lerp_mode": "catmullrom"
						}
					}
				},
				"left_eye": {
					"rotation": {
						"0.0": {
							"post": [0, 0, 0],
							"lerp_mode": "catmullrom"
						},
						"0.4778": {
							"post": [-7.5, 0, 0],
							"lerp_mode": "catmullrom"
						},
						"0.882": {
							"post": [0, 0, 0],
							"lerp_mode": "catmullrom"
						}
					}
				},
				"bone8": {
					"rotation": {
						"0.0": {
							"post": [-5, 0, 0],
							"lerp_mode": "catmullrom"
						}
					}
				},
				"front_leaf": {
					"rotation": {
						"0.0": {
							"post": [-15, 0, 0],
							"lerp_mode": "catmullrom"
						},
						"0.294": {
							"post": [-12, 0, 0],
							"lerp_mode": "catmullrom"
						},
						"0.882": {
							"post": [-15, 0, 0],
							"lerp_mode": "catmullrom"
						}
					}
				},
				"right_vine": {
					"scale": [1, 0, 0]
				},
				"upper_half": {
					"rotation": {
						"0.0": {
							"post": [0, 0, 0],
							"lerp_mode": "catmullrom"
						},
						"0.4043": {
							"post": [2.5, 0, 0],
							"lerp_mode": "catmullrom"
						},
						"0.882": {
							"post": [0, 0, 0],
							"lerp_mode": "catmullrom"
						}
					}
				},
				"left_vine": {
					"scale": [1, 0, 0]
				},
				"leaves_front": {
					"rotation": {
						"0.0": {
							"post": [-17, 0, 0],
							"lerp_mode": "catmullrom"
						},
						"0.588": {
							"post": [-12, 0, 0],
							"lerp_mode": "catmullrom"
						},
						"0.882": {
							"post": [-17, 0, 0],
							"lerp_mode": "catmullrom"
						}
					}
				}
			}
		},
		"animation.wochien.ground_idle": {
			"loop": true,
			"animation_length": 2,
			"bones": {
				"bone2": {
					"rotation": {
						"0.0": {
							"post": [0, 0, 0],
							"lerp_mode": "catmullrom"
						},
						"1.0": {
							"post": [-2.5, 0, 0],
							"lerp_mode": "catmullrom"
						},
						"2.0": {
							"post": [0, 0, 0],
							"lerp_mode": "catmullrom"
						}
					}
				},
				"bone4": {
					"rotation": {
						"0.0": {
							"post": [0, 0, 60],
							"lerp_mode": "catmullrom"
						},
						"1.2083": {
							"post": [0, -5, 65],
							"lerp_mode": "catmullrom"
						},
						"2.0": {
							"post": [0, 0, 60],
							"lerp_mode": "catmullrom"
						}
					}
				},
				"bone5": {
					"rotation": {
						"0.0": {
							"post": [-4.14, 0, 0],
							"lerp_mode": "catmullrom"
						},
						"1.125": {
							"post": [7.5, 0, 0],
							"lerp_mode": "catmullrom"
						},
						"1.6667": {
							"post": [-6.64, 0, 0],
							"lerp_mode": "catmullrom"
						},
						"2.0": {
							"post": [-4.14, 0, 0],
							"lerp_mode": "catmullrom"
						}
					}
				},
				"bone6": {
					"rotation": {
						"0.0": {
							"post": [-25, 0, 0],
							"lerp_mode": "catmullrom"
						},
						"0.7917": {
							"post": [-33, 0, 0],
							"lerp_mode": "catmullrom"
						},
						"2.0": {
							"post": [-25, 0, 0],
							"lerp_mode": "catmullrom"
						}
					}
				},
				"top_head": {
					"rotation": {
						"0.0": {
							"post": [10, 0, 0],
							"lerp_mode": "catmullrom"
						},
						"1.0": {
							"post": [13, 0, 0],
							"lerp_mode": "catmullrom"
						},
						"2.0": {
							"post": [10, 0, 0],
							"lerp_mode": "catmullrom"
						}
					}
				},
				"right_eye": {
					"rotation": {
						"0.0": {
							"post": [0, 0, 0],
							"lerp_mode": "catmullrom"
						},
						"1.0833": {
							"post": [-7.5, 0, 0],
							"lerp_mode": "catmullrom"
						},
						"2.0": {
							"post": [0, 0, 0],
							"lerp_mode": "catmullrom"
						}
					}
				},
				"left_eye": {
					"rotation": {
						"0.0": {
							"post": [0, 0, 0],
							"lerp_mode": "catmullrom"
						},
						"1.0833": {
							"post": [-7.5, 0, 0],
							"lerp_mode": "catmullrom"
						},
						"2.0": {
							"post": [0, 0, 0],
							"lerp_mode": "catmullrom"
						}
					}
				},
				"bone8": {
					"rotation": [0, 0, 0]
				},
				"front_leaf": {
					"rotation": {
						"0.0": {
							"post": [-15, 0, 0],
							"lerp_mode": "catmullrom"
						},
						"0.7917": {
							"post": [-13.25, 0, 0],
							"lerp_mode": "catmullrom"
						},
						"1.5417": {
							"post": [-20, 0, 0],
							"lerp_mode": "catmullrom"
						},
						"2.0": {
							"post": [-15, 0, 0],
							"lerp_mode": "catmullrom"
						}
					}
				},
				"right_vine": {
					"scale": {
						"0.0": {
							"post": [1, 0, 0],
							"lerp_mode": "catmullrom"
						}
					}
				},
				"upper_half": {
					"rotation": {
						"0.0": {
							"post": [0, 0, 0],
							"lerp_mode": "catmullrom"
						},
						"0.9167": {
							"post": [2.5, 0, 0],
							"lerp_mode": "catmullrom"
						},
						"2.0": {
							"post": [0, 0, 0],
							"lerp_mode": "catmullrom"
						}
					}
				},
				"left_vine": {
					"scale": {
						"0.0": {
							"post": [1, 0, 0],
							"lerp_mode": "catmullrom"
						}
					}
				},
				"leaves_front": {
					"rotation": {
						"0.0": {
							"post": [-10, 0, 0],
							"lerp_mode": "catmullrom"
						},
						"0.625": {
							"post": [-13.25, 0, 0],
							"lerp_mode": "catmullrom"
						},
						"1.2083": {
							"post": [-17, 0, 0],
							"lerp_mode": "catmullrom"
						},
						"2.0": {
							"post": [-10, 0, 0],
							"lerp_mode": "catmullrom"
						}
					}
				},
				"left_eye_leaf": {
					"rotation": {
						"0.0": [0, 0, 0],
						"1.0": [-14.97079, -3.53821, 6.12088],
						"2.0": [0, 0, 0]
					}
				},
				"right_eye_leaf": {
					"rotation": {
						"0.0": [0, 0, 0],
						"1.0": [-5, 5, 6],
						"2.0": [0, 0, 0]
					}
				}
			}
		},
		"animation.wochien.physical": {
			"animation_length": 2.5,
			"bones": {
				"wo_chien": {
					"position": {
						"0.0": {
							"post": [0, 0, 0],
							"lerp_mode": "catmullrom"
						},
						"1.25": {
							"post": [0, 0, 3],
							"lerp_mode": "catmullrom"
						},
						"1.5833": {
							"post": [0, 0, -3],
							"lerp_mode": "catmullrom"
						},
						"1.7917": {
							"post": [0, 0, 0],
							"lerp_mode": "catmullrom"
						}
					}
				},
				"bone2": {
					"rotation": {
						"0.0": {
							"post": [0, 0, 0],
							"lerp_mode": "catmullrom"
						},
						"1.2917": {
							"post": [-5, 0, 0],
							"lerp_mode": "catmullrom"
						},
						"2.0417": {
							"post": [0, 0, 0],
							"lerp_mode": "catmullrom"
						}
					}
				},
				"bone4": {
					"rotation": {
						"0.0": {
							"post": [0, 0, 50],
							"lerp_mode": "catmullrom"
						},
						"1.0833": {
							"post": [0, -17.5, 50],
							"lerp_mode": "catmullrom"
						},
						"1.75": {
							"post": [0.7522, -2.38422, 32.48435],
							"lerp_mode": "catmullrom"
						},
						"2.0417": {
							"post": [-0.21803, -2.49048, 55.00474],
							"lerp_mode": "catmullrom"
						},
						"2.5": {
							"post": [0, 0, 50],
							"lerp_mode": "catmullrom"
						}
					}
				},
				"bone5": {
					"rotation": {
						"0.0": {
							"post": [0, 0, 0],
							"lerp_mode": "catmullrom"
						},
						"0.5417": {
							"post": [40, 0, 0],
							"lerp_mode": "catmullrom"
						},
						"1.4167": {
							"post": [-35, 0, 0],
							"lerp_mode": "catmullrom"
						},
						"1.7083": {
							"post": [11.56, 0, 0],
							"lerp_mode": "catmullrom"
						},
						"2.0": {
							"post": [-7.5, 0, 0],
							"lerp_mode": "catmullrom"
						}
					}
				},
				"bone6": {
					"rotation": {
						"0.0": {
							"post": [-50, 0, 0],
							"lerp_mode": "catmullrom"
						},
						"0.7083": {
							"post": [-40, 0, 0],
							"lerp_mode": "catmullrom"
						},
						"1.375": {
							"post": [-60, 0, 0],
							"lerp_mode": "catmullrom"
						},
						"1.875": {
							"post": [-40, 0, 0],
							"lerp_mode": "catmullrom"
						}
					}
				},
				"top_head": {
					"rotation": {
						"0.0": {
							"post": [10, 0, 0],
							"lerp_mode": "catmullrom"
						},
						"0.5417": {
							"post": [15, 0, 0],
							"lerp_mode": "catmullrom"
						},
						"1.4583": {
							"post": [2.5, 0, 0],
							"lerp_mode": "catmullrom"
						},
						"1.75": {
							"post": [12.5, 0, 0],
							"lerp_mode": "catmullrom"
						},
						"2.5": {
							"post": [10, 0, 0],
							"lerp_mode": "catmullrom"
						}
					}
				},
				"right_eye": {
					"rotation": {
						"0.0": {
							"post": [0, 0, 0],
							"lerp_mode": "catmullrom"
						},
						"0.7083": {
							"post": [12.5, 0, 0],
							"lerp_mode": "catmullrom"
						},
						"1.4583": {
							"post": [-17.5, 0, 0],
							"lerp_mode": "catmullrom"
						},
						"1.625": {
							"post": [20.45, 0, 0],
							"lerp_mode": "catmullrom"
						},
						"1.9167": {
							"post": [-2.5, 0, 0],
							"lerp_mode": "catmullrom"
						}
					}
				},
				"left_eye": {
					"rotation": {
						"0.0": {
							"post": [0, 0, 0],
							"lerp_mode": "catmullrom"
						},
						"0.7083": {
							"post": [12.5, 0, 0],
							"lerp_mode": "catmullrom"
						},
						"1.4583": {
							"post": [-17.5, 0, 0],
							"lerp_mode": "catmullrom"
						},
						"1.625": {
							"post": [20.45, 0, 0],
							"lerp_mode": "catmullrom"
						},
						"1.9167": {
							"post": [-2.5, 0, 0],
							"lerp_mode": "catmullrom"
						}
					}
				},
				"bone8": {
					"rotation": {
						"0.0": {
							"post": [0, 0, 0],
							"lerp_mode": "catmullrom"
						},
						"0.4583": {
							"post": [5, 0, 0],
							"lerp_mode": "catmullrom"
						},
						"1.3333": {
							"post": [17.5, 0, 0],
							"lerp_mode": "catmullrom"
						},
						"1.6667": {
							"post": [-3, 0, 0],
							"lerp_mode": "catmullrom"
						},
						"2.0833": {
							"post": [-5, 0, 0],
							"lerp_mode": "catmullrom"
						},
						"2.5": {
							"post": [0, 0, 0],
							"lerp_mode": "catmullrom"
						}
					}
				},
				"front_leaf": {
					"rotation": {
						"0.0": {
							"post": [-15, 0, 0],
							"lerp_mode": "catmullrom"
						},
						"0.625": {
							"post": [-7.5, 0, 0],
							"lerp_mode": "catmullrom"
						},
						"1.4583": {
							"post": [-75, 0, 0],
							"lerp_mode": "catmullrom"
						},
						"1.7083": {
							"post": [-5, 0, 0],
							"lerp_mode": "catmullrom"
						},
						"1.9167": {
							"post": [-15, 0, 0],
							"lerp_mode": "catmullrom"
						}
					},
					"position": {
						"0.0": [0, 0, 0],
						"0.625": [0, -0.3, 0]
					}
				},
				"right_vine": {
					"rotation": {
						"0.0": {
							"post": [0, 0, 0],
							"lerp_mode": "catmullrom"
						},
						"0.7083": {
							"post": [0, 0, 0],
							"lerp_mode": "catmullrom"
						},
						"0.8333": {
							"post": [32.5, 0, 0],
							"lerp_mode": "catmullrom"
						},
						"1.125": {
							"post": [30, 0, 0],
							"lerp_mode": "catmullrom"
						},
						"1.25": {
							"post": [-37.5, 0, 0],
							"lerp_mode": "catmullrom"
						},
						"1.4583": {
							"post": [-36.54514, -9.06524, -12.0012],
							"lerp_mode": "catmullrom"
						},
						"1.5833": {
							"post": [26.67298, 15.67819, 0.11527],
							"lerp_mode": "catmullrom"
						},
						"1.625": {
							"post": [31.67298, 15.67819, 0.11527],
							"lerp_mode": "catmullrom"
						},
						"1.75": {
							"post": [29.17298, 15.67819, 0.11527],
							"lerp_mode": "catmullrom"
						},
						"1.7917": {
							"post": [4.02379, 3.20989, -0.78858],
							"lerp_mode": "catmullrom"
						}
					},
					"position": {
						"0.0": {
							"post": [0, -2, 37],
							"lerp_mode": "catmullrom"
						},
						"0.4583": {
							"post": [0, -0.72, 14.05],
							"lerp_mode": "catmullrom"
						},
						"0.75": {
							"post": [0, 0, 1],
							"lerp_mode": "catmullrom"
						},
						"1.75": {
							"post": [0, 0, 1],
							"lerp_mode": "catmullrom"
						},
						"1.9583": {
							"post": [0, 0, 28],
							"lerp_mode": "catmullrom"
						},
						"2.0417": {
							"post": [0, 0, 29],
							"lerp_mode": "catmullrom"
						}
					},
					"scale": {
						"0.0": [1, 1, 1],
						"1.9167": [1, 1, 1],
						"2.0417": [1, 0, 0]
					}
				},
				"right_vine2": {
					"rotation": {
						"0.0": {
							"post": [0, 0, 0],
							"lerp_mode": "catmullrom"
						},
						"0.5": {
							"post": [0, 0, 0],
							"lerp_mode": "catmullrom"
						},
						"0.625": {
							"post": [45, 0, 0],
							"lerp_mode": "catmullrom"
						},
						"0.8333": {
							"post": [-55, 0, 0],
							"lerp_mode": "catmullrom"
						},
						"1.5417": {
							"post": [-10, 0, 0],
							"lerp_mode": "catmullrom"
						},
						"1.75": {
							"post": [-12.5, 0, 0],
							"lerp_mode": "catmullrom"
						}
					}
				},
				"right_vine3": {
					"rotation": {
						"0.0": {
							"post": [0, 0, 0],
							"lerp_mode": "catmullrom"
						},
						"0.3333": {
							"post": [0, 0, 0],
							"lerp_mode": "catmullrom"
						},
						"0.4583": {
							"post": [40.19778, 15.06359, 7.03868],
							"lerp_mode": "catmullrom"
						},
						"0.7083": {
							"post": [-70.40439, -10.39035, -11.64677],
							"lerp_mode": "catmullrom"
						},
						"1.3333": {
							"post": [-70.40439, -10.39035, -11.64677],
							"lerp_mode": "catmullrom"
						},
						"1.5417": {
							"post": [7.09561, -10.39035, -11.64677],
							"lerp_mode": "catmullrom"
						},
						"1.75": {
							"post": [4.59561, -10.39035, -11.64677],
							"lerp_mode": "catmullrom"
						},
						"1.8333": {
							"post": [19.59561, -10.39035, -11.64677],
							"lerp_mode": "catmullrom"
						}
					}
				},
				"right_vine4": {
					"rotation": {
						"0.0": {
							"post": [0, 0, 0],
							"lerp_mode": "catmullrom"
						},
						"0.2083": {
							"post": [0, 0, 0],
							"lerp_mode": "catmullrom"
						},
						"0.3333": {
							"post": [40, 0, 0],
							"lerp_mode": "catmullrom"
						},
						"0.5417": {
							"post": [-77.5, 0, 0],
							"lerp_mode": "catmullrom"
						},
						"0.8333": {
							"post": [-40, 0, 0],
							"lerp_mode": "catmullrom"
						},
						"1.3333": {
							"post": [-40, 0, 0],
							"lerp_mode": "catmullrom"
						},
						"1.5417": {
							"post": [5, 0, 0],
							"lerp_mode": "catmullrom"
						},
						"1.6667": {
							"post": [-30, 0, 0],
							"lerp_mode": "catmullrom"
						},
						"1.75": {
							"post": [-30, 0, 0],
							"lerp_mode": "catmullrom"
						},
						"1.875": {
							"post": [0, 0, 0],
							"lerp_mode": "catmullrom"
						}
					}
				},
				"right_vine5": {
					"rotation": {
						"0.0": {
							"post": [0, 0, 0],
							"lerp_mode": "catmullrom"
						},
						"0.25": {
							"post": [35, 0, 0],
							"lerp_mode": "catmullrom"
						},
						"0.4167": {
							"post": [-45, 0, 0],
							"lerp_mode": "catmullrom"
						},
						"1.0": {
							"post": [85, 0, 0],
							"lerp_mode": "catmullrom"
						},
						"1.2083": {
							"post": [85, 0, 0],
							"lerp_mode": "catmullrom"
						},
						"1.375": {
							"post": [-62.5, 0, 0],
							"lerp_mode": "catmullrom"
						},
						"1.5417": {
							"post": [15, 0, 0],
							"lerp_mode": "catmullrom"
						},
						"1.6667": {
							"post": [-35, 0, 0],
							"lerp_mode": "catmullrom"
						},
						"1.75": {
							"post": [-35, 0, 0],
							"lerp_mode": "catmullrom"
						},
						"1.9167": {
							"post": [-2.5, 0, 0],
							"lerp_mode": "catmullrom"
						}
					}
				},
				"right_vine6": {
					"rotation": {
						"0.0": {
							"post": [0, 0, 0],
							"lerp_mode": "catmullrom"
						},
						"0.8333": {
							"post": [62.5, 0, 0],
							"lerp_mode": "catmullrom"
						},
						"1.125": {
							"post": [62.5, 0, 0],
							"lerp_mode": "catmullrom"
						},
						"1.375": {
							"post": [-35, 0, 0],
							"lerp_mode": "catmullrom"
						},
						"1.5417": {
							"post": [15, 0, 0],
							"lerp_mode": "catmullrom"
						},
						"1.5833": {
							"post": [-37.5, 0, 0],
							"lerp_mode": "catmullrom"
						},
						"1.6667": {
							"post": [-37.5, 0, 0],
							"lerp_mode": "catmullrom"
						}
					}
				},
				"upper_half": {
					"rotation": {
						"0.0": {
							"post": [0, 0, 0],
							"lerp_mode": "catmullrom"
						},
						"0.4583": {
							"post": [5, 0, 0],
							"lerp_mode": "catmullrom"
						},
						"1.3333": {
							"post": [-12.5, 0, 0],
							"lerp_mode": "catmullrom"
						},
						"1.5833": {
							"post": [12.5, 0, 0],
							"lerp_mode": "catmullrom"
						},
						"2.5": {
							"post": [0, 0, 0],
							"lerp_mode": "catmullrom"
						}
					}
				},
				"left_vine": {
					"rotation": {
						"0.0": {
							"post": [0, 0, 0],
							"lerp_mode": "catmullrom"
						},
						"0.7083": {
							"post": [0, 0, 0],
							"lerp_mode": "catmullrom"
						},
						"0.8333": {
							"post": [32.5, 0, 0],
							"lerp_mode": "catmullrom"
						},
						"1.125": {
							"post": [30, 0, 0],
							"lerp_mode": "catmullrom"
						},
						"1.25": {
							"post": [-37.5, 0, 0],
							"lerp_mode": "catmullrom"
						},
						"1.4583": {
							"post": [-36.54514, 9.06524, 12.0012],
							"lerp_mode": "catmullrom"
						},
						"1.625": {
							"post": [26.67298, -15.67819, -0.11527],
							"lerp_mode": "catmullrom"
						},
						"1.75": {
							"post": [29.17298, -15.67819, -0.11527],
							"lerp_mode": "catmullrom"
						},
						"1.7917": {
							"post": [4.02379, -3.20989, 0.78858],
							"lerp_mode": "catmullrom"
						}
					},
					"position": {
						"0.0": {
							"post": [0, -2, 37],
							"lerp_mode": "catmullrom"
						},
						"0.4583": {
							"post": [0, -0.72, 14.05],
							"lerp_mode": "catmullrom"
						},
						"0.75": {
							"post": [0, 0, 1],
							"lerp_mode": "catmullrom"
						},
						"1.75": {
							"post": [0, 0, 1],
							"lerp_mode": "catmullrom"
						},
						"1.9583": {
							"post": [0, 0, 28],
							"lerp_mode": "catmullrom"
						},
						"2.0417": {
							"post": [0, 0, 29],
							"lerp_mode": "catmullrom"
						}
					},
					"scale": {
						"0.0": [1, 1, 1],
						"1.9167": [1, 1, 1],
						"2.0417": [1, 0, 0]
					}
				},
				"left_vine2": {
					"rotation": {
						"0.0": {
							"post": [0, 0, 0],
							"lerp_mode": "catmullrom"
						},
						"0.5": {
							"post": [0, 0, 0],
							"lerp_mode": "catmullrom"
						},
						"0.625": {
							"post": [45, 0, 0],
							"lerp_mode": "catmullrom"
						},
						"0.8333": {
							"post": [-55, 0, 0],
							"lerp_mode": "catmullrom"
						},
						"1.5417": {
							"post": [-10, 0, 0],
							"lerp_mode": "catmullrom"
						},
						"1.75": {
							"post": [-12.5, 0, 0],
							"lerp_mode": "catmullrom"
						}
					}
				},
				"left_vine3": {
					"rotation": {
						"0.0": {
							"post": [0, 0, 0],
							"lerp_mode": "catmullrom"
						},
						"0.3333": {
							"post": [0, 0, 0],
							"lerp_mode": "catmullrom"
						},
						"0.4583": {
							"post": [40.19778, -15.06359, -7.03868],
							"lerp_mode": "catmullrom"
						},
						"0.7083": {
							"post": [-70.40439, 10.39035, 11.64677],
							"lerp_mode": "catmullrom"
						},
						"1.3333": {
							"post": [-70.40439, 10.39035, 11.64677],
							"lerp_mode": "catmullrom"
						},
						"1.5417": {
							"post": [7.09561, 10.39035, 11.64677],
							"lerp_mode": "catmullrom"
						},
						"1.75": {
							"post": [4.59561, 10.39035, 11.64677],
							"lerp_mode": "catmullrom"
						},
						"1.8333": {
							"post": [19.59561, 10.39035, 11.64677],
							"lerp_mode": "catmullrom"
						}
					}
				},
				"left_vine4": {
					"rotation": {
						"0.0": {
							"post": [0, 0, 0],
							"lerp_mode": "catmullrom"
						},
						"0.2083": {
							"post": [0, 0, 0],
							"lerp_mode": "catmullrom"
						},
						"0.3333": {
							"post": [40, 0, 0],
							"lerp_mode": "catmullrom"
						},
						"0.5417": {
							"post": [-77.5, 0, 0],
							"lerp_mode": "catmullrom"
						},
						"0.8333": {
							"post": [-40, 0, 0],
							"lerp_mode": "catmullrom"
						},
						"1.3333": {
							"post": [-40, 0, 0],
							"lerp_mode": "catmullrom"
						},
						"1.5417": {
							"post": [5, 0, 0],
							"lerp_mode": "catmullrom"
						},
						"1.6667": {
							"post": [-30, 0, 0],
							"lerp_mode": "catmullrom"
						},
						"1.75": {
							"post": [-30, 0, 0],
							"lerp_mode": "catmullrom"
						},
						"1.875": {
							"post": [0, 0, 0],
							"lerp_mode": "catmullrom"
						}
					}
				},
				"left_vine5": {
					"rotation": {
						"0.0": {
							"post": [0, 0, 0],
							"lerp_mode": "catmullrom"
						},
						"0.25": {
							"post": [35, 0, 0],
							"lerp_mode": "catmullrom"
						},
						"0.4167": {
							"post": [-45, 0, 0],
							"lerp_mode": "catmullrom"
						},
						"1.0": {
							"post": [85, 0, 0],
							"lerp_mode": "catmullrom"
						},
						"1.2083": {
							"post": [85, 0, 0],
							"lerp_mode": "catmullrom"
						},
						"1.375": {
							"post": [-62.5, 0, 0],
							"lerp_mode": "catmullrom"
						},
						"1.5417": {
							"post": [15, 0, 0],
							"lerp_mode": "catmullrom"
						},
						"1.6667": {
							"post": [-35, 0, 0],
							"lerp_mode": "catmullrom"
						},
						"1.75": {
							"post": [-35, 0, 0],
							"lerp_mode": "catmullrom"
						},
						"1.9167": {
							"post": [-2.5, 0, 0],
							"lerp_mode": "catmullrom"
						}
					}
				},
				"left_vine6": {
					"rotation": {
						"0.0": {
							"post": [0, 0, 0],
							"lerp_mode": "catmullrom"
						},
						"0.8333": {
							"post": [62.5, 0, 0],
							"lerp_mode": "catmullrom"
						},
						"1.125": {
							"post": [62.5, 0, 0],
							"lerp_mode": "catmullrom"
						},
						"1.375": {
							"post": [-35, 0, 0],
							"lerp_mode": "catmullrom"
						},
						"1.5417": {
							"post": [15, 0, 0],
							"lerp_mode": "catmullrom"
						},
						"1.5833": {
							"post": [-37.5, 0, 0],
							"lerp_mode": "catmullrom"
						},
						"1.6667": {
							"post": [-37.5, 0, 0],
							"lerp_mode": "catmullrom"
						}
					}
				},
				"leaves_front": {
					"rotation": {
						"0.0": {
							"post": [-10, 0, 0],
							"lerp_mode": "catmullrom"
						},
						"0.5833": {
							"post": [-13, 0, 0],
							"lerp_mode": "catmullrom"
						},
						"1.2083": {
							"post": [-28, 0, 0],
							"lerp_mode": "catmullrom"
						},
						"1.5833": {
							"post": [-45, 0, 0],
							"lerp_mode": "catmullrom"
						},
						"2.0": {
							"post": [-5, 0, 0],
							"lerp_mode": "catmullrom"
						},
						"3.0": {
							"post": [0, 0, 0],
							"lerp_mode": "catmullrom"
						}
					}
				}
			}
		},
		"animation.wochien.blink": {
			"animation_length": 0.3333,
			"bones": {
				"right_vine": {
					"scale": [1, 0, 0]
				},
				"left_eye_closed": {
					"position": {
						"0.0": [0, 0, -0.027],
						"0.2917": [0, 0, -0.027],
						"0.3333": [0, 0, 0]
					}
				},
				"right_eye_closed": {
					"position": {
						"0.0": [0, 0, -0.027],
						"0.2917": [0, 0, -0.027],
						"0.3333": [0, 0, 0]
					}
				},
				"left_vine": {
					"scale": [1, 0, 0]
				}
			}
		},
		"animation.wochien.sleep": {
			"loop": true,
			"animation_length": 3.0303,
			"bones": {
				"bone2": {
					"rotation": {
						"0.0": {
							"post": [-2.5, 0, 0],
							"lerp_mode": "catmullrom"
						},
						"1.1995": {
							"post": [-0.96, 0, 0],
							"lerp_mode": "catmullrom"
						},
						"1.7045": {
							"post": [0, 0, 0],
							"lerp_mode": "catmullrom"
						},
						"3.0303": {
							"post": [-2.5, 0, 0],
							"lerp_mode": "catmullrom"
						}
					}
				},
				"bone4": {
					"rotation": {
						"0.0": {
							"post": [0, 0, 60],
							"lerp_mode": "catmullrom"
						},
						"1.8308": {
							"post": [0, -5, 65],
							"lerp_mode": "catmullrom"
						},
						"3.0303": {
							"post": [0, 0, 60],
							"lerp_mode": "catmullrom"
						}
					}
				},
				"bone5": {
					"rotation": {
						"0.0": {
							"post": [-4.14, 0, 0],
							"lerp_mode": "catmullrom"
						},
						"1.7045": {
							"post": [7.5, 0, 0],
							"lerp_mode": "catmullrom"
						},
						"2.5253": {
							"post": [-6.64, 0, 0],
							"lerp_mode": "catmullrom"
						},
						"3.0303": {
							"post": [-4.14, 0, 0],
							"lerp_mode": "catmullrom"
						}
					}
				},
				"bone6": {
					"rotation": {
						"0.0": {
							"post": [-25, 0, 0],
							"lerp_mode": "catmullrom"
						},
						"1.1995": {
							"post": [-33, 0, 0],
							"lerp_mode": "catmullrom"
						},
						"3.0303": {
							"post": [-25, 0, 0],
							"lerp_mode": "catmullrom"
						}
					},
					"position": [0, 0.65, 0]
				},
				"top_head": {
					"rotation": {
						"0.0": {
							"post": [20, 0, 0],
							"lerp_mode": "catmullrom"
						},
						"1.5152": {
							"post": [17.5, 0, 0],
							"lerp_mode": "catmullrom"
						},
						"3.0303": {
							"post": [20, 0, 0],
							"lerp_mode": "catmullrom"
						}
					}
				},
				"right_eye": {
					"rotation": {
						"0.0": {
							"post": [15.5, 0, 0],
							"lerp_mode": "catmullrom"
						},
						"1.6414": {
							"post": [5, 0, 0],
							"lerp_mode": "catmullrom"
						},
						"3.0303": {
							"post": [15.5, 0, 0],
							"lerp_mode": "catmullrom"
						}
					}
				},
				"left_eye": {
					"rotation": {
						"0.0": {
							"post": [15.5, 0, 0],
							"lerp_mode": "catmullrom"
						},
						"1.6414": {
							"post": [5, 0, 0],
							"lerp_mode": "catmullrom"
						},
						"3.0303": {
							"post": [15.5, 0, 0],
							"lerp_mode": "catmullrom"
						}
					}
				},
				"bone8": {
					"rotation": {
						"0.0": [10, 0, 0],
						"1.5152": [11, 0, 0],
						"3.0303": [10, 0, 0]
					},
					"position": [0, 0, 0.25]
				},
				"front_leaf": {
					"rotation": {
						"0.0": {
							"post": [-15, 0, 0],
							"lerp_mode": "catmullrom"
						},
						"1.1995": {
							"post": [-13.25, 0, 0],
							"lerp_mode": "catmullrom"
						},
						"2.3359": {
							"post": [-20, 0, 0],
							"lerp_mode": "catmullrom"
						},
						"3.0303": {
							"post": [-15, 0, 0],
							"lerp_mode": "catmullrom"
						}
					}
				},
				"right_vine": {
					"scale": {
						"0.0": {
							"post": [1, 0, 0],
							"lerp_mode": "catmullrom"
						}
					}
				},
				"upper_half": {
					"rotation": {
						"0.0": {
							"post": [10, 0, 0],
							"lerp_mode": "catmullrom"
						},
						"1.3889": {
							"post": [8, 0, 0],
							"lerp_mode": "catmullrom"
						},
						"3.0303": {
							"post": [10, 0, 0],
							"lerp_mode": "catmullrom"
						}
					}
				},
				"right_eye_closed": {
					"position": [0, 0, -0.027]
				},
				"left_eye_closed": {
					"position": [0, 0, -0.027]
				},
				"left_vine": {
					"scale": {
						"0.0": {
							"post": [1, 0, 0],
							"lerp_mode": "catmullrom"
						}
					}
				},
				"leaves_front": {
					"rotation": {
						"0.0": {
							"post": [-10, 0, 0],
							"lerp_mode": "catmullrom"
						},
						"0.947": {
							"post": [-13.25, 0, 0],
							"lerp_mode": "catmullrom"
						},
						"1.8308": {
							"post": [-17, 0, 0],
							"lerp_mode": "catmullrom"
						},
						"3.0303": {
							"post": [-10, 0, 0],
							"lerp_mode": "catmullrom"
						}
					}
				},
				"left_eye_leaf": {
					"rotation": {
						"0.0": [0, 0, 0],
						"1.5152": [-14.97079, -3.53821, 6.12088],
						"3.0303": [0, 0, 0]
					}
				},
				"right_eye_leaf": {
					"rotation": {
						"0.0": [0, 0, 0],
						"1.5152": [-5, 5, 6],
						"3.0303": [0, 0, 0]
					}
				}
			}
		}
	}
}