{
   "head": "head",
   "portraitScale": 2.5,
   "portraitTranslation": [-0.5, -1.7, 0],
   "profileScale": 0.8,
   "profileTranslation": [0, 0.5, 0],
   "animations": {
     "cry": "bedrock('pawmi', 'cry')",
     "recoil": "q.bedrock_stateful('pawmi', 'recoil')",
     "status": "q.bedrock_stateful('pawmi', 'cry', q.curve('symmetrical_wide'))"
   },
   "poses": {
     "battle-standing": {
       "poseTypes": ["STAND", "WALK"],
       "isBattle": true,
       "animations": [
         "q.bedrock('pawmi', 'ground_idle')"
       ],
       "quirks": [
         {
           "name": "blink",
           "animations": ["bedrock(pawmi, blink)"]
         }
       ]
     },
     "standing": {
       "poseTypes": ["STAND", "NONE", "PORTRAIT", "PROFILE"],
       "isBattle": false,
       "animations": [
         "q.bedrock('pawmi', 'ground_idle')"
       ],
       "quirks": [
         {
           "name": "blink",
           "animations": ["bedrock(pawmi, blink)"]
         }
       ]
     },
     "walking": {
       "poseTypes": ["WALK"],
       "animations": [
         "q.bedrock('pawmi', 'ground_walk')"
       ]
     },
     "float": {
       "poseTypes": ["FLOAT"],
       "animations": [
         "q.bedrock('pawmi', 'ground_walk')"
       ]
     },
     "swim": {
       "poseTypes": ["SWIM"],
       "animations": [
         "q.bedrock('pawmi', 'ground_walk')"
       ]
     },
     "sleep": {
       "poseTypes": ["SLEEP"],
       "animations": ["q.bedrock('pawmi', 'sleep')"]
     }
   }
 }