{
	"format_version": "1.8.0",
	"animations": {
		"animation.dialga.ground_idle": {
			"loop": true,
			"bones": {
				"body": {
					"position": [0, -1, 0]
				},
				"bone4": {
					"rotation": ["-7.5+math.sin(q.anim_time*90*1-90)*1", 0, 0]
				},
				"bone5": {
					"rotation": ["math.sin(q.anim_time*90*1-120)*2", 0, 0]
				},
				"bone21": {
					"rotation": ["12.5-math.sin(q.anim_time*90*1-30)*5", "0-math.sin(q.anim_time*90*1-60)*4", 0]
				},
				"bone22": {
					"rotation": ["15-math.sin(q.anim_time*90*1-82)*12", "0-math.sin(q.anim_time*90*1-130)*9", 0]
				},
				"bone23": {
					"rotation": ["10-math.sin(q.anim_time*90*1-123)*12", "0-math.sin(q.anim_time*90*1-177)*15", 0]
				},
				"bone24": {
					"rotation": ["12.5-math.sin(q.anim_time*90*1-200)*2", "0-math.sin(q.anim_time*90*1-210)*5", 0]
				},
				"leg_front_left": {
					"rotation": [-10.15932, 3.42732, "-9.1825-math.sin(q.anim_time*90*1)*3.5"],
					"position": [0, "-math.sin(q.anim_time*90*1)*1.5", 0]
				},
				"bone7": {
					"rotation": [7.32417, 1.61888, "10.1036195168-math.sin(q.anim_time*90*1)*1.5"]
				},
				"foot_front_left": {
					"rotation": ["10.9217+math.sin(q.anim_time*90*1)*3", "14.0723+math.sin(q.anim_time*90*1)*5", "40.0997+math.sin(q.anim_time*90*1)*6"]
				},
				"bone9": {
					"rotation": [-0.34815, "2.4756549449-math.sin(q.anim_time*90*1)*3", "-3.0075226715-math.sin(q.anim_time*90*1)*0.9"]
				},
				"leg_rear_left": {
					"rotation": [19.87169, 6.63452, "-4.9538-math.sin(q.anim_time*90*1)*5"],
					"position": [0, "-0.7-math.sin(q.anim_time*90*1)*3", 0]
				},
				"bone10": {
					"rotation": [-0.21332, 2.48141, "5.2125-math.sin(q.anim_time*90*1)*5+math.sin(q.anim_time*90*1)*4"]
				},
				"foot_rear_left": {
					"rotation": [
						"22.6614+math.sin(q.anim_time*90*1)*5-math.sin(q.anim_time*90*1)*5",
						"4.8721+math.sin(q.anim_time*90*1)*9-math.sin(q.anim_time*90*1)*5",
						"45.7166+math.sin(q.anim_time*90*1)*24-math.sin(q.anim_time*90*1)*14"
					]
				},
				"bone11": {
					"rotation": [
						-0.24152,
						"7.4962-math.sin(q.anim_time*90*1)*13+math.sin(q.anim_time*90*1)*7",
						"-2.0179-math.sin(q.anim_time*90*1)*7+math.sin(q.anim_time*90*1)*5"
					]
				},
				"head": {
					"rotation": ["15+math.sin(q.anim_time*90*1-120)*2", 0, 0]
				},
				"leg_rear_right": {
					"rotation": [12.5, 0, "2.25+math.sin(q.anim_time*90*1)*5.6"],
					"position": [0, "0.25-math.sin(q.anim_time*90*1)*3", 0]
				},
				"bone28": {
					"rotation": [-0.02604, 0.25916, "-6.4772+math.sin(q.anim_time*90*1)*2-math.sin(q.anim_time*90*1)*5"]
				},
				"foot_rear_right": {
					"rotation": [
						"25.1566-math.sin(q.anim_time*90*1)*5+math.sin(q.anim_time*90*1)*5",
						"2.6421-math.sin(q.anim_time*90*1)*5+math.sin(q.anim_time*90*1)*5",
						"-42.2751-math.sin(q.anim_time*90*1)*9+math.sin(q.anim_time*90*1)*3"
					]
				},
				"bone29": {
					"rotation": [-0.59875, "-11.4766+math.sin(q.anim_time*90*1)*-4-math.sin(q.anim_time*90*1)*-4", "4.5807+math.sin(q.anim_time*90*1)*4"]
				},
				"leg_front_right": {
					"rotation": [-8.70684, 2.9739, "8.943+math.sin(q.anim_time*90*1)*3.5"],
					"position": [0, "-math.sin(q.anim_time*90*1)*1.8", 0]
				},
				"bone13": {
					"rotation": [7.52832, -4.95712, "-13.1542+math.sin(q.anim_time*90*1)*2"]
				},
				"foot_front_right": {
					"rotation": ["10.2026-math.sin(q.anim_time*90*1)*0.6", "-8.0913-math.sin(q.anim_time*90*1)*3", "-35.2395-math.sin(q.anim_time*90*1)*9"]
				},
				"bone27": {
					"rotation": [1.4953, "-8.7076+math.sin(q.anim_time*90*1)*0.7", "5.1639+math.sin(q.anim_time*90*1)*2.5"]
				},
				"bone3": {
					"rotation": ["math.sin(q.anim_time*90*1-90)*0.9", 0, 0],
					"position": [0, "-math.sin(q.anim_time*90*1)*2", 0]
				},
				"neck": {
					"rotation": ["math.sin(q.anim_time*90*1-120)*1", 0, 0]
				},
				"bone20": {
					"rotation": ["0-math.sin(q.anim_time*90*1)*2", "0-math.sin(q.anim_time*90*1-20)*2", 0]
				},
				"torso": {
					"rotation": [0, 0, 0],
					"position": [0, 0, 0]
				}
			}
		},
		"animation.dialga.battle_idle": {
			"loop": true,
			"bones": {
				"body": {
					"position": [0, 0, -4]
				},
				"bone4": {
					"rotation": ["-2.5+math.sin(q.anim_time*90*1-90)*1", 0, 0]
				},
				"bone5": {
					"rotation": ["-5+math.sin(q.anim_time*90*1-90)*1", 0, 0]
				},
				"bone21": {
					"rotation": ["12.5-math.sin(q.anim_time*90*1-30)*5", "0-math.sin(q.anim_time*90*1-60)*4", 0]
				},
				"bone22": {
					"rotation": ["15-math.sin(q.anim_time*90*1-82)*12", "0-math.sin(q.anim_time*90*1-130)*9", 0]
				},
				"bone23": {
					"rotation": ["10-math.sin(q.anim_time*90*1-123)*12", "0-math.sin(q.anim_time*90*1-177)*15", 0]
				},
				"bone24": {
					"rotation": ["12.5-math.sin(q.anim_time*90*1-200)*2", "0-math.sin(q.anim_time*90*1-210)*5", 0]
				},
				"leg_front_left": {
					"rotation": [-7.01931, 22.06693, "-15.7281052931-math.sin(q.anim_time*90*1)*3.5"],
					"position": [0, "-10-math.sin(q.anim_time*90*1)*1.5", -3]
				},
				"bone7": {
					"rotation": [6.93488, 2.86313, 0.17352]
				},
				"foot_front_left": {
					"rotation": ["15.7895573483+math.sin(q.anim_time*90*1)*3", "8.203903996+math.sin(q.anim_time*90*1)*3", "64.8871604319+math.sin(q.anim_time*90*1)*4"]
				},
				"bone9": {
					"rotation": [-0.43458, "4.9489-math.sin(q.anim_time*90*1)*-2", "-6.531-math.sin(q.anim_time*90*1)*0.9"]
				},
				"leg_rear_left": {
					"rotation": [14.93455, -1.82698, "-2.9826354264-math.sin(q.anim_time*90*1)*6"],
					"position": [0, "0-math.sin(q.anim_time*90*1)*3.5", 0]
				},
				"bone10": {
					"rotation": [4.99527, -0.21782, 7.4905]
				},
				"foot_rear_left": {
					"rotation": [21.61564, 7.79703, "38.454401992+math.sin(q.anim_time*90*1)*22-math.sin(q.anim_time*90*1)*14"]
				},
				"bone11": {
					"rotation": [0, 10, "0-math.sin(q.anim_time*90*1)*7+math.sin(q.anim_time*90*1)*5"]
				},
				"bone3": {
					"rotation": ["7.5+math.sin(q.anim_time*90*1-90)*0.9", 0, 0],
					"position": [0, "-math.sin(q.anim_time*90*1)*2", 0]
				},
				"neck": {
					"rotation": ["math.sin(q.anim_time*90*1-90)*1", 0, 0]
				},
				"head": {
					"rotation": ["2.5+math.sin(q.anim_time*90*1-90)*3", 0, 0]
				},
				"jaw": {
					"rotation": ["10+math.sin(q.anim_time*90*1-90)*3", 0, 0]
				},
				"leg_rear_right": {
					"rotation": [0, 0, "0.5+math.sin(q.anim_time*90*1)*4.9"],
					"position": [0, "0-math.sin(q.anim_time*90*1)*3.5", 0]
				},
				"bone28": {
					"rotation": [10, 0, 0]
				},
				"foot_rear_right": {
					"rotation": [
						"12.4774158059-math.sin(q.anim_time*90*1)*5+math.sin(q.anim_time*90*1)*5",
						"0.7570896341-math.sin(q.anim_time*90*1)*5+math.sin(q.anim_time*90*1)*5",
						"-45.9172350069-math.sin(q.anim_time*90*1)*12+math.sin(q.anim_time*90*1)*4"
					]
				},
				"bone29": {
					"rotation": [0, "-10+math.sin(q.anim_time*90*1)*-4-math.sin(q.anim_time*90*1)*-4", "0+math.sin(q.anim_time*90*1)*3"]
				},
				"leg_front_right": {
					"rotation": [0, 0, "38+math.sin(q.anim_time*90*1)*3.5"],
					"position": [0, "-15-math.sin(q.anim_time*90*1)*1.8", 0]
				},
				"bone13": {
					"rotation": [-19.98247, -0.85481, -17.34941]
				},
				"foot_front_right": {
					"rotation": ["0-math.sin(q.anim_time*90*1)*0.6", "0-math.sin(q.anim_time*90*1)*1", "-70-math.sin(q.anim_time*90*1)*4"]
				},
				"bone27": {
					"rotation": [-1.88765, "-17.4010633357+math.sin(q.anim_time*90*1)*0.7", "6.2888950562+math.sin(q.anim_time*90*1)*1"]
				},
				"bone20": {
					"rotation": ["0-math.sin(q.anim_time*90*1)*2", "0-math.sin(q.anim_time*90*1-20)*2", 0]
				}
			}
		},
		"animation.dialga.special": {
			"animation_length": 2,
			"bones": {
				"body": {
					"position": {
						"0.0": [0, 0, -4],
						"0.1667": {
							"pre": [0, 0, -4],
							"post": [0, -2, -4]
						},
						"0.375": {
							"pre": [0, -2, -4],
							"post": [0, 0, -2]
						},
						"0.625": {
							"pre": [0, 0, -2],
							"post": [0, 0, -2]
						},
						"0.75": {
							"pre": [0, 0, -2],
							"post": [0, 0, -10]
						},
						"2.0": {
							"pre": [0, 0, -10],
							"post": [0, 0, -4]
						}
					}
				},
				"bone4": {
					"rotation": {
						"0.0": [-7.5, 0, 0],
						"0.2083": {
							"pre": [-7.5, 0, 0],
							"post": [10, 0, 0]
						},
						"0.375": {
							"pre": [10, 0, 0],
							"post": [-7.5, 0, 0]
						},
						"0.625": {
							"pre": [-7.5, 0, 0],
							"post": [-7.5, 0, 0]
						},
						"2.0": {
							"pre": [-7.5, 0, 0],
							"post": [-7.5, 0, 0]
						}
					}
				},
				"bone5": {
					"rotation": {
						"0.0": [-10, 0, 0],
						"0.2083": {
							"pre": [-10, 0, 0],
							"post": [-2.5, 0, 0]
						},
						"0.375": {
							"pre": [-2.5, 0, 0],
							"post": [-10, 0, 0]
						},
						"0.625": {
							"pre": [-10, 0, 0],
							"post": [-10, 0, 0]
						},
						"2.0": {
							"pre": [-10, 0, 0],
							"post": [-10, 0, 0]
						}
					}
				},
				"bone21": {
					"rotation": {
						"0.0": [12.5, 0, 0],
						"0.1667": {
							"pre": [12.5, 0, 0],
							"post": [15.14371, 34.05444, 8.61775]
						},
						"0.375": {
							"pre": [15.14371, 34.05444, 8.61775],
							"post": [12.60443, -7.32123, -1.63219]
						},
						"0.625": {
							"pre": [12.60443, -7.32123, -1.63219],
							"post": [12.6, -7.32, -1.63]
						},
						"2.0": {
							"pre": [12.6, -7.32, -1.63],
							"post": [12.5, 0, 0]
						}
					}
				},
				"bone22": {
					"rotation": {
						"0.0": [15, 0, 0],
						"0.1667": {
							"pre": [15, 0, 0],
							"post": [8.6454, 25.49066, -12.5408]
						},
						"0.375": {
							"pre": [8.6454, 25.49066, -12.5408],
							"post": [8.38804, -21.54279, -19.38385]
						},
						"0.625": {
							"pre": [8.38804, -21.54279, -19.38385],
							"post": [8.39, -21.54, -19.38]
						},
						"2.0": {
							"pre": [8.39, -21.54, -19.38],
							"post": [15, 0, 0]
						}
					}
				},
				"bone23": {
					"rotation": {
						"0.0": [10, 0, 0],
						"0.1667": {
							"pre": [10, 0, 0],
							"post": [27.5, 0, 0]
						},
						"0.375": {
							"pre": [27.5, 0, 0],
							"post": [28.62702, -15.46973, -8.28342]
						},
						"0.625": {
							"pre": [28.62702, -15.46973, -8.28342],
							"post": [28.63, -15.47, -8.28]
						},
						"2.0": {
							"pre": [28.63, -15.47, -8.28],
							"post": [10, 0, 0]
						}
					}
				},
				"bone24": {
					"rotation": {
						"0.0": [12.5, 0, 0],
						"0.1667": {
							"pre": [12.5, 0, 0],
							"post": [49.10661, 20.70481, 22.20765]
						},
						"0.375": {
							"pre": [49.10661, 20.70481, 22.20765],
							"post": [45.10922, -3.53329, -3.54002]
						},
						"0.625": {
							"pre": [45.10922, -3.53329, -3.54002],
							"post": [45.11, -3.53, -3.54]
						},
						"2.0": {
							"pre": [45.11, -3.53, -3.54],
							"post": [12.5, 0, 0]
						}
					}
				},
				"leg_front_left": {
					"rotation": {
						"0.0": [-7.01931, 22.06693, -15.72811],
						"0.1667": {
							"pre": [-7.01931, 22.06693, -15.72811],
							"post": [-15.4343, 26.94133, -28.47585]
						},
						"0.375": {
							"pre": [-15.4343, 26.94133, -28.47585],
							"post": [-1.00209, 16.45259, -5.49688]
						},
						"0.625": {
							"pre": [-1.00209, 16.45259, -5.49688],
							"post": [-1, 16.45, -5.5]
						},
						"0.75": {
							"pre": [-1, 16.45, -5.5],
							"post": [-14.78028, 26.64903, -27.52464]
						},
						"2.0": {
							"pre": [-14.78028, 26.64903, -27.52464],
							"post": [-7.01931, 22.06693, -15.72811]
						}
					},
					"position": {
						"0.0": [0, -10, -3],
						"0.1667": {
							"pre": [0, -10, -3],
							"post": [0, -14, -1]
						},
						"0.375": {
							"pre": [0, -14, -1],
							"post": [0, 3, -1]
						},
						"0.75": {
							"pre": [0, 3, -1],
							"post": [0, -13, -1]
						},
						"2.0": {
							"pre": [0, -13, -1],
							"post": [0, -10, -3]
						}
					}
				},
				"bone7": {
					"rotation": {
						"0.0": [6.93488, 2.86313, 0.17352],
						"0.375": {
							"pre": [6.93488, 2.86313, 0.17352],
							"post": [7.32417, 1.61888, 10.10362]
						},
						"2.0": {
							"pre": [7.32417, 1.61888, 10.10362],
							"post": [6.93488, 2.86313, 0.17352]
						}
					}
				},
				"foot_front_left": {
					"rotation": {
						"0.0": [15.78956, 8.2039, 64.88716],
						"0.1667": {
							"pre": [15.78956, 8.2039, 64.88716],
							"post": [16.69459, 6.10335, 72.14398]
						},
						"0.625": {
							"pre": [16.69459, 6.10335, 72.14398],
							"post": [16.69, 6.1, 72.14]
						},
						"0.75": {
							"pre": [16.69, 6.1, 72.14],
							"post": [15.64845, 8.47483, 63.91427]
						},
						"2.0": {
							"pre": [15.64845, 8.47483, 63.91427],
							"post": [15.78956, 8.2039, 64.88716]
						}
					}
				},
				"bone9": {
					"rotation": {
						"0.0": [-0.56698, 7.43564, -8.06142],
						"0.1667": {
							"pre": [-0.56698, 7.43564, -8.06142],
							"post": [-0.17485, 7.45507, -5.03597]
						},
						"0.625": {
							"pre": [-0.17485, 7.45507, -5.03597],
							"post": [-0.17, 7.46, -5.04]
						},
						"2.0": {
							"pre": [-0.17, 7.46, -5.04],
							"post": [-0.56698, 7.43564, -8.06142]
						}
					}
				},
				"leg_rear_left": {
					"rotation": {
						"0.0": [14.93455, -1.82698, -2.98264],
						"0.1667": {
							"pre": [14.93455, -1.82698, -2.98264],
							"post": [15.00282, -1.11655, -5.64018]
						},
						"0.375": {
							"pre": [15.00282, -1.11655, -5.64018],
							"post": [15.00384, 1.29825, -4.99304]
						},
						"0.625": {
							"pre": [15.00384, 1.29825, -4.99304],
							"post": [15, 1.3, -4.99]
						},
						"0.75": {
							"pre": [15, 1.3, -4.99],
							"post": [9.97839, -10.89918, -5.15646]
						},
						"2.0": {
							"pre": [9.97839, -10.89918, -5.15646],
							"post": [14.93455, -1.82698, -2.98264]
						}
					}
				},
				"bone10": {
					"rotation": {
						"0.0": [4.99527, -0.21782, 7.4905],
						"0.625": {
							"pre": [4.99527, -0.21782, 7.4905],
							"post": [5, -0.22, 7.49]
						},
						"2.0": {
							"pre": [5, -0.22, 7.49],
							"post": [4.99527, -0.21782, 7.4905]
						}
					}
				},
				"foot_rear_left": {
					"rotation": {
						"0.0": [21.61564, 7.79703, 38.4544],
						"0.1667": {
							"pre": [21.61564, 7.79703, 38.4544],
							"post": [22.17448, 5.93145, 43.12705]
						},
						"0.625": {
							"pre": [22.17448, 5.93145, 43.12705],
							"post": [22.17, 5.93, 43.13]
						},
						"0.75": {
							"pre": [22.17, 5.93, 43.13],
							"post": [21.61564, 7.79703, 38.4544]
						},
						"2.0": {
							"pre": [21.61564, 7.79703, 38.4544],
							"post": [21.61564, 7.79703, 38.4544]
						}
					}
				},
				"bone11": {
					"rotation": {
						"0.0": [0, 10, 0],
						"0.1667": {
							"pre": [0, 10, 0],
							"post": [0, 10, 0]
						},
						"0.625": {
							"pre": [0, 10, 0],
							"post": [0, 10, 0]
						},
						"0.75": {
							"pre": [0, 10, 0],
							"post": [0.31915, 9.99451, 1.52433]
						},
						"2.0": {
							"pre": [0.31915, 9.99451, 1.52433],
							"post": [0, 10, 0]
						}
					}
				},
				"bone3": {
					"rotation": {
						"0.0": [7.5, 0, 0],
						"0.1667": {
							"pre": [7.5, 0, 0],
							"post": [12.5, 0, 0]
						},
						"0.375": {
							"pre": [12.5, 0, 0],
							"post": [-5, 0, 0]
						},
						"0.625": {
							"pre": [-5, 0, 0],
							"post": [-5, 0, 0]
						},
						"0.75": {
							"pre": [-5, 0, 0],
							"post": [10, 0, 0]
						},
						"2.0": {
							"pre": [10, 0, 0],
							"post": [7.5, 0, 0]
						}
					},
					"position": {
						"0.0": [0, 0, 0],
						"2.0": {
							"pre": [0, 0, 0],
							"post": [0, 0, 0]
						}
					}
				},
				"neck": {
					"rotation": {
						"0.0": [2.5, 0, 0],
						"0.375": {
							"pre": [2.5, 0, 0],
							"post": [-20, 0, 0]
						},
						"0.625": {
							"pre": [-20, 0, 0],
							"post": [-20, 0, 0]
						},
						"0.75": {
							"pre": [-20, 0, 0],
							"post": [9.87054, -1.16022, 2.27533]
						},
						"2.0": {
							"pre": [9.87054, -1.16022, 2.27533],
							"post": [2.5, 0, 0]
						}
					}
				},
				"head": {
					"rotation": {
						"0.0": [2.5, 0, 0],
						"0.375": {
							"pre": [2.5, 0, 0],
							"post": [-15, 0, 0]
						},
						"0.625": {
							"pre": [-15, 0, 0],
							"post": [-15, 0, 0]
						},
						"0.75": {
							"pre": [-15, 0, 0],
							"post": [-35, 0, 0]
						},
						"2.0": {
							"pre": [-35, 0, 0],
							"post": [2.5, 0, 0]
						}
					}
				},
				"jaw": {
					"rotation": {
						"0.0": [10, 0, 0],
						"0.375": {
							"pre": [10, 0, 0],
							"post": [-2.5, 0, 0]
						},
						"0.625": {
							"pre": [-2.5, 0, 0],
							"post": [-2.5, 0, 0]
						},
						"0.75": {
							"pre": [-2.5, 0, 0],
							"post": [50, 0, 0]
						},
						"2.0": {
							"pre": [50, 0, 0],
							"post": [10, 0, 0]
						}
					},
					"position": {
						"0.0": [0, 0, 0],
						"0.75": {
							"pre": [0, 0, 0],
							"post": [0, -1.975, 0]
						},
						"2.0": {
							"pre": [0, -1.975, 0],
							"post": [0, 0, 0]
						}
					}
				},
				"leg_rear_right": {
					"rotation": {
						"0.0": [0, 0, 0.5],
						"0.1667": {
							"pre": [0, 0, 0.5],
							"post": [0, 0, 2.5]
						},
						"0.375": {
							"pre": [0, 0, 2.5],
							"post": [0.13092, -2.49657, -0.50285]
						},
						"0.625": {
							"pre": [0.13092, -2.49657, -0.50285],
							"post": [0.13, -2.5, -0.5]
						},
						"0.75": {
							"pre": [0.13, -2.5, -0.5],
							"post": [-0.16642, 5.74717, -0.01022]
						},
						"2.0": {
							"pre": [-0.16642, 5.74717, -0.01022],
							"post": [0, 0, 0.5]
						}
					}
				},
				"bone28": {
					"rotation": {
						"0.0": [10, 0, 0],
						"0.625": {
							"pre": [10, 0, 0],
							"post": [10, 0, 0]
						},
						"0.75": {
							"pre": [10, 0, 0],
							"post": [10.00597, 1.9696, 0.34743]
						},
						"2.0": {
							"pre": [10.00597, 1.9696, 0.34743],
							"post": [10, 0, 0]
						}
					}
				},
				"foot_rear_right": {
					"rotation": {
						"0.0": [12.47742, 0.75709, -45.91724],
						"0.1667": {
							"pre": [12.47742, 0.75709, -45.91724],
							"post": [12.40972, 1.51149, -49.33566]
						},
						"0.375": {
							"pre": [12.40972, 1.51149, -49.33566],
							"post": [12.4667, 0.91906, -46.64961]
						},
						"0.625": {
							"pre": [12.4667, 0.91906, -46.64961],
							"post": [12.47, 0.92, -46.65]
						},
						"0.75": {
							"pre": [12.47, 0.92, -46.65],
							"post": [12.49896, 0.16233, -43.23222]
						},
						"2.0": {
							"pre": [12.49896, 0.16233, -43.23222],
							"post": [12.47742, 0.75709, -45.91724]
						}
					}
				},
				"bone29": {
					"rotation": {
						"0.0": [0, -10, 0],
						"0.1667": {
							"pre": [0, -10, 0],
							"post": [-0.22039, -9.9976, 1.26928]
						},
						"0.625": {
							"pre": [-0.22039, -9.9976, 1.26928],
							"post": [-0.22, -10, 1.27]
						},
						"0.75": {
							"pre": [-0.22, -10, 1.27],
							"post": [0.47472, -11.23984, -2.29433]
						},
						"2.0": {
							"pre": [0.47472, -11.23984, -2.29433],
							"post": [0, -10, 0]
						}
					}
				},
				"leg_front_right": {
					"rotation": {
						"0.0": [0, 0, 38],
						"0.1667": {
							"pre": [0, 0, 38],
							"post": [0, 0, 43]
						},
						"0.375": {
							"pre": [0, 0, 43],
							"post": [-8.30627, 6.94796, 16.09657]
						},
						"0.75": {
							"pre": [-8.30627, 6.94796, 16.09657],
							"post": [-8.33469, 11.59471, 32.52202]
						},
						"2.0": {
							"pre": [-8.33469, 11.59471, 32.52202],
							"post": [0, 0, 38]
						}
					},
					"position": {
						"0.0": [0, -15, 0],
						"0.375": {
							"pre": [0, -15, 0],
							"post": [0, -2, 0]
						},
						"0.75": {
							"pre": [0, -2, 0],
							"post": [0, -11, 0]
						},
						"2.0": {
							"pre": [0, -11, 0],
							"post": [0, -15, 0]
						}
					}
				},
				"bone13": {
					"rotation": {
						"0.0": [-19.98247, -0.85481, -17.34941],
						"0.75": {
							"pre": [-19.98247, -0.85481, -17.34941],
							"post": [-19.95513, -1.3671, -18.75948]
						},
						"2.0": {
							"pre": [-19.95513, -1.3671, -18.75948],
							"post": [-19.98247, -0.85481, -17.34941]
						}
					}
				},
				"foot_front_right": {
					"rotation": {
						"0.0": [0, 0, -70],
						"0.1667": {
							"pre": [0, 0, -70],
							"post": [0, 0, -75]
						},
						"0.375": {
							"pre": [0, 0, -75],
							"post": [0, 0, -40.75]
						},
						"0.75": {
							"pre": [0, 0, -40.75],
							"post": [0, 0, -61.75]
						},
						"2.0": {
							"pre": [0, 0, -61.75],
							"post": [0, 0, -70]
						}
					}
				},
				"bone27": {
					"rotation": {
						"0.0": [-1.5741, -17.43127, 5.24133],
						"0.375": {
							"pre": [-1.5741, -17.43127, 5.24133],
							"post": [-0.42311, -10.04034, -1.31258]
						},
						"0.75": {
							"pre": [-0.42311, -10.04034, -1.31258],
							"post": [-1.52466, -9.934, 5.03276]
						},
						"2.0": {
							"pre": [-1.52466, -9.934, 5.03276],
							"post": [-1.5741, -17.43127, 5.24133]
						}
					}
				},
				"bone20": {
					"rotation": {
						"0.0": [0, 0, 0],
						"0.1667": {
							"pre": [0, 0, 0],
							"post": [-15, 0, 0]
						},
						"2.0": {
							"pre": [-15, 0, 0],
							"post": [0, 0, 0]
						}
					}
				}
			}
		},
		"animation.dialga.pose": {
			"loop": true,
			"bones": {
				"body": {
					"position": [0, 3, 0]
				},
				"bone3": {
					"rotation": [7.5, 0, 0]
				},
				"torso": {
					"rotation": [-7.5, 0, 0]
				},
				"neck": {
					"rotation": [20, 0, 0]
				},
				"bone4": {
					"rotation": [-7.5, 0, 0]
				},
				"bone5": {
					"rotation": [-5, 0, 0]
				},
				"head": {
					"rotation": [-37.5, 0, 0]
				},
				"jaw": {
					"rotation": [50, 0, 0],
					"position": [0, -1, 0]
				},
				"bone21": {
					"rotation": [12.5, 0, 0]
				},
				"bone22": {
					"rotation": [15, 0, 0]
				},
				"bone23": {
					"rotation": [10, 0, 0]
				},
				"bone24": {
					"rotation": [12.5, 0, 0]
				},
				"leg_front_left": {
					"rotation": [-7.35189, 26.52688, -17.77184],
					"position": [0, -8, 0]
				},
				"bone7": {
					"rotation": [7.38733, 1.29876, 12.58385]
				},
				"foot_front_left": {
					"rotation": [13.69297, 11.39697, 52.62048]
				},
				"bone9": {
					"rotation": [-0.43562, 4.96192, -5.02835]
				},
				"leg_rear_left": {
					"rotation": [20.47904, 4.30407, 1.41055]
				},
				"bone10": {
					"rotation": [5, 0, 5]
				},
				"foot_rear_left": {
					"rotation": [21.41771, 8.34722, 37.04498]
				},
				"bone11": {
					"rotation": [-0.44067, 9.99038, -2.53852]
				},
				"bone50": {
					"scale": 1.4
				},
				"bone55": {
					"rotation": [0, 0, 5],
					"position": [0, 4, 0]
				},
				"bone56": {
					"rotation": [0, 0, 15]
				},
				"bone57": {
					"rotation": [0, 0, -2.5]
				},
				"bone58": {
					"rotation": [0, 0, -12.5]
				},
				"leg_front_right": {
					"rotation": [0, 0, 15],
					"position": [0, -4, 0]
				},
				"bone13": {
					"rotation": [-17.43745, -1.50179, -4.76968]
				},
				"foot_front_right": {
					"rotation": [0, 0, -52.5]
				},
				"bone27": {
					"rotation": [0, -12.5, 0]
				},
				"leg_rear_right": {
					"rotation": [0, 0, 5]
				},
				"bone28": {
					"rotation": [7.5, 0, -10]
				},
				"foot_rear_right": {
					"rotation": [12.5, 0, -42.5]
				},
				"bone29": {
					"rotation": [0, -5, 0]
				}
			}
		},
		"animation.dialga.ground_walk": {
			"loop": true,
			"animation_length": 2,
			"bones": {
				"body": {
					"position": {
						"0.0": {
							"post": [
								0,
								"-4+math.clamp(math.sin(q.anim_time*90*2)*15,0.5,2)+math.clamp(math.sin(q.anim_time*90*2+180)*15,0.5,2)",
								"0+math.cos((q.anim_time)*90*8/2-90)*2.2"
							],
							"lerp_mode": "catmullrom"
						}
					}
				},
				"bone4": {
					"rotation": {
						"0.0": {
							"post": [2.5, 0, 0],
							"lerp_mode": "catmullrom"
						},
						"2.0": {
							"post": [2.5, 0, 0],
							"lerp_mode": "catmullrom"
						}
					}
				},
				"bone5": {
					"rotation": {
						"0.0": {
							"post": ["-5-math.cos((q.anim_time)*90*4/1-90)*2", 0, 0],
							"lerp_mode": "catmullrom"
						}
					}
				},
				"bone21": {
					"rotation": {
						"0.0": {
							"post": [12.5, "math.sin(q.anim_time*90*2-72)*20", 0],
							"lerp_mode": "catmullrom"
						}
					}
				},
				"bone22": {
					"rotation": {
						"0.0": {
							"post": [15, "math.sin(q.anim_time*90*2-90)*20", 0],
							"lerp_mode": "catmullrom"
						}
					}
				},
				"bone23": {
					"rotation": {
						"0.0": {
							"post": [10, "math.sin(q.anim_time*90*2-160)*20", 0],
							"lerp_mode": "catmullrom"
						}
					}
				},
				"bone24": {
					"rotation": {
						"0.0": {
							"post": [12.5, "math.sin(q.anim_time*90*2-100)*15", 0],
							"lerp_mode": "catmullrom"
						}
					}
				},
				"leg_front_left": {
					"rotation": {
						"0.0": {
							"post": [-7.89041, 19.91673, -17.33298],
							"lerp_mode": "catmullrom"
						},
						"0.5": {
							"post": [-11.58296, 4.18097, -14.73307],
							"lerp_mode": "catmullrom"
						},
						"0.875": {
							"post": [-14.18814, -10.11155, -10.12635],
							"lerp_mode": "catmullrom"
						},
						"1.7917": {
							"post": [-13.27518, 19.71728, -24.71873],
							"lerp_mode": "catmullrom"
						},
						"2.0": {
							"post": [-7.89041, 19.91673, -17.33298],
							"lerp_mode": "catmullrom"
						}
					},
					"position": {
						"0.0": {
							"post": [0, -4, -4],
							"lerp_mode": "catmullrom"
						},
						"0.875": {
							"post": [0, 0, 4],
							"lerp_mode": "catmullrom"
						},
						"1.7917": {
							"post": [0, -2, -4],
							"lerp_mode": "catmullrom"
						},
						"2.0": {
							"post": [0, -4, -4],
							"lerp_mode": "catmullrom"
						}
					}
				},
				"bone7": {
					"rotation": {
						"0.0": {
							"post": [7.32417, 1.61888, 10.10362],
							"lerp_mode": "catmullrom"
						},
						"1.125": {
							"post": [9.82417, 1.61888, 10.10362],
							"lerp_mode": "catmullrom"
						},
						"1.875": {
							"post": [7.36245, 2.59915, 2.66282],
							"lerp_mode": "catmullrom"
						},
						"2.0": {
							"post": [7.32417, 1.61888, 10.10362],
							"lerp_mode": "catmullrom"
						}
					}
				},
				"foot_front_left": {
					"rotation": {
						"0.0": {
							"post": [12.66041, 12.53747, 47.64397],
							"lerp_mode": "catmullrom"
						},
						"0.5": {
							"post": [16.59915, 11.0706, 53.25213],
							"lerp_mode": "catmullrom"
						},
						"0.875": {
							"post": [18.07581, 12.18399, 49.44981],
							"lerp_mode": "catmullrom"
						},
						"1.5": {
							"post": [18.88023, 5.73075, 70.88392],
							"lerp_mode": "catmullrom"
						},
						"1.875": {
							"post": [16.93492, 6.86266, 68.9962],
							"lerp_mode": "catmullrom"
						},
						"2.0": {
							"post": [12.66041, 12.53747, 47.64397],
							"lerp_mode": "catmullrom"
						}
					},
					"position": {
						"0.875": {
							"pre": [0, 0, 0],
							"post": [0, 0, 0],
							"lerp_mode": "catmullrom"
						}
					}
				},
				"bone9": {
					"rotation": {
						"0.0": {
							"post": [-0.13193, 7.49656, 1.98564],
							"lerp_mode": "catmullrom"
						},
						"0.5": {
							"post": [-0.74317, 5.19875, -9.55071],
							"lerp_mode": "catmullrom"
						},
						"0.875": {
							"post": [-0.87601, 2.34159, -15.5179],
							"lerp_mode": "catmullrom"
						},
						"1.0": {
							"post": [-0.82413, 2.35845, -14.26694],
							"lerp_mode": "catmullrom"
						},
						"1.875": {
							"post": [-0.321, 2.47827, -2.38193],
							"lerp_mode": "catmullrom"
						},
						"2.0": {
							"post": [-0.13193, 7.49656, 1.98564],
							"lerp_mode": "catmullrom"
						}
					}
				},
				"leg_rear_left": {
					"rotation": {
						"0.1667": {
							"pre": [6.41766, -12.83689, -12.77129],
							"post": [6.41766, -12.83689, -12.77129],
							"lerp_mode": "catmullrom"
						},
						"0.5": {
							"post": [2.55553, 3.6098, -21.53855],
							"lerp_mode": "catmullrom"
						},
						"0.9167": {
							"post": [0.70904, 15.76927, -21.65371],
							"lerp_mode": "catmullrom"
						},
						"1.125": {
							"post": [2.12231, 19.67014, -15.34991],
							"lerp_mode": "catmullrom"
						},
						"1.5": {
							"post": [4.50525, 2.79127, -15.11458],
							"lerp_mode": "catmullrom"
						},
						"2.0": {
							"post": [6.41766, -12.83689, -12.77129],
							"lerp_mode": "catmullrom"
						}
					},
					"position": {
						"0.1667": {
							"pre": [0, -2.5, 0],
							"post": [0, -2.5, 0],
							"lerp_mode": "catmullrom"
						},
						"1.0": {
							"post": [0, 1.5, -1.75],
							"lerp_mode": "catmullrom"
						},
						"1.125": {
							"post": [0, -2.5, -2],
							"lerp_mode": "catmullrom"
						},
						"2.0": {
							"post": [0, -2.5, 0],
							"lerp_mode": "catmullrom"
						}
					}
				},
				"bone10": {
					"rotation": {
						"0.0": {
							"post": [14.83045, -1.29256, 19.94548],
							"lerp_mode": "catmullrom"
						},
						"1.0": {
							"post": [14.87146, -0.6517, 17.52865],
							"lerp_mode": "catmullrom"
						},
						"2.0": {
							"post": [14.83045, -1.29256, 19.94548],
							"lerp_mode": "catmullrom"
						}
					}
				},
				"foot_rear_left": {
					"rotation": {
						"0.1667": {
							"pre": [14.84879, 6.50474, 39.27018],
							"post": [14.84879, 6.50474, 39.27018],
							"lerp_mode": "catmullrom"
						},
						"0.5": {
							"post": [15.87499, -1.03944, 66.02126],
							"lerp_mode": "catmullrom"
						},
						"0.9167": {
							"post": [16.08205, 0.54648, 60.50837],
							"lerp_mode": "catmullrom"
						},
						"1.0417": {
							"post": [15.54929, 4.53579, 46.54125],
							"lerp_mode": "catmullrom"
						},
						"1.5": {
							"post": [15.35147, 5.58442, 42.78596],
							"lerp_mode": "catmullrom"
						},
						"2.0": {
							"post": [14.84879, 6.50474, 39.27018],
							"lerp_mode": "catmullrom"
						}
					}
				},
				"bone11": {
					"rotation": {
						"0.1667": {
							"pre": [-0.53905, 14.98594, -3.0939],
							"post": [-0.53905, 14.98594, -3.0939],
							"lerp_mode": "catmullrom"
						},
						"0.5": {
							"post": [-0.74273, 4.66063, 1.1728],
							"lerp_mode": "catmullrom"
						},
						"0.9167": {
							"post": [-1.3327, 1.18729, -9.38333],
							"lerp_mode": "catmullrom"
						},
						"1.0417": {
							"post": [-1.29967, 2.33582, 0.06162],
							"lerp_mode": "catmullrom"
						},
						"2.0": {
							"post": [-0.53905, 14.98594, -3.0939],
							"lerp_mode": "catmullrom"
						}
					}
				},
				"head": {
					"rotation": {
						"0.0": {
							"post": ["2.5-math.cos((q.anim_time)*90*4/1-90)*2", 0, 0],
							"lerp_mode": "catmullrom"
						}
					}
				},
				"leg_rear_right": {
					"rotation": {
						"0.0": {
							"post": [-0.8307, -12.47281, 4.34078],
							"lerp_mode": "catmullrom"
						},
						"0.5": {
							"post": [0.46016, 6.33636, 4.92359],
							"lerp_mode": "catmullrom"
						},
						"1.125": {
							"post": [0.70037, 21.98945, 2.38737],
							"lerp_mode": "catmullrom"
						},
						"1.7083": {
							"post": [-1.82148, -7.98402, 13.02325],
							"lerp_mode": "catmullrom"
						},
						"1.875": {
							"post": [-0.8307, -12.47281, 4.34078],
							"lerp_mode": "catmullrom"
						}
					},
					"position": {
						"0.0": {
							"post": [0, 0, -5],
							"lerp_mode": "catmullrom"
						},
						"1.125": {
							"post": [0, 0, -2],
							"lerp_mode": "catmullrom"
						},
						"1.7083": {
							"post": [0, 5, -4.62],
							"lerp_mode": "catmullrom"
						},
						"1.875": {
							"post": [0, 0, -5],
							"lerp_mode": "catmullrom"
						}
					}
				},
				"bone28": {
					"rotation": {
						"0.0": {
							"post": [9.99067, 0.43399, -2.46207],
							"lerp_mode": "catmullrom"
						},
						"1.125": {
							"post": [7.46485, 0.75939, -4.94094],
							"lerp_mode": "catmullrom"
						},
						"2.0": {
							"post": [9.99067, 0.43399, -2.46207],
							"lerp_mode": "catmullrom"
						}
					}
				},
				"foot_rear_right": {
					"rotation": {
						"0.0": {
							"post": [19.91494, 1.78071, -48.73793],
							"lerp_mode": "catmullrom"
						},
						"0.5": {
							"post": [27.99892, -1.72198, -43.72767],
							"lerp_mode": "catmullrom"
						},
						"1.125": {
							"post": [35.02877, -4.63771, -40.24365],
							"lerp_mode": "catmullrom"
						},
						"1.4167": {
							"post": [27.21967, 4.25788, -55.3721],
							"lerp_mode": "catmullrom"
						},
						"1.75": {
							"post": [20.05842, 8.83933, -67.02885],
							"lerp_mode": "catmullrom"
						},
						"1.9167": {
							"post": [19.91494, 1.78071, -48.73793],
							"lerp_mode": "catmullrom"
						}
					}
				},
				"bone29": {
					"rotation": {
						"0.0": {
							"post": [0, -2.5, 0],
							"lerp_mode": "catmullrom"
						},
						"1.125": {
							"post": [-0.27709, -12.49698, 1.28034],
							"lerp_mode": "catmullrom"
						},
						"1.375": {
							"post": [0.60585, -5.44271, -2.34218],
							"lerp_mode": "catmullrom"
						},
						"1.875": {
							"post": [-0.28169, -3.0408, 5.07799],
							"lerp_mode": "catmullrom"
						},
						"2.0": {
							"post": [0, -2.5, 0],
							"lerp_mode": "catmullrom"
						}
					}
				},
				"leg_front_right": {
					"rotation": {
						"0.0": {
							"post": [-16.32156, 8.13612, 10.17049],
							"lerp_mode": "catmullrom"
						},
						"0.8333": {
							"post": [-14.19397, -21.45556, 20.0146],
							"lerp_mode": "catmullrom"
						},
						"1.0": {
							"post": [-2.0749, -21.71512, -0.13514],
							"lerp_mode": "catmullrom"
						},
						"1.5": {
							"post": [-8.94738, -6.25278, 3.69346],
							"lerp_mode": "catmullrom"
						},
						"2.0": {
							"post": [-16.32156, 8.13612, 10.17049],
							"lerp_mode": "catmullrom"
						}
					},
					"position": {
						"0.0": {
							"post": [0, 0, 4],
							"lerp_mode": "catmullrom"
						},
						"0.8333": {
							"post": [0, 0, -3],
							"lerp_mode": "catmullrom"
						},
						"1.0": {
							"post": [0, 0, -3],
							"lerp_mode": "catmullrom"
						},
						"2.0": {
							"post": [0, 0, 4],
							"lerp_mode": "catmullrom"
						}
					}
				},
				"bone13": {
					"rotation": {
						"0.0": {
							"post": [0, 0, -17.5],
							"lerp_mode": "catmullrom"
						},
						"1.0": {
							"post": [0, 0, 0],
							"lerp_mode": "catmullrom"
						},
						"1.5": {
							"post": [0, 0, -6.25],
							"lerp_mode": "catmullrom"
						},
						"2.0": {
							"post": [0, 0, -17.5],
							"lerp_mode": "catmullrom"
						}
					}
				},
				"foot_front_right": {
					"rotation": {
						"0.0": {
							"post": [21.26364, 2.77009, -40.19949],
							"lerp_mode": "catmullrom"
						},
						"0.5": {
							"post": [11.11639, 6.24272, -69.21225],
							"lerp_mode": "catmullrom"
						},
						"0.875": {
							"post": [7.73145, 1.85309, -58.69855],
							"lerp_mode": "catmullrom"
						},
						"1.0": {
							"post": [6.52327, -0.50141, -46.82487],
							"lerp_mode": "catmullrom"
						},
						"1.5": {
							"post": [12.42277, 2.80239, -52.76529],
							"lerp_mode": "catmullrom"
						},
						"2.0": {
							"post": [21.26364, 2.77009, -40.19949],
							"lerp_mode": "catmullrom"
						}
					}
				},
				"bone27": {
					"rotation": {
						"0.0": {
							"post": [-1.84336, -10.33871, 10.16678],
							"lerp_mode": "catmullrom"
						},
						"1.0": {
							"post": [-0.90349, -5.4957, -4.1554],
							"lerp_mode": "catmullrom"
						},
						"1.5": {
							"post": [-2.72737, -10.05366, 14.07783],
							"lerp_mode": "catmullrom"
						},
						"2.0": {
							"post": [-2.29717, -10.24839, 12.70602],
							"lerp_mode": "catmullrom"
						}
					}
				},
				"bone3": {
					"rotation": {
						"0.0": {
							"post": ["-math.cos((q.anim_time)*90*4/1)*1", 0, 0],
							"lerp_mode": "catmullrom"
						}
					},
					"position": {
						"0.0": {
							"post": ["0+math.cos((q.anim_time)*90*8/4-90)*1", "0-math.cos((q.anim_time)*90*4/1-90)*2", 0],
							"lerp_mode": "catmullrom"
						}
					}
				},
				"torso": {
					"rotation": [0, "0+math.cos((q.anim_time)*90*8/4)*4", 0]
				},
				"neck": {
					"rotation": ["0-math.cos((q.anim_time)*90*4/1)*2", 0, 0]
				},
				"bone20": {
					"rotation": [0, "math.sin(q.anim_time*90*2)*16", 0],
					"position": [0, 0, 0]
				}
			}
		},
		"animation.dialga.walkspeed": {
			"loop": true,
			"bones": {
				"dialga": {
					"position": [0, 0, "-query.anim_time *90 *0.3"]
				}
			}
		},
		"animation.dialga.air_idle": {
			"loop": true,
			"bones": {
				"body": {
					"rotation": ["-5+math.sin(q.anim_time*90*1)*2", 0, 0],
					"position": [0, "0-math.sin(q.anim_time*90*1-90)*2", 0]
				},
				"bone4": {
					"rotation": [-2.5, 0, 0]
				},
				"bone5": {
					"rotation": ["-2.5+math.sin(q.anim_time*90*1-90)*2", 0, 0]
				},
				"head": {
					"rotation": ["10+math.sin(q.anim_time*90*1-90)*2", 0, 0]
				},
				"bone21": {
					"rotation": ["12.5-math.sin(q.anim_time*90*1-30)*5", "0-math.sin(q.anim_time*90*1-60)*4", 0]
				},
				"bone22": {
					"rotation": ["15-math.sin(q.anim_time*90*1-82)*12", "0-math.sin(q.anim_time*90*1-130)*9", 0]
				},
				"bone23": {
					"rotation": ["10-math.sin(q.anim_time*90*1-123)*12", "0-math.sin(q.anim_time*90*1-177)*15", 0]
				},
				"bone24": {
					"rotation": ["12.5-math.sin(q.anim_time*90*1-200)*2", "0-math.sin(q.anim_time*90*1-210)*5", 0]
				},
				"leg_front_left": {
					"rotation": [-16.46757, 1.89935, "0.1474707869-math.sin(q.anim_time*90*1)*2"]
				},
				"bone7": {
					"rotation": [12.39638, -1.61888, 7.32417]
				},
				"foot_front_left": {
					"rotation": [19.8423, -2.55868, "49.5523929293-math.sin(q.anim_time*90*1-90)*2"]
				},
				"bone9": {
					"rotation": [0, 0, 0]
				},
				"leg_front_right": {
					"rotation": [-14.68031, -10.10147, 1.02841]
				},
				"bone13": {
					"rotation": [9.91615, 1.29876, -7.38733]
				},
				"foot_front_right": {
					"rotation": [14.78217, 2.57594, -54.6658]
				},
				"bone27": {
					"rotation": [0, 0, 0]
				},
				"bone10": {
					"rotation": [17.5, 0, 10]
				},
				"foot_rear_left": {
					"rotation": [26.94093, -5.73576, "43.6250111054-math.sin(q.anim_time*90*1-90)*2"]
				},
				"leg_rear_right": {
					"rotation": [17.5, 0, "0+math.sin(q.anim_time*90*1)*2"]
				},
				"bone28": {
					"rotation": [5, 0, -15]
				},
				"foot_rear_right": {
					"rotation": [22.5, 0, "-45+math.sin(q.anim_time*90*1-90)*2"]
				},
				"bone20": {
					"rotation": ["0-math.sin(q.anim_time*90*1)*2", "0-math.sin(q.anim_time*90*1-20)*2", 0]
				},
				"leg_rear_left": {
					"rotation": [0, 0, "0-math.sin(q.anim_time*90*1)*2"]
				}
			}
		},
		"animation.dialga.air_fly": {
			"loop": true,
			"bones": {
				"neck": {
					"rotation": [10, 0, 0]
				},
				"bone4": {
					"rotation": ["-7.5+math.sin(q.anim_time*90*1-90)*2", 0, 0]
				},
				"bone5": {
					"rotation": ["-2.5+math.sin(q.anim_time*90*1-90)*2", 0, 0]
				},
				"head": {
					"rotation": ["-17.5+math.sin(q.anim_time*90*1-90)*2", 0, 0],
					"position": [0, -1.5, 0]
				},
				"bone21": {
					"rotation": {
						"0.0": {
							"post": [12.5, "math.sin(q.anim_time*90*2-72)*20", 0],
							"lerp_mode": "catmullrom"
						}
					}
				},
				"bone22": {
					"rotation": {
						"0.0": {
							"post": [15, "math.sin(q.anim_time*90*2-90)*20", 0],
							"lerp_mode": "catmullrom"
						}
					}
				},
				"bone23": {
					"rotation": {
						"0.0": {
							"post": [10, "math.sin(q.anim_time*90*2-160)*20", 0],
							"lerp_mode": "catmullrom"
						}
					}
				},
				"bone24": {
					"rotation": {
						"0.0": {
							"post": [12.5, "math.sin(q.anim_time*90*2-100)*15", 0],
							"lerp_mode": "catmullrom"
						}
					}
				},
				"leg_front_left": {
					"rotation": [-19.5551, 29.71333, "-12.6695321385-math.sin(q.anim_time*90*1)*2"],
					"position": [0, -6, 0]
				},
				"bone7": {
					"rotation": [12.39638, -1.61888, 7.32417]
				},
				"foot_front_left": {
					"rotation": [1.45435, 12.25191, "6.7434504059-math.sin(q.anim_time*90*1-90)*2"]
				},
				"bone9": {
					"rotation": [0, 0, 0]
				},
				"leg_front_right": {
					"rotation": [-18.95744, -23.93743, "10.6396161755+math.sin(q.anim_time*90*1)*2"],
					"position": [0, -6, 0]
				},
				"bone13": {
					"rotation": [9.91615, 1.29876, -7.38733]
				},
				"foot_front_right": {
					"rotation": [2.37961, -8.53726, "-10.9276022661+math.sin(q.anim_time*90*1-90)*2"]
				},
				"bone27": {
					"rotation": [0, 0, 0]
				},
				"leg_rear_left": {
					"rotation": [67.95365, -21.8379, "2.1703899689-math.sin(q.anim_time*90*1)*2"]
				},
				"bone10": {
					"rotation": [17.35932, -2.24944, 17.15656]
				},
				"foot_rear_left": {
					"rotation": [-7.71493, 12.31064, "7.7149339025-math.sin(q.anim_time*90*1-90)*2"]
				},
				"leg_rear_right": {
					"rotation": [46.78117, 24.40461, "6.1684112684+math.sin(q.anim_time*90*1)*2"]
				},
				"bone28": {
					"rotation": [5, 0, -15]
				},
				"foot_rear_right": {
					"rotation": [19.48413, -0.58709, "-15.8415492697+math.sin(q.anim_time*90*1-90)*2"]
				},
				"body": {
					"rotation": ["-0+math.sin(q.anim_time*90*1)*2", 0, 0],
					"position": [0, "0-math.sin(q.anim_time*90*1-90)*2", 0]
				},
				"bone20": {
					"rotation": [0, "math.sin(q.anim_time*90*2)*16", 0],
					"position": [0, 0, 0]
				}
			}
		},
		"animation.dialga.ground_run": {
			"loop": true,
			"animation_length": 1,
			"bones": {
				"body": {
					"rotation": {
						"0.0": [5, 0, 0],
						"0.125": [2.5, 0, 0],
						"0.5": {
							"pre": [-5, 0, 0],
							"post": [-5, 0, 0],
							"lerp_mode": "catmullrom"
						},
						"0.75": [0, 0, 0],
						"1.0": [5, 0, 0]
					},
					"position": {
						"0.0": [0, 0, 0],
						"0.25": {
							"pre": [0, 0, 0],
							"post": [0, 0, 0],
							"lerp_mode": "catmullrom"
						},
						"0.4167": {
							"post": [0, 12.21, -13.69],
							"lerp_mode": "catmullrom"
						},
						"0.625": {
							"post": [0, 14.33, -24.33],
							"lerp_mode": "catmullrom"
						},
						"1.0": [0, 0, 0]
					}
				},
				"bone3": {
					"rotation": {
						"0.0": [-5, 0, 0],
						"0.25": {
							"pre": [5, 0, 0],
							"post": [5, 0, 0],
							"lerp_mode": "catmullrom"
						},
						"1.0": [-5, 0, 0]
					}
				},
				"neck": {
					"rotation": ["10-math.cos((q.anim_time)*90*8/2-90)*10", 0, 0]
				},
				"bone4": {
					"rotation": ["-5-math.cos((q.anim_time)*90*8/2)*4", 0, 0]
				},
				"head": {
					"rotation": ["-5-math.cos((q.anim_time)*90*8/2)*10", 0, 0]
				},
				"bone20": {
					"rotation": ["-0+math.cos((q.anim_time)*90*8/2-90)*10", 0, 0]
				},
				"bone21": {
					"rotation": ["15-math.cos((q.anim_time)*90*8/2)*5", 0, 0]
				},
				"bone22": {
					"rotation": ["10-math.cos((q.anim_time)*90*8/2)*5", 0, 0]
				},
				"bone23": {
					"rotation": ["7.5-math.cos((q.anim_time)*90*8/2)*5", 0, 0]
				},
				"bone24": {
					"rotation": ["-0-math.cos((q.anim_time)*90*8/2)*5", 0, 0]
				},
				"leg_front_left": {
					"rotation": {
						"0.0": [-4.73923, 31.2213, -11.39943],
						"0.125": [-2.51499, 29.80783, -8.36644],
						"0.25": {
							"pre": [-2.51499, 29.80783, -8.36644],
							"post": [-2.51499, 29.80783, -8.36644],
							"lerp_mode": "catmullrom"
						},
						"0.375": [23.2428, -1.32644, 24.46573],
						"0.5": {
							"pre": [37.20019, -10.80954, 12.56841],
							"post": [37.20019, -10.80954, 12.56841],
							"lerp_mode": "catmullrom"
						},
						"0.625": {
							"post": [39.30307, -11.15487, 12.57722],
							"lerp_mode": "catmullrom"
						},
						"0.75": [27.01261, 15.65771, 4.57088],
						"0.875": [18.40135, 33.19887, -8.35252],
						"1.0": [-4.73923, 31.2213, -11.39943]
					},
					"position": {
						"0.0": [3.25, -1.75, -4],
						"0.125": [3.25, -1.75, -3],
						"0.25": {
							"pre": [3.25, -7.87, 3.25],
							"post": [3.25, -7.87, 3.25],
							"lerp_mode": "catmullrom"
						},
						"0.375": [3.25, -3.05, 7.5],
						"0.5": {
							"pre": [3.25, -4.5, 2.75],
							"post": [3.25, -4.5, 2.75],
							"lerp_mode": "catmullrom"
						},
						"0.75": {
							"post": [3.25, -2.25, 2.75],
							"lerp_mode": "catmullrom"
						},
						"1.0": [3.25, -1.75, -4]
					}
				},
				"bone7": {
					"rotation": {
						"0.0": [0, 0, 7.5],
						"0.25": [0, 0, 20],
						"0.375": [0, 0, 22.5],
						"0.5": {
							"pre": [0, 0, 25],
							"post": [0, 0, 25],
							"lerp_mode": "catmullrom"
						},
						"0.875": [0, 0, 12.5],
						"1.0": [0, 0, 7.5]
					}
				},
				"foot_front_left": {
					"rotation": {
						"0.0": [9.54589, 2.99318, 20.24998],
						"0.125": [9.76758, -2.15393, 49.81594],
						"0.25": {
							"pre": [0, 0, 62.5],
							"post": [0, 0, 62.5],
							"lerp_mode": "catmullrom"
						},
						"0.375": [0, 0, 10],
						"0.625": [0, 0, 50],
						"0.8333": {
							"pre": [12.31594, -2.15393, 39.76758],
							"post": [12.31594, -2.15393, 39.76758],
							"lerp_mode": "catmullrom"
						},
						"1.0": [9.54589, 2.99318, 20.24998]
					}
				},
				"bone9": {
					"rotation": {
						"0.0": [0, 0, 2.5],
						"0.125": [-0.55404, 12.48791, -5.06062],
						"0.25": {
							"pre": [-2.39208, 7.11037, -21.14864],
							"post": [-2.39208, 7.11037, -21.14864],
							"lerp_mode": "catmullrom"
						},
						"0.375": [2.83373, 14.12167, -7.4144],
						"0.5": {
							"pre": [1.84197, 6.82289, 12.57123],
							"post": [1.84197, 6.82289, 12.57123],
							"lerp_mode": "catmullrom"
						},
						"0.875": [2.26708, 7.15102, 15.14168],
						"1.0": [0, 0, 2.5]
					},
					"position": {
						"0.0": [-3.25, 0.5, 0],
						"0.25": {
							"pre": [-0.25, 0.2, 0],
							"post": [-0.25, 0.2, 0],
							"lerp_mode": "catmullrom"
						},
						"0.5": {
							"post": [-4.25, 0.2, 0],
							"lerp_mode": "catmullrom"
						},
						"0.875": [-4.25, 0.2, 0],
						"1.0": [-3.25, 0.5, 0]
					}
				},
				"leg_front_right": {
					"rotation": {
						"0.0": [-11.60483, -34.22209, 15.66789],
						"0.25": {
							"pre": [-1.78245, -28.85917, 2.52828],
							"post": [-1.78245, -28.85917, 2.52828],
							"lerp_mode": "catmullrom"
						},
						"0.375": [26.2952, 0.11047, -25.07232],
						"0.5": {
							"pre": [38.53803, -3.0489, -9.41099],
							"post": [38.53803, -3.0489, -9.41099],
							"lerp_mode": "catmullrom"
						},
						"0.6667": [41.79297, 21.32647, -15.05767],
						"0.875": [17.03766, -31.62663, 1.56148],
						"1.0": [-11.60483, -34.22209, 15.66789]
					},
					"position": {
						"0.0": [-2.25, -0.75, -6],
						"0.125": [-2.25, -3.18, -3.75],
						"0.25": [-2.25, -5.61, 2.5],
						"0.375": [-2.25, -3.825, 7],
						"0.5": {
							"pre": [-2.25, -6.25, 1.75],
							"post": [-2.25, -6.25, 1.75],
							"lerp_mode": "catmullrom"
						},
						"0.75": [-2.25, -1.25, -1.25],
						"1.0": [-2.25, -0.75, -6]
					}
				},
				"bone13": {
					"rotation": {
						"0.0": [0, 0, -15],
						"0.125": [0, 0, -12.41],
						"0.25": {
							"pre": [0, 0, -21],
							"post": [0, 0, -21],
							"lerp_mode": "catmullrom"
						},
						"0.375": [0, 0, -17.5],
						"0.5": {
							"pre": [0, 0, -27.5],
							"post": [0, 0, -27.5],
							"lerp_mode": "catmullrom"
						},
						"0.875": [0, 0, -2.5],
						"1.0": [0, 0, -15]
					}
				},
				"foot_front_right": {
					"rotation": {
						"0.0": [9.40804, -3.40487, -7.78025],
						"0.25": [0.91538, 0.20462, -54.55176],
						"0.375": [0, 0, -22.5],
						"0.625": {
							"pre": [0, 0, -60],
							"post": [0, 0, -60],
							"lerp_mode": "catmullrom"
						},
						"0.75": [12.5, 0, -45],
						"0.875": [12.2127, 2.68507, -57.2127],
						"1.0": [9.40804, -3.40487, -7.78025]
					}
				},
				"bone27": {
					"rotation": {
						"0.0": [0, 0, -5],
						"0.125": {
							"pre": [-0.219, -2.63802, 5.17415],
							"post": [-0.219, -2.63802, 5.17415],
							"lerp_mode": "catmullrom"
						},
						"0.25": {
							"post": [-0.71925, -4.94813, 18.28108],
							"lerp_mode": "catmullrom"
						},
						"0.375": [1.91348, -9.56195, 15.03577],
						"0.5": {
							"pre": [1.91757, -4.61854, -12.57734],
							"post": [1.91757, -4.61854, -12.57734],
							"lerp_mode": "catmullrom"
						},
						"0.875": [2.31336, -4.43385, -17.58957],
						"1.0": [0, 0, -5]
					},
					"position": {
						"0.0": [0.9, 0.625, 0],
						"0.25": {
							"pre": [-0.35, 0.625, 0],
							"post": [-0.35, 0.625, 0],
							"lerp_mode": "catmullrom"
						},
						"0.5": {
							"post": [2.15, 0.63, 0],
							"lerp_mode": "catmullrom"
						},
						"0.875": [4.4, 0.63, 0],
						"1.0": [0.9, 0.625, 0]
					}
				},
				"leg_rear_left": {
					"rotation": {
						"0.0": [44.56145, 7.05302, -7.10708],
						"0.125": [59.89078, -3.53329, 3.54002],
						"0.25": {
							"pre": [74.30457, -8.92689, -8.16884],
							"post": [74.30457, -8.92689, -8.16884],
							"lerp_mode": "catmullrom"
						},
						"0.5": {
							"post": [94.67189, 10.49277, 3.9047],
							"lerp_mode": "catmullrom"
						},
						"0.625": [81.90692, 22.90466, 3.23421],
						"0.75": [53.7241, 27.47616, 1.87206],
						"0.875": [63.7241, 27.47616, 1.87206],
						"1.0": [44.56145, 7.05302, -7.10708]
					},
					"position": {
						"0.0": [0, 0, 0],
						"0.125": {
							"pre": [0, 0.96, 1.02],
							"post": [0, 0.96, 1.02],
							"lerp_mode": "catmullrom"
						},
						"0.25": {
							"post": [0, 0, 2],
							"lerp_mode": "catmullrom"
						},
						"0.625": [0, 0, 3.25],
						"0.75": [0, 2.25, -1.5],
						"1.0": [0, 0, 0]
					}
				},
				"bone10": {
					"rotation": {
						"0.0": [4.00486, 11.48817, 9.97949],
						"0.25": {
							"pre": [18.45592, 10.6177, 20.13042],
							"post": [18.45592, 10.6177, 20.13042],
							"lerp_mode": "catmullrom"
						},
						"0.875": [15.1746, 14.98164, 5.40742],
						"1.0": [4.00486, 11.48817, 9.97949]
					}
				},
				"foot_rear_left": {
					"rotation": {
						"0.0": [5.123, 21.93857, 38.4936],
						"0.125": [0.41419, 22.49639, 26.08237],
						"0.25": {
							"pre": [3.09472, 22.29711, 33.11003],
							"post": [3.09472, 22.29711, 33.11003],
							"lerp_mode": "catmullrom"
						},
						"0.5": {
							"post": [19.37235, 16.36467, 58.84917],
							"lerp_mode": "catmullrom"
						},
						"0.75": [19.7015, 16.24232, 58.00755],
						"0.875": [12.623, 21.93857, 38.4936],
						"1.0": [5.123, 21.93857, 38.4936]
					}
				},
				"bone11": {
					"rotation": {
						"0.0": [-1.28419, 6.71226, -7.32078],
						"0.125": [-3.05261, 13.64009, -22.80637],
						"0.625": [5.46663, 12.87692, 13.17616],
						"0.875": [0.03052, 13.97114, -9.93746],
						"1.0": [-1.28419, 6.71226, -7.32078]
					}
				},
				"leg_rear_right": {
					"rotation": {
						"0.0": [44.75386, -5.29571, 5.31847],
						"0.125": [57.12371, 7.73962, -6.2569],
						"0.25": {
							"pre": [73.73367, 9.41704, 4.9868],
							"post": [73.73367, 9.41704, 4.9868],
							"lerp_mode": "catmullrom"
						},
						"0.5": {
							"post": [86.52048, -12.16203, 2.25138],
							"lerp_mode": "catmullrom"
						},
						"0.625": [89.1001, -22.5581, -7.79888],
						"0.75": [77.06056, -37.39233, -1.58769],
						"0.875": [87.23423, -32.39851, -1.89098],
						"1.0": [44.75386, -5.29571, 5.31847]
					},
					"position": {
						"0.0": [0, 0, 0],
						"0.125": {
							"pre": [0, 2.235, 0.59],
							"post": [0, 2.235, 0.59],
							"lerp_mode": "catmullrom"
						},
						"0.25": {
							"post": [0, 0, 1.25],
							"lerp_mode": "catmullrom"
						},
						"0.5": [0, -1.19, 2.82],
						"0.625": [0, 0, 3],
						"0.75": [0, 1.5, -1.25],
						"1.0": [0, 0, 0]
					}
				},
				"bone28": {
					"rotation": {
						"0.0": [0, -10, 0],
						"0.125": [0.44067, -9.99038, -2.53852],
						"0.25": {
							"pre": [13.81845, -9.91358, -7.61435],
							"post": [13.81845, -9.91358, -7.61435],
							"lerp_mode": "catmullrom"
						},
						"0.5": {
							"post": [2.61298, -9.65594, -15.22074],
							"lerp_mode": "catmullrom"
						},
						"1.0": [0, -10, 0]
					}
				},
				"foot_rear_right": {
					"rotation": {
						"0.0": [16.92522, -21.12395, -40.17802],
						"0.125": [16.73963, -21.26874, -39.66472],
						"0.25": {
							"pre": [18.6929, -19.59366, -45.25566],
							"post": [18.6929, -19.59366, -45.25566],
							"lerp_mode": "catmullrom"
						},
						"0.5": {
							"post": [24.95987, -10.1557, -69.25319],
							"lerp_mode": "catmullrom"
						},
						"0.75": [20.20076, -15.58971, -53.99785],
						"0.875": [12.92854, -23.7075, -29.72447],
						"1.0": [16.92522, -21.12395, -40.17802]
					}
				},
				"bone29": {
					"rotation": {
						"0.0": [-0.54559, -7.48814, 2.51192],
						"0.125": [-3.73916, -11.60415, 27.00388],
						"0.625": [5.95352, -10.64945, -20.43158],
						"0.875": [-0.24158, -12.18147, 10.14958],
						"1.0": [-0.54559, -7.48814, 2.51192]
					}
				}
			}
		},
		"animation.dialga.air_fly2": {
			"loop": true,
			"animation_length": 1,
			"bones": {
				"body": {
					"rotation": {
						"0.0": [5, 0, 0],
						"0.125": [2.5, 0, 0],
						"0.5": {
							"pre": [-5, 0, 0],
							"post": [-5, 0, 0],
							"lerp_mode": "catmullrom"
						},
						"0.75": [0, 0, 0],
						"1.0": [5, 0, 0]
					},
					"position": {
						"0.0": [0, 0, 0],
						"0.5": {
							"pre": [0, 12.21, -13.69],
							"post": [0, 12.21, -13.69],
							"lerp_mode": "catmullrom"
						},
						"1.0": [0, 0, 0]
					}
				},
				"bone3": {
					"rotation": {
						"0.0": [-5, 0, 0],
						"0.25": {
							"pre": [5, 0, 0],
							"post": [5, 0, 0],
							"lerp_mode": "catmullrom"
						},
						"1.0": [-5, 0, 0]
					}
				},
				"neck": {
					"rotation": ["10-math.cos((q.anim_time)*90*8/2-90)*10", 0, 0]
				},
				"bone4": {
					"rotation": ["-5-math.cos((q.anim_time)*90*8/2)*4", 0, 0]
				},
				"head": {
					"rotation": ["-5-math.cos((q.anim_time)*90*8/2)*10", 0, 0]
				},
				"bone20": {
					"rotation": ["-0+math.cos((q.anim_time)*90*8/2-90)*10", 0, 0]
				},
				"bone21": {
					"rotation": ["15-math.cos((q.anim_time)*90*8/2)*5", 0, 0]
				},
				"bone22": {
					"rotation": ["10-math.cos((q.anim_time)*90*8/2)*5", 0, 0]
				},
				"bone23": {
					"rotation": ["7.5-math.cos((q.anim_time)*90*8/2)*5", 0, 0]
				},
				"bone24": {
					"rotation": ["-0-math.cos((q.anim_time)*90*8/2)*5", 0, 0]
				},
				"leg_front_left": {
					"rotation": {
						"0.0": [-4.73923, 31.2213, -11.39943],
						"0.125": [-2.51499, 29.80783, -8.36644],
						"0.25": {
							"pre": [-2.51499, 29.80783, -8.36644],
							"post": [-2.51499, 29.80783, -8.36644],
							"lerp_mode": "catmullrom"
						},
						"0.375": [23.2428, -1.32644, 24.46573],
						"0.5": {
							"pre": [37.20019, -10.80954, 12.56841],
							"post": [37.20019, -10.80954, 12.56841],
							"lerp_mode": "catmullrom"
						},
						"0.625": {
							"post": [39.35993, -13.53757, 13.33621],
							"lerp_mode": "catmullrom"
						},
						"0.75": [27.01261, 15.65771, 4.57088],
						"0.875": [18.40135, 33.19887, -8.35252],
						"1.0": [-4.73923, 31.2213, -11.39943]
					},
					"position": {
						"0.0": [3.25, -1.75, -4],
						"0.125": [3.25, -1.75, -3],
						"0.25": {
							"pre": [3.25, -7.87, 3.25],
							"post": [3.25, -7.87, 3.25],
							"lerp_mode": "catmullrom"
						},
						"0.375": [3.25, -5.8, 7.5],
						"0.5": {
							"pre": [3.25, -4.5, 2.75],
							"post": [3.25, -4.5, 2.75],
							"lerp_mode": "catmullrom"
						},
						"0.75": {
							"post": [3.25, -2.25, 2.75],
							"lerp_mode": "catmullrom"
						},
						"1.0": [3.25, -1.75, -4]
					}
				},
				"bone7": {
					"rotation": {
						"0.0": [0, 0, 7.5],
						"0.25": [0, 0, 20],
						"0.375": [0, 0, 22.5],
						"0.5": {
							"pre": [0, 0, 25],
							"post": [0, 0, 25],
							"lerp_mode": "catmullrom"
						},
						"0.875": [0, 0, 12.5],
						"1.0": [0, 0, 7.5]
					}
				},
				"foot_front_left": {
					"rotation": {
						"0.0": [9.54589, 2.99318, 20.24998],
						"0.125": [9.76758, -2.15393, 49.81594],
						"0.25": {
							"pre": [0, 0, 62.5],
							"post": [0, 0, 62.5],
							"lerp_mode": "catmullrom"
						},
						"0.375": [0, 0, 10],
						"0.625": [0, 0, 50],
						"0.8333": {
							"pre": [12.31594, -2.15393, 39.76758],
							"post": [12.31594, -2.15393, 39.76758],
							"lerp_mode": "catmullrom"
						},
						"1.0": [9.54589, 2.99318, 20.24998]
					}
				},
				"bone9": {
					"rotation": {
						"0.0": [0, 0, 2.5],
						"0.125": [-0.55404, 12.48791, -5.06062],
						"0.25": {
							"pre": [-2.39208, 7.11037, -21.14864],
							"post": [-2.39208, 7.11037, -21.14864],
							"lerp_mode": "catmullrom"
						},
						"0.375": [2.83373, 14.12167, -7.4144],
						"0.5": {
							"pre": [1.84197, 6.82289, 12.57123],
							"post": [1.84197, 6.82289, 12.57123],
							"lerp_mode": "catmullrom"
						},
						"0.875": [2.26708, 7.15102, 15.14168],
						"1.0": [0, 0, 2.5]
					},
					"position": {
						"0.0": [-3.25, 0.5, 0],
						"0.25": {
							"pre": [-0.25, 0.2, 0],
							"post": [-0.25, 0.2, 0],
							"lerp_mode": "catmullrom"
						},
						"0.5": {
							"post": [-4.25, 0.2, 0],
							"lerp_mode": "catmullrom"
						},
						"0.875": [-4.25, 0.2, 0],
						"1.0": [-3.25, 0.5, 0]
					}
				},
				"leg_front_right": {
					"rotation": {
						"0.0": [-11.60483, -34.22209, 15.66789],
						"0.25": {
							"pre": [-1.78245, -28.85917, 2.52828],
							"post": [-1.78245, -28.85917, 2.52828],
							"lerp_mode": "catmullrom"
						},
						"0.375": [26.2952, 0.11047, -25.07232],
						"0.5": {
							"pre": [38.53803, -3.0489, -9.41099],
							"post": [38.53803, -3.0489, -9.41099],
							"lerp_mode": "catmullrom"
						},
						"0.6667": [49.33589, 16.44751, -13.96296],
						"0.875": [17.03766, -31.62663, 1.56148],
						"1.0": [-11.60483, -34.22209, 15.66789]
					},
					"position": {
						"0.0": [-2.25, -0.75, -6],
						"0.125": [-2.25, -3.18, -3.75],
						"0.25": [-2.25, -5.61, 2.5],
						"0.375": [-2.25, -5.825, 7],
						"0.5": {
							"pre": [-2.25, -6.25, 1.75],
							"post": [-2.25, -6.25, 1.75],
							"lerp_mode": "catmullrom"
						},
						"0.75": [-2.25, -2.25, -1.25],
						"1.0": [-2.25, -0.75, -6]
					}
				},
				"bone13": {
					"rotation": {
						"0.0": [0, 0, -15],
						"0.125": [0, 0, -12.41],
						"0.25": {
							"pre": [0, 0, -21],
							"post": [0, 0, -21],
							"lerp_mode": "catmullrom"
						},
						"0.375": [0, 0, -17.5],
						"0.5": {
							"pre": [0, 0, -27.5],
							"post": [0, 0, -27.5],
							"lerp_mode": "catmullrom"
						},
						"0.875": [0, 0, -2.5],
						"1.0": [0, 0, -15]
					}
				},
				"foot_front_right": {
					"rotation": {
						"0.0": [9.40804, -3.40487, -7.78025],
						"0.25": [0.91538, 0.20462, -54.55176],
						"0.375": [0, 0, -22.5],
						"0.625": [0, 0, -60],
						"0.75": [12.5, 0, -45],
						"0.875": [12.2127, 2.68507, -57.2127],
						"1.0": [9.40804, -3.40487, -7.78025]
					}
				},
				"bone27": {
					"rotation": {
						"0.0": [0, 0, -5],
						"0.125": {
							"pre": [-0.219, -2.63802, 5.17415],
							"post": [-0.219, -2.63802, 5.17415],
							"lerp_mode": "catmullrom"
						},
						"0.25": {
							"post": [-0.71925, -4.94813, 18.28108],
							"lerp_mode": "catmullrom"
						},
						"0.375": [1.91348, -9.56195, 15.03577],
						"0.5": {
							"pre": [1.91757, -4.61854, -12.57734],
							"post": [1.91757, -4.61854, -12.57734],
							"lerp_mode": "catmullrom"
						},
						"0.875": [2.31336, -4.43385, -17.58957],
						"1.0": [0, 0, -5]
					},
					"position": {
						"0.0": [0.9, 0.625, 0],
						"0.25": {
							"pre": [-0.35, 0.625, 0],
							"post": [-0.35, 0.625, 0],
							"lerp_mode": "catmullrom"
						},
						"0.5": {
							"post": [2.15, 0.63, 0],
							"lerp_mode": "catmullrom"
						},
						"0.875": [4.4, 0.63, 0],
						"1.0": [0.9, 0.625, 0]
					}
				},
				"leg_rear_left": {
					"rotation": {
						"0.0": [44.56145, 7.05302, -7.10708],
						"0.125": [59.89078, -3.53329, 3.54002],
						"0.25": {
							"pre": [76.04028, -14.30309, -9.24133],
							"post": [76.04028, -14.30309, -9.24133],
							"lerp_mode": "catmullrom"
						},
						"0.5": {
							"post": [94.67189, 10.49277, 3.9047],
							"lerp_mode": "catmullrom"
						},
						"0.625": [81.90692, 22.90466, 3.23421],
						"0.75": [53.7241, 27.47616, 1.87206],
						"0.875": [63.7241, 27.47616, 1.87206],
						"1.0": [44.56145, 7.05302, -7.10708]
					},
					"position": {
						"0.0": [0, 0, 0],
						"0.125": {
							"pre": [0, 0.96, 1.02],
							"post": [0, 0.96, 1.02],
							"lerp_mode": "catmullrom"
						},
						"0.25": {
							"post": [0, 0, 2],
							"lerp_mode": "catmullrom"
						},
						"0.625": [0, 0, 3.25],
						"0.75": [0, 2.25, -1.5],
						"1.0": [0, 0, 0]
					}
				},
				"bone10": {
					"rotation": {
						"0.0": [4.00486, 11.48817, 9.97949],
						"0.25": {
							"pre": [18.45592, 10.6177, 20.13042],
							"post": [18.45592, 10.6177, 20.13042],
							"lerp_mode": "catmullrom"
						},
						"0.875": [15.1746, 14.98164, 5.40742],
						"1.0": [4.00486, 11.48817, 9.97949]
					}
				},
				"foot_rear_left": {
					"rotation": {
						"0.0": [5.123, 21.93857, 38.4936],
						"0.125": [0.41419, 22.49639, 26.08237],
						"0.25": {
							"pre": [3.09472, 22.29711, 33.11003],
							"post": [3.09472, 22.29711, 33.11003],
							"lerp_mode": "catmullrom"
						},
						"0.5": {
							"post": [20.69513, 25.763, 62.51617],
							"lerp_mode": "catmullrom"
						},
						"0.75": [19.7015, 16.24232, 58.00755],
						"0.875": [12.623, 21.93857, 38.4936],
						"1.0": [5.123, 21.93857, 38.4936]
					}
				},
				"bone11": {
					"rotation": {
						"0.0": [-1.28419, 6.71226, -7.32078],
						"0.125": [-3.05261, 13.64009, -22.80637],
						"0.625": [5.46663, 12.87692, 13.17616],
						"0.875": [0.03052, 13.97114, -9.93746],
						"1.0": [-1.28419, 6.71226, -7.32078]
					}
				},
				"leg_rear_right": {
					"rotation": {
						"0.0": [44.75386, -5.29571, 5.31847],
						"0.125": [57.12371, 7.73962, -6.2569],
						"0.25": {
							"pre": [73.73367, 9.41704, 4.9868],
							"post": [73.73367, 9.41704, 4.9868],
							"lerp_mode": "catmullrom"
						},
						"0.5": {
							"post": [87.62954, -9.9204, -2.9651],
							"lerp_mode": "catmullrom"
						},
						"0.625": [89.1001, -22.5581, -7.79888],
						"0.75": [77.06056, -37.39233, -1.58769],
						"0.875": [87.23423, -32.39851, -1.89098],
						"1.0": [44.75386, -5.29571, 5.31847]
					},
					"position": {
						"0.0": [0, 0, 0],
						"0.125": {
							"pre": [0, 2.235, 0.59],
							"post": [0, 2.235, 0.59],
							"lerp_mode": "catmullrom"
						},
						"0.25": {
							"post": [0, 0, 1.25],
							"lerp_mode": "catmullrom"
						},
						"0.625": [0, 0, 3],
						"0.75": [0, 1.5, -1.25],
						"1.0": [0, 0, 0]
					}
				},
				"bone28": {
					"rotation": {
						"0.0": [0, -10, 0],
						"0.125": [0.44067, -9.99038, -2.53852],
						"0.25": {
							"pre": [13.81845, -9.91358, -7.61435],
							"post": [13.81845, -9.91358, -7.61435],
							"lerp_mode": "catmullrom"
						},
						"0.5": {
							"post": [2.61298, -9.65594, -15.22074],
							"lerp_mode": "catmullrom"
						},
						"1.0": [0, -10, 0]
					}
				},
				"foot_rear_right": {
					"rotation": {
						"0.0": [16.92522, -21.12395, -40.17802],
						"0.125": [16.73963, -21.26874, -39.66472],
						"0.25": {
							"pre": [18.6929, -19.59366, -45.25566],
							"post": [18.6929, -19.59366, -45.25566],
							"lerp_mode": "catmullrom"
						},
						"0.5": {
							"post": [24.95987, -10.1557, -69.25319],
							"lerp_mode": "catmullrom"
						},
						"0.75": [20.20076, -15.58971, -53.99785],
						"0.875": [12.92854, -23.7075, -29.72447],
						"1.0": [16.92522, -21.12395, -40.17802]
					}
				},
				"bone29": {
					"rotation": {
						"0.0": [-0.54559, -7.48814, 2.51192],
						"0.125": [-3.73916, -11.60415, 27.00388],
						"0.625": [5.95352, -10.64945, -20.43158],
						"0.875": [-0.24158, -12.18147, 10.14958],
						"1.0": [-0.54559, -7.48814, 2.51192]
					}
				}
			}
		},
		"animation.dialga.ride_ground_run": {
			"loop": true
		}
	}
}