{
  "species": "cobblemon:zygarde",
  "order": 2,
  "variations": [
    {
      "aspects": [ "10-percent" ],
      "poser": "cobblemon:zygarde_tenpercent",
      "model": "cobblemon:zygarde_tenpercent.geo",
      "texture": "cobblemon:textures/pokemon/zygarde/zygarde_tenpercent.png",
      "layers": [
        {
          "name": "glow",
          "emissive": true,
          "texture": "cobblemon:textures/pokemon/zygarde/zygarde_tenpercent_emissive.png",
          "translucent": false
        },
        {
          "name": "glowlights",
          "emissive": true,
          "texture": {
            "frames": [
              "cobblemon:textures/pokemon/zygarde/tenpercent_lights_1.png",
              "cobblemon:textures/pokemon/zygarde/tenpercent_lights_2.png",
              "cobblemon:textures/pokemon/zygarde/tenpercent_lights_3.png",
              "cobblemon:textures/pokemon/zygarde/tenpercent_lights_4.png",
              "cobblemon:textures/pokemon/zygarde/tenpercent_lights_5.png",
              "cobblemon:textures/pokemon/zygarde/tenpercent_lights_6.png",
              "cobblemon:textures/pokemon/zygarde/tenpercent_lights_7.png",
              "cobblemon:textures/pokemon/zygarde/tenpercent_lights_8.png",
              "cobblemon:textures/pokemon/zygarde/tenpercent_lights_9.png",
              "cobblemon:textures/pokemon/zygarde/tenpercent_lights_10.png",
              "cobblemon:textures/pokemon/zygarde/tenpercent_lights_11.png",
              "cobblemon:textures/pokemon/zygarde/tenpercent_lights_12.png",
              "cobblemon:textures/pokemon/zygarde/tenpercent_lights_13.png",
              "cobblemon:textures/pokemon/zygarde/tenpercent_lights_14.png",
              "cobblemon:textures/pokemon/zygarde/tenpercent_lights_15.png",
              "cobblemon:textures/pokemon/zygarde/tenpercent_lights_16.png"
            ],
            "fps": 5,
            "loop": true,
            "translucent": false
          }
        }
      ]
    },
    {
      "aspects": [ "shiny" , "10-percent" ],
      "texture": "cobblemon:textures/pokemon/zygarde/zygarde_tenpercent_shiny.png",
       "layers": [
        {
          "name": "glow",
          "emissive": true,
          "texture": "cobblemon:textures/pokemon/zygarde/zygarde_tenpercent_emissive.png",
          "translucent": false
        },
        {
          "name": "glowlights",
          "emissive": true,
          "texture": {
            "frames": [
              "cobblemon:textures/pokemon/zygarde/tenpercent_lights_1.png",
              "cobblemon:textures/pokemon/zygarde/tenpercent_lights_2.png",
              "cobblemon:textures/pokemon/zygarde/tenpercent_lights_3.png",
              "cobblemon:textures/pokemon/zygarde/tenpercent_lights_4.png",
              "cobblemon:textures/pokemon/zygarde/tenpercent_lights_5.png",
              "cobblemon:textures/pokemon/zygarde/tenpercent_lights_6.png",
              "cobblemon:textures/pokemon/zygarde/tenpercent_lights_7.png",
              "cobblemon:textures/pokemon/zygarde/tenpercent_lights_8.png",
              "cobblemon:textures/pokemon/zygarde/tenpercent_lights_9.png",
              "cobblemon:textures/pokemon/zygarde/tenpercent_lights_10.png",
              "cobblemon:textures/pokemon/zygarde/tenpercent_lights_11.png",
              "cobblemon:textures/pokemon/zygarde/tenpercent_lights_12.png",
              "cobblemon:textures/pokemon/zygarde/tenpercent_lights_13.png",
              "cobblemon:textures/pokemon/zygarde/tenpercent_lights_14.png",
              "cobblemon:textures/pokemon/zygarde/tenpercent_lights_15.png",
              "cobblemon:textures/pokemon/zygarde/tenpercent_lights_16.png"
            ],
            "fps": 5,
            "loop": true,
            "translucent": false
          }
        }
      ]
    }
  ]
}