{
	"music.menu": {
		"category": "music",
		"replace": true,
		"sounds": [
			{
				"name": "music/game/comforting_memories",
				"volume": 0.9,
				"stream": true
			},
			{
				"name": "music/game/echo_in_the_wind",
				"volume": 0.9,
				"stream": true
			},
			{
				"name": "music/game/stand_tall",
				"volume": 0.9,
				"stream": true
			},
			{
				"name": "music/menu/welcome_back",
				"volume": 0.9,
				"stream": true
			}
		]
	},
	"music.end": {
    	"category": "music",
		"replace": true,
    	"sounds": [
			{ 
				"name": "minecraft:music/game/end/the_end", 
				"stream": true 
			},
			{ 
				"name": "lumymon:music/distortion/turnback",
				"stream": true 
			},
			{ 
				"name": "minecraft:music/game/end/future",
				"stream": true 
			}
    	]
  	}
}