{
 "portraitScale": 1,
 "portraitTranslation": [0, 1, 0],
 "profileScale": 0.7,
 "profileTranslation": [0, 1, 0],
 "animations": {
   "physical": "q.bedrock_primary('beautifly', 'physical', q.curve('symmetrical_wide'))",
    "cry": "q.bedrock_stateful('beautifly', 'cry')"
 },
 "poses": {
   "battle-standing": {
     "poseTypes": ["STAND"],
     "isBattle": true,
     "animations": [
       "q.look('head')",
       "q.bedrock('beautifly', 'battle_idle')"
     ]
   },
   "standing": {
     "poseTypes": ["STAND", "NONE", "PORTRAIT", "PROFILE"],
     "isBattle": false,
     "animations": [
       "q.look('head')",
       "q.bedrock('beautifly', 'ground_idle')"
     ]
   },
   "hover": {
     "poseTypes": ["HOVER"],
     "animations": [
       "q.look('head')",
       "q.bedrock('beautifly', 'air_idle')"
     ]
   },
   "fly": {
     "poseTypes": ["FLY"],
     "animations": [
       "q.look('head')",
       "q.bedrock('beautifly', 'air_fly')"
     ]
   }
 }
}