{
 "portraitScale": 1,
 "portraitTranslation": [0, 0, 0],
 "profileScale": 1,
 "profileTranslation": [0, 0.2, 0],
 "animations": {
   "physical": "q.bedrock_primary('cascoon', 'physical', q.curve('symmetrical_wide'))",
    "cry": "q.bedrock_stateful('cascoon', 'cry')"
 },
 "poses": {
   "battle-standing": {
     "poseTypes": ["STAND"],
     "isBattle": true,
     "animations": [
       "q.look('head')",
       "q.bedrock('cascoon', 'walk')"
     ]
   },
   "standing": {
     "poseTypes": ["STAND", "NONE", "PORTRAIT", "PROFILE"],
     "isBattle": false,
     "animations": [
       "q.look('head')",
       "q.bedrock('cascoon', 'idle')"
     ]
   },
   "walking": {
     "poseTypes": ["WALK"],
     "animations": [
       "q.look('head')",
       "q.bedrock('cascoon', 'walk')"
     ]
   }
 }
}