{
 "portraitScale": 1,
 "portraitTranslation": [0, 1, 0],
 "profileScale": 0.75,
 "profileTranslation": [0, 1.2, 0],
 "animations": {
   "physical": "q.bedrock_primary('dustox', 'physical', q.curve('symmetrical_wide'))",
    "cry": "q.bedrock_stateful('dustox', 'cry')"
 },
 "poses": {
   "battle-standing": {
     "poseTypes": ["STAND"],
     "isBattle": true,
     "animations": [
       "q.look('head')",
       "q.bedrock('dustox', 'battle_idle')"
     ]
   },
   "standing": {
     "poseTypes": ["STAND", "NONE", "PORTRAIT", "PROFILE"],
     "isBattle": false,
     "animations": [
       "q.look('head')",
       "q.bedrock('dustox', 'ground_idle')"
     ]
   },
   "hover": {
     "poseTypes": ["HOVER"],
     "animations": [
       "q.look('head')",
       "q.bedrock('dustox', 'air_idle')"
     ]
   },
   "fly": {
     "poseTypes": ["FLY"],
     "animations": [
       "q.look('head')",
       "q.bedrock('dustox', 'air_fly')"
     ]
   }
 }
}