{
  "portraitScale": 1,
  "portraitTranslation": [0, 0, 0],
  "profileScale": 1,
  "profileTranslation": [0, 0.3, 0],
  "animations": {
    "physical": "q.bedrock_primary('wurmple', 'physical', q.curve('symmetrical_wide'))",
    "cry": "q.bedrock_stateful('wurmple', 'cry')"
  },
  "poses": {
    "battle-standing": {
      "poseTypes": ["STAND"],
    "isBattle": true,
      "animations": [
        "q.look('head')",
        "q.bedrock('wurmple', 'battle_idle')"
      ]
    },
    "standing": {
      "poseTypes": ["STAND", "NONE", "PORTRAIT", "PROFILE"],
      "isBattle": false,
      "animations": [
        "q.look('head')",
        "q.bedrock('wurmple', 'ground_idle')"
      ]
    },
    "walking": {
      "poseTypes": ["WALK"],
      "animations": [
        "q.look('head')",
        "q.bedrock('wurmple', 'ground_walk')"
      ]
    }
  }
}