{
	"format_version": "1.8.0",
	"animations": {
		"animation.scraggy.ground_idle": {
			"loop": true,
			"bones": {
				"body_bend": {
					"rotation": ["5+math.cos(q.anim_time*90*4-0)*1", 0, 0]
				},
				"torso": {
					"rotation": [-5, 0, 0]
				},
				"neck": {
					"rotation": ["-5+math.cos(q.anim_time*90*4-60)*1.45", 0, 0]
				},
				"head": {
					"rotation": ["10+math.cos(q.anim_time*90*4-90)*3", 0, 0]
				},
				"spike": {
					"rotation": [-3.28761, 22.22485, 8.37516]
				},
				"arm_right": {
					"rotation": ["49.50022+math.cos(q.anim_time*90*4-60)*-2", -8.7942, -32.54167]
				},
				"elbow_right": {
					"rotation": [0, -62.5, 0]
				},
				"pants_top": {
					"rotation": ["0+math.cos(q.anim_time*90*4-30)*1", 0, 0],
					"position": [0, 0, 0]
				},
				"tail": {
					"rotation": [2.5, 0, 0]
				},
				"foot_right": {
					"rotation": [0, 25, 0]
				},
				"foot_left": {
					"rotation": [-5, -25, 0]
				},
				"tail2": {
					"rotation": [16.32668, 3.66209, 9.25334]
				},
				"tail3": {
					"rotation": [-33.48333, -4.51375, 7.36953]
				},
				"tail4": {
					"rotation": [-15, 0, 0]
				},
				"tail5": {
					"rotation": [25, 0, 0]
				},
				"hand_right": {
					"rotation": [0, 0, -17.5]
				},
				"arm_left": {
					"rotation": ["49.50022+math.cos(q.anim_time*90*4-60)*-2", 8.7942, 32.54167]
				},
				"elbow_left": {
					"rotation": [0, 72.5, 0]
				},
				"hand_left": {
					"rotation": [0, 0, 7.5]
				}
			}
		},
		"animation.scraggy.ground_walk": {
			"loop": true,
			"animation_length": 0.5,
			"bones": {
				"body_bend": {
					"rotation": [6, "-0-math.cos(q.anim_time*90*8-0)*1.5", 0]
				},
				"torso": {
					"rotation": [-5, 0, 0]
				},
				"neck": {
					"rotation": ["-1.775+math.cos(q.anim_time*90*16-60)*1.5", 0, 0]
				},
				"head": {
					"rotation": ["0+math.cos(q.anim_time*90*16-90)*2", 0, 0]
				},
				"spike": {
					"rotation": [-3.28761, 22.22485, 8.37516]
				},
				"arm_right": {
					"rotation": [48.50022, -8.7942, -32.54167]
				},
				"elbow_right": {
					"rotation": [0, -62.5, 0]
				},
				"pants_top": {
					"rotation": ["0.85+math.cos(q.anim_time*90*16-30)*2", "-0-math.cos(q.anim_time*90*8-0)*1.5", 0],
					"position": [0, 0, 0]
				},
				"tail": {
					"rotation": ["-22.5+math.cos(q.anim_time*90*16-30)*1", "0+math.cos(q.anim_time*90*8-30)*1", 0]
				},
				"foot_right": {
					"rotation": {
						"0.0": [-6, 0, 0],
						"0.25": {
							"pre": [42, -5, 0],
							"post": [42, -5, 0],
							"lerp_mode": "catmullrom"
						},
						"0.375": {
							"post": [-2, -2.5, 0],
							"lerp_mode": "catmullrom"
						},
						"0.5": [-6, 0, 0]
					},
					"position": {
						"0.0": [0, -0.7, -1.5],
						"0.125": [0, -0.62, -0.25],
						"0.25": {
							"pre": [0, -1.2, 1],
							"post": [0, -1.2, 1],
							"lerp_mode": "catmullrom"
						},
						"0.375": {
							"post": [0, 0, -0.25],
							"lerp_mode": "catmullrom"
						},
						"0.5": [0, -0.7, -1.5]
					}
				},
				"foot_left": {
					"rotation": {
						"0.0": {
							"post": [42, -5, 0],
							"lerp_mode": "catmullrom"
						},
						"0.125": {
							"post": [-2, -2.5, 0],
							"lerp_mode": "catmullrom"
						},
						"0.25": [-6, 0, 0],
						"0.5": {
							"pre": [42, -5, 0],
							"post": [42, -5, 0],
							"lerp_mode": "catmullrom"
						}
					},
					"position": {
						"0.0": {
							"post": [0, -1.2, 1],
							"lerp_mode": "catmullrom"
						},
						"0.125": {
							"post": [0, 0, -0.25],
							"lerp_mode": "catmullrom"
						},
						"0.25": [0, -0.7, -1.5],
						"0.375": [0, -0.62, -0.25],
						"0.5": {
							"pre": [0, -1.2, 1],
							"post": [0, -1.2, 1],
							"lerp_mode": "catmullrom"
						}
					}
				},
				"tail2": {
					"rotation": ["7.9720871954+math.cos(q.anim_time*90*16-60)*1.4", -3.55196, 7.03]
				},
				"tail3": {
					"rotation": ["-12.5+math.cos(q.anim_time*90*16-90)*-2", "5+math.cos(q.anim_time*90*8-90)*2", 0]
				},
				"tail4": {
					"rotation": [12.5, 0, 0]
				},
				"tail5": {
					"rotation": [25, 0, 0]
				},
				"hand_right": {
					"rotation": [0, 0, -17.5]
				},
				"arm_left": {
					"rotation": [48.50022, 8.7942, 32.54167]
				},
				"elbow_left": {
					"rotation": [0, 72.5, 0]
				},
				"hand_left": {
					"rotation": [0, 0, 7.5]
				},
				"body": {
					"rotation": [10, 0, 0],
					"position": {
						"0.0": {
							"post": [0, "0.75+math.cos(q.anim_time*90*16-0)*0.2", 0],
							"lerp_mode": "catmullrom"
						}
					}
				},
				"foot_bend": {
					"rotation": {
						"0.0": [0, 0, 0],
						"0.25": {
							"pre": [-40, 0, 0],
							"post": [-40, 0, 0],
							"lerp_mode": "catmullrom"
						},
						"0.375": {
							"post": [-10, 0, 0],
							"lerp_mode": "catmullrom"
						},
						"0.5": [0, 0, 0]
					}
				},
				"foot_bend2": {
					"rotation": {
						"0.0": {
							"post": [-37.5, 0, 0],
							"lerp_mode": "catmullrom"
						},
						"0.125": {
							"post": [-3.75, 0, 0],
							"lerp_mode": "catmullrom"
						},
						"0.25": [0, 0, 0],
						"0.5": {
							"pre": [-37.5, 0, 0],
							"post": [-37.5, 0, 0],
							"lerp_mode": "catmullrom"
						}
					}
				},
				"pants_middle": {
					"rotation": [0, "-0-math.cos(q.anim_time*90*8-0)*1.5", 0]
				},
				"pants_bottom": {
					"rotation": [0, "-0-math.cos(q.anim_time*90*8-0)*1.5", 0]
				}
			}
		},
		"animation.scraggy.battle_cry": {
			"animation_length": 1,
			"bones": {
				"body_bend": {
					"rotation": [5, 0, 0]
				},
				"torso": {
					"rotation": [-5, 0, 0]
				},
				"neck": {
					"rotation": {
						"0.0": [-5, 0, 0],
						"0.0833": [-2.5, 0, 0],
						"1.0": [-5, 0, 0]
					}
				},
				"head": {
					"rotation": {
						"0.0": [10, 0, 0],
						"0.0417": [5, 0, 0],
						"0.125": {
							"pre": [-1, 0, 0],
							"post": [-1, 0, 0],
							"lerp_mode": "catmullrom"
						},
						"0.1667": {
							"post": ["-1+math.cos(q.anim_time*90*42-0)*0.5", 0, 0],
							"lerp_mode": "catmullrom"
						},
						"0.25": {
							"post": ["-1+math.cos(q.anim_time*90*42-0)*0.5", 0, 0],
							"lerp_mode": "catmullrom"
						},
						"0.3333": {
							"post": [5, 0, 0],
							"lerp_mode": "catmullrom"
						},
						"0.375": {
							"post": ["-1+math.cos(q.anim_time*90*42-0)*0.5", 0, 0],
							"lerp_mode": "catmullrom"
						},
						"0.5417": {
							"post": [-3.5, 0, 0],
							"lerp_mode": "catmullrom"
						},
						"1.0": [10, 0, 0]
					}
				},
				"spike": {
					"rotation": [-3.28761, 22.22485, 8.37516]
				},
				"arm_right": {
					"rotation": {
						"0.0": [41.48141, -6.03041, -37.7329],
						"0.125": {
							"pre": [38.04666, -18.9058, -22.01848],
							"post": [38.04666, -18.9058, -22.01848],
							"lerp_mode": "catmullrom"
						},
						"0.4167": [38.04666, -18.9058, -22.01848],
						"0.4583": [20.241, -18.642, -14.48458],
						"0.6667": {
							"pre": [8.5941, -19.32341, -12.49607],
							"post": [8.5941, -19.32341, -12.49607],
							"lerp_mode": "catmullrom"
						},
						"1.0": [41.48141, -6.03041, -37.7329]
					}
				},
				"elbow_right": {
					"rotation": [0, -62.5, 0]
				},
				"pants_top": {
					"rotation": {
						"0.0": [0, 0, 0],
						"0.125": {
							"pre": [-8.0287, -4.95744, 2.34818],
							"post": [-8.0287, -4.95744, 2.34818],
							"lerp_mode": "catmullrom"
						},
						"0.4167": {
							"post": [-8.0287, -4.95744, 2.34818],
							"lerp_mode": "catmullrom"
						},
						"0.5": {
							"post": [-8.0287, -4.95744, 2.34818],
							"lerp_mode": "catmullrom"
						},
						"0.6667": {
							"post": [0, 0, 0],
							"lerp_mode": "catmullrom"
						},
						"0.9583": [0, 0, 0]
					},
					"position": {
						"0.0": [0, 0, 0],
						"0.125": {
							"pre": [0, 1, 0],
							"post": [0, 1, 0],
							"lerp_mode": "catmullrom"
						},
						"0.4167": {
							"post": [0, 1, 0],
							"lerp_mode": "catmullrom"
						},
						"0.5": {
							"post": [0, 1.7, 0],
							"lerp_mode": "catmullrom"
						},
						"0.6667": {
							"post": [0, 0, 0],
							"lerp_mode": "catmullrom"
						},
						"0.9583": [0, 0, 0]
					},
					"scale": {
						"0.0": [1, 1, 1],
						"0.125": [1, 1, 1],
						"0.4167": [1, 1, 1],
						"0.5": [1, 1.25, 0.9],
						"0.6667": {
							"pre": [1, 1, 1],
							"post": [1, 1, 1],
							"lerp_mode": "catmullrom"
						},
						"0.9583": [1, 1, 1]
					}
				},
				"tail": {
					"rotation": {
						"0.0": [2.5, 0, 0],
						"0.1667": [2.5, 0, 0],
						"0.4167": {
							"pre": [2.5, 0, 0],
							"post": [2.5, 0, 0],
							"lerp_mode": "catmullrom"
						},
						"0.5": {
							"post": [-5.5, 0, 0],
							"lerp_mode": "catmullrom"
						},
						"0.6667": {
							"post": [0.5, 0, 0],
							"lerp_mode": "catmullrom"
						},
						"1.0": [2.5, 0, 0]
					},
					"position": {
						"0.0": [0, 0, 0],
						"0.1667": [0, 0, -0.5],
						"0.4167": {
							"pre": [0, 0, -0.5],
							"post": [0, 0, -0.5],
							"lerp_mode": "catmullrom"
						},
						"0.5": {
							"post": [0, 0.4, -0.5],
							"lerp_mode": "catmullrom"
						},
						"0.6667": {
							"post": [0, 0, 0],
							"lerp_mode": "catmullrom"
						},
						"1.0": [0, 0, 0]
					}
				},
				"foot_right": {
					"rotation": [0, 25, 0]
				},
				"foot_left": {
					"rotation": [-5, -25, 0]
				},
				"tail2": {
					"rotation": {
						"0.0": [16.32668, 3.66209, 9.25334],
						"0.1667": [16.32668, 3.66209, 9.25334],
						"0.4167": {
							"pre": [16.32668, 3.66209, 9.25334],
							"post": [16.32668, 3.66209, 9.25334],
							"lerp_mode": "catmullrom"
						},
						"0.5": {
							"post": [13.82668, 3.66209, 9.25334],
							"lerp_mode": "catmullrom"
						},
						"0.6667": {
							"post": [18.32668, 3.66209, 9.25334],
							"lerp_mode": "catmullrom"
						},
						"1.0": [16.32668, 3.66209, 9.25334]
					}
				},
				"tail3": {
					"rotation": {
						"0.0": [-33.48333, -4.51375, 7.36953],
						"0.1667": [-33.48333, -4.51375, 7.36953],
						"0.4167": {
							"pre": [-33.48333, -4.51375, 7.36953],
							"post": [-33.48333, -4.51375, 7.36953],
							"lerp_mode": "catmullrom"
						},
						"0.5": {
							"post": [-20.98333, -4.51375, 7.36953],
							"lerp_mode": "catmullrom"
						},
						"0.6667": {
							"post": [-33.48333, -4.51375, 7.36953],
							"lerp_mode": "catmullrom"
						},
						"1.0": [-33.48333, -4.51375, 7.36953]
					}
				},
				"tail4": {
					"rotation": [-15, 0, 0]
				},
				"tail5": {
					"rotation": [25, 0, 0]
				},
				"hand_right": {
					"rotation": [0, 0, -17.5]
				},
				"arm_left": {
					"rotation": {
						"0.0": [41.48141, 6.03041, 37.7329],
						"0.125": {
							"pre": [38.04666, 18.9058, 22.01848],
							"post": [38.04666, 18.9058, 22.01848],
							"lerp_mode": "catmullrom"
						},
						"0.4167": [38.04666, 18.9058, 22.01848],
						"0.4583": [20.241, 18.642, 14.48458],
						"0.6667": {
							"pre": [8.5941, 19.32341, 12.49607],
							"post": [8.5941, 19.32341, 12.49607],
							"lerp_mode": "catmullrom"
						},
						"1.0": [41.48141, 6.03041, 37.7329]
					}
				},
				"elbow_left": {
					"rotation": [0, 62.5, 0]
				},
				"hand_left": {
					"rotation": [0, 0, 7.5]
				},
				"mouth": {
					"position": {
						"0.0": [0, 0, 0],
						"0.2917": [0, 0, 0],
						"0.3333": {
							"pre": [0, 0, 0],
							"post": [0, 0, -0.1]
						},
						"0.6667": [0, 0, -0.1],
						"0.7083": {
							"pre": [0, 0, -0.1],
							"post": [0, 0, 0]
						}
					}
				},
				"pants_middle": {
					"rotation": {
						"0.0": [0, 0, 0],
						"0.125": {
							"pre": [-2, 0, 0],
							"post": [-2, 0, 0],
							"lerp_mode": "catmullrom"
						},
						"0.4167": {
							"post": [-2, 0, 0],
							"lerp_mode": "catmullrom"
						},
						"0.5": {
							"post": [-2, 0, 0],
							"lerp_mode": "catmullrom"
						},
						"0.6667": {
							"post": [0, 0, 0],
							"lerp_mode": "catmullrom"
						},
						"0.9583": [0, 0, 0]
					},
					"position": {
						"0.0": [0, 0, 0],
						"0.125": {
							"pre": [0, 0.5, 0],
							"post": [0, 0.5, 0],
							"lerp_mode": "catmullrom"
						},
						"0.4167": {
							"post": [0, 0.5, 0],
							"lerp_mode": "catmullrom"
						},
						"0.5": {
							"post": [0, 0.8, 0],
							"lerp_mode": "catmullrom"
						},
						"0.6667": {
							"post": [0, 0, 0],
							"lerp_mode": "catmullrom"
						},
						"0.9583": [0, 0, 0]
					},
					"scale": {
						"0.0": [1, 1, 1],
						"0.125": [1, 1, 1],
						"0.4167": [1, 1, 1],
						"0.5": [1, 1.21, 0.97],
						"0.6667": {
							"pre": [1, 1, 1],
							"post": [1, 1, 1],
							"lerp_mode": "catmullrom"
						},
						"0.9583": [1, 1, 1]
					}
				}
			},
			"sound_effects": {
				"0.0833": {
					"effect": "pokemon.scraggy.cry"
				}
			}
		},
		"animation.scraggy.blink": {
			"animation_length": 0.1667,
			"bones": {
				"eyelid_right": {
					"position": {
						"0.0": [-0.1, 0, -0.1],
						"0.125": [-0.1, 0, -0.1],
						"0.1667": [0, 0, 0]
					}
				},
				"eyelid_left": {
					"position": {
						"0.0": [0.1, 0, -0.1],
						"0.125": [0.1, 0, -0.1],
						"0.1667": [0, 0, 0]
					}
				}
			}
		},
		"animation.scraggy.mouth": {
			"loop": true,
			"bones": {
				"mouth": {
					"position": [0, 0, -0.1]
				}
			}
		},
		"animation.scraggy.mouth2": {
			"loop": true,
			"bones": {
				"mouth": {
					"position": [0, 0, -0.1]
				},
				"mouth2": {
					"position": [0, 0, -0.1]
				}
			}
		},
		"animation.scraggy.cry": {
			"animation_length": 1.0417,
			"bones": {
				"neck": {
					"rotation": {
						"0.0": [0, 0, 0],
						"0.0833": {
							"pre": [-2.5, 0, 0],
							"post": [-2.5, 0, 0],
							"lerp_mode": "catmullrom"
						},
						"0.25": {
							"post": [-2.5, 0, 0],
							"lerp_mode": "catmullrom"
						},
						"0.375": {
							"post": [0, 0, 0],
							"lerp_mode": "catmullrom"
						},
						"0.5": {
							"post": [-3.5, 0, 0],
							"lerp_mode": "catmullrom"
						},
						"0.9583": [0, 0, 0]
					}
				},
				"head": {
					"rotation": {
						"0.0": [0, 0, 0],
						"0.0417": [5, 0, 0],
						"0.125": {
							"pre": [-1, 0, 0],
							"post": [-1, 0, 0],
							"lerp_mode": "catmullrom"
						},
						"0.1667": {
							"post": ["-1+math.cos(q.anim_time*90*42-0)*0.5", 0, 0],
							"lerp_mode": "catmullrom"
						},
						"0.25": {
							"post": ["-1+math.cos(q.anim_time*90*42-0)*0.5", 0, 0],
							"lerp_mode": "catmullrom"
						},
						"0.3333": {
							"post": [5, 0, 0],
							"lerp_mode": "catmullrom"
						},
						"0.375": {
							"post": ["-1+math.cos(q.anim_time*90*42-0)*0.5", 0, 0],
							"lerp_mode": "catmullrom"
						},
						"0.5417": {
							"post": [-3.5, 0, 0],
							"lerp_mode": "catmullrom"
						},
						"1.0": [0, 0, 0]
					}
				},
				"mouth": {
					"position": {
						"0.0": [0, 0, 0],
						"0.2917": [0, 0, 0],
						"0.3333": {
							"pre": [0, 0, 0],
							"post": [0, 0, -0.1]
						},
						"0.6667": [0, 0, -0.1],
						"0.7083": {
							"pre": [0, 0, -0.1],
							"post": [0, 0, 0]
						}
					}
				}
			},
			"sound_effects": {
				"0.0833": {
					"effect": "pokemon.scraggy.cry"
				}
			}
		}
	}
}