{
    "pokemons": ["Lucario"],
    "consume": 0,
    "form_apply_order": [
      "cafe-costume",
      "captain-costume",
      "chef-costume",
      "concert-costume",
      "costume_party-costume",
      "holiday-costume",
      "martial_arts-costume",
      "ruins-costume",
      "space-costume",
      "no-costume"
    ],
    "aspect_conditions": [
      {
        "apply": {
          "aspects": ["costume=cafe"],
          "aspect": {
            "required_aspects": [["no-costume"]]
          }
        }
      },
      {
        "apply": {
          "aspects": ["costume=captain"],
          "aspect": {
            "required_aspects": [["cafe-costume"]]
          }
        }
      },
      {
        "apply": {
          "aspects": ["costume=chef"],
          "aspect": {
            "required_aspects": [["captain-costume"]]
          }
        }
      },
      {
        "apply": {
          "aspects": ["costume=concert"],
          "aspect": {
            "required_aspects": [["chef-costume"]]
          }
        }
      },
      {
        "apply": {
          "aspects": ["costume=costume_party"],
          "aspect": {
            "required_aspects": [["concert-costume"]]
          }
        }
      },
      {
        "apply": {
          "aspects": ["costume=holiday"],
          "aspect": {
            "required_aspects": [["costume_party-costume"]]
          }
        }
      },
      {
        "apply": {
          "aspects": ["costume=martial_arts"],
          "aspect": {
            "required_aspects": [["holiday-costume"]]
          }
        }
      },
      {
        "apply": {
          "aspects": ["costume=ruins"],
          "aspect": {
            "required_aspects": [["martial_arts-costume"]]
          }
        }
      },
      {
        "apply": {
          "aspects": ["costume=space"],
          "aspect": {
            "required_aspects": [["ruins-costume"]]
          }
        }
      },
      {
        "apply": {
          "aspects": ["costume=no"],
          "aspect": {
            "required_aspects": [["space-costume"]]
          }
        }
      }
    ],
    "effects": [
        "mega_showdown:costume_box",
        "mega_showdown:costume_box",
        "mega_showdown:costume_box",
        "mega_showdown:costume_box",
        "mega_showdown:costume_box",
        "mega_showdown:costume_box",
        "mega_showdown:costume_box",
        "mega_showdown:costume_box",
        "mega_showdown:costume_box",
        "mega_showdown:costume_box"
    ]
  }