{
	"format_version": "1.12.0",
	"minecraft:geometry": [
		{
			"description": {
				"identifier": "geometry.unknown",
				"texture_width": 256,
				"texture_height": 256,
				"visible_bounds_width": 8,
				"visible_bounds_height": 7.5,
				"visible_bounds_offset": [0, 3.25, 0]
			},
			"bones": [
				{
					"name": "hatterene",
					"pivot": [0, 0, 0]
				},
				{
					"name": "body",
					"parent": "hatterene",
					"pivot": [0, 0, 0],
					"cubes": [
						{"origin": [-4, 0, -4], "size": [8, 4, 8], "uv": [152, 113]}
					]
				},
				{
					"name": "locator_seat_1",
					"parent": "body",
					"pivot": [0, 56, 12],
					"locators": {
						"seat_1": [0, 56, 12]
					}
				},
				{
					"name": "body_hair_closed",
					"parent": "body",
					"pivot": [0, 4, 3.5],
					"cubes": [
						{"origin": [-4, 0, 4], "size": [8, 4, 1], "inflate": 0.01, "uv": [26, 176]}
					]
				},
				{
					"name": "body_bend_base",
					"parent": "body",
					"pivot": [0, 4, 0],
					"cubes": [
						{"origin": [-6, 8, -6], "size": [12, 16, 12], "uv": [79, 79]},
						{"origin": [-5, 4, -5], "size": [10, 4, 10], "uv": [136, 133]}
					]
				},
				{
					"name": "body_bend_hair_closed",
					"parent": "body_bend_base",
					"pivot": [0, 4, 3.5],
					"cubes": [
						{"origin": [-5, 4, -1], "size": [10, 4, 6], "inflate": 0.01, "uv": [0, 180]}
					]
				},
				{
					"name": "body_bend",
					"parent": "body_bend_base",
					"pivot": [0, 11, 0]
				},
				{
					"name": "body_closed",
					"parent": "body_bend",
					"pivot": [0, 25, -0.5],
					"cubes": [
						{"origin": [-8, 14, -6.5], "size": [16, 11, 0], "inflate": 0.01, "uv": [52, 157]},
						{"origin": [-8, 14, -6.5], "size": [0, 11, 15], "inflate": 0.01, "uv": [0, 3]},
						{"origin": [-8, 14, 8.5], "size": [16, 11, 0], "inflate": 0.01, "uv": [153, 0]},
						{"origin": [-8, 25, -6.5], "size": [16, 0, 15], "inflate": 0.01, "uv": [0, 79]},
						{"origin": [-8, 14, -6.5], "size": [16, 0, 15], "inflate": 0.01, "uv": [32, 79]},
						{"origin": [-7, 8, -6.5], "size": [0, 6, 13], "inflate": 0.01, "uv": [26, 142]},
						{"origin": [-7, 8, -6.5], "size": [14, 6, 0], "inflate": 0.01, "uv": [166, 21]},
						{"origin": [8, 14, -6.5], "size": [0, 11, 15], "inflate": 0.01, "uv": [42, 125]},
						{"origin": [7, 8, -6.5], "size": [0, 6, 13], "inflate": 0.01, "uv": [0, 139]},
						{"origin": [-7, 8, 6.5], "size": [14, 6, 0], "inflate": 0.01, "uv": [165, 98]},
						{"origin": [-7, 8, -6.5], "size": [14, 0, 13], "inflate": 0.01, "uv": [88, 18]}
					]
				},
				{
					"name": "torso",
					"parent": "body_bend",
					"pivot": [0, 25, 0],
					"cubes": [
						{"origin": [-4.5, 23, -4.5], "size": [9, 9, 7], "inflate": 0.01, "uv": [143, 82]}
					]
				},
				{
					"name": "torso_closed",
					"parent": "torso",
					"pivot": [0, 25, -0.5],
					"cubes": [
						{"origin": [7, 26.5, -6.5], "size": [0, 6, 14], "uv": [36, 100]},
						{"origin": [-7, 26.5, -6.5], "size": [14, 0, 14], "uv": [101, 77]},
						{"origin": [-7, 26.5, -6.5], "size": [0, 6, 14], "uv": [38, 94]},
						{"origin": [-7, 26.5, 7.5], "size": [14, 6, 0], "uv": [166, 27]},
						{"origin": [-7, 26.5, -6.5], "size": [14, 6, 0], "uv": [166, 133]},
						{"origin": [-5, 24.5, -4.5], "size": [10, 2, 9], "inflate": 0.02, "uv": [134, 25]}
					]
				},
				{
					"name": "head",
					"parent": "torso",
					"pivot": [0, 32, 1.5]
				},
				{
					"name": "body_inside",
					"parent": "head",
					"pivot": [0, 34.5, -2.5],
					"cubes": [
						{"origin": [-2, 33, -3.5], "size": [4, 3, 2], "uv": [66, 102]},
						{"origin": [-3, 30.5, -4.5], "size": [6, 5, 5], "uv": [44, 168]}
					]
				},
				{
					"name": "torso_inside",
					"parent": "body_inside",
					"pivot": [0, 36, -2.5],
					"cubes": [
						{"origin": [-2, 36, -3.5], "size": [4, 6, 2], "uv": [66, 94]}
					]
				},
				{
					"name": "neck_inside",
					"parent": "torso_inside",
					"pivot": [0, 42, -2.5],
					"cubes": [
						{"origin": [-1, 42, -3.5], "size": [2, 2, 2], "uv": [24, 133]}
					]
				},
				{
					"name": "head_inside",
					"parent": "neck_inside",
					"pivot": [0, 44, -2.45],
					"cubes": [
						{"origin": [-5, 44, -6.5], "size": [10, 8, 8], "uv": [143, 66]},
						{"origin": [-2.25, 48.75, -6.5], "size": [1, 2, 0], "inflate": 0.01, "pivot": [-3, 48.75, -6.5], "rotation": [0, 0, 2.5], "uv": [2, 7]},
						{"origin": [-4, 49, -6.5], "size": [1, 2, 0], "inflate": 0.01, "uv": [0, 7]},
						{"origin": [3, 49, -6.5], "size": [1, 2, 0], "inflate": 0.01, "uv": [0, 0]},
						{"origin": [1.25, 48.75, -6.5], "size": [1, 2, 0], "inflate": 0.01, "pivot": [3, 48.75, -6.5], "rotation": [0, 0, -2.5], "uv": [7, 0]}
					]
				},
				{
					"name": "mouth_open",
					"parent": "head_inside",
					"pivot": [3, 48.75, -6.4],
					"cubes": [
						{"origin": [-1, 44.1, -6.4], "size": [2, 2, 0], "inflate": 0.01, "uv": [0, 5]}
					]
				},
				{
					"name": "eye_right",
					"parent": "head_inside",
					"pivot": [-4.9, 47.5, -6.5],
					"rotation": [0, 0, 2.5],
					"cubes": [
						{"origin": [-4.9, 46.5, -6.5], "size": [4, 2, 0], "inflate": 0.02, "uv": [52, 120]},
						{"origin": [-4.4, 47, -6.5], "size": [1, 1, 0], "inflate": 0.03, "uv": [0, 9]},
						{"origin": [-3.65, 48.25, -6.5], "size": [1, 1, 0], "inflate": 0.01, "pivot": [0.1, 19, -5.5], "rotation": [0, 0, -2.5], "uv": [7, 2]}
					]
				},
				{
					"name": "eye_right_closed",
					"parent": "eye_right",
					"pivot": [-4.9, 47.5, -6.4],
					"cubes": [
						{"origin": [-4.9, 46.5, -6.4], "size": [4, 2, 0], "inflate": 0.04, "uv": [36, 120]},
						{"origin": [-4.4, 47, -6.4], "size": [1, 1, 0], "inflate": 0.05, "uv": [4, 5]}
					]
				},
				{
					"name": "eye_left",
					"parent": "head_inside",
					"pivot": [4.9, 47.5, -6.5],
					"rotation": [0, 0, -2.5],
					"cubes": [
						{"origin": [0.9, 46.5, -6.5], "size": [4, 2, 0], "inflate": 0.02, "uv": [44, 120]},
						{"origin": [3.4, 47, -6.5], "size": [1, 1, 0], "inflate": 0.03, "uv": [8, 5]},
						{"origin": [2.65, 48.25, -6.5], "size": [1, 1, 0], "inflate": 0.01, "pivot": [-0.1, 19, -5.5], "rotation": [0, 0, 2.5], "uv": [6, 5]}
					]
				},
				{
					"name": "eye_left_closed",
					"parent": "eye_left",
					"pivot": [4.9, 47.5, -6.4],
					"cubes": [
						{"origin": [0.9, 46.5, -6.4], "size": [4, 2, 0], "inflate": 0.04, "uv": [104, 77]},
						{"origin": [3.4, 47, -6.4], "size": [1, 1, 0], "inflate": 0.05, "uv": [0, 2]}
					]
				},
				{
					"name": "mouth",
					"parent": "head_inside",
					"pivot": [0, 45.5, -5.45],
					"cubes": [
						{"origin": [-1.5, 45, -5.52], "size": [3, 1, 0], "uv": [179, 81]}
					]
				},
				{
					"name": "mouthopen",
					"parent": "head_inside",
					"pivot": [0, 45.5, -5.45],
					"cubes": [
						{"origin": [-1, 44, -5.52], "size": [2, 2, 0], "uv": [185, 80]}
					]
				},
				{
					"name": "right_arm",
					"parent": "torso_inside",
					"pivot": [-2, 41.5, -2.5],
					"cubes": [
						{"origin": [-6, 40.5, -3], "size": [4, 1, 1], "uv": [94, 77]}
					]
				},
				{
					"name": "right_elbow",
					"parent": "right_arm",
					"pivot": [-6, 40.5, -2.25],
					"cubes": [
						{"origin": [-12, 40.5, -3], "size": [6, 1, 1], "inflate": 0.01, "uv": [14, 29]}
					]
				},
				{
					"name": "left_arm",
					"parent": "torso_inside",
					"pivot": [2, 41.5, -2.5],
					"cubes": [
						{"origin": [2, 40.5, -3], "size": [4, 1, 1], "uv": [79, 88]}
					]
				},
				{
					"name": "left_elbow",
					"parent": "left_arm",
					"pivot": [6, 40.5, -2.25],
					"cubes": [
						{"origin": [6, 40.5, -3], "size": [6, 1, 1], "inflate": 0.01, "uv": [0, 29]}
					]
				},
				{
					"name": "right_leg",
					"parent": "body_inside",
					"pivot": [-1, 33, -2.5],
					"cubes": [
						{"origin": [-1.5, 29, -3.5], "size": [1, 4, 2], "uv": [12, 61]}
					]
				},
				{
					"name": "right_knee",
					"parent": "right_leg",
					"pivot": [-1, 29, -3.5],
					"cubes": [
						{"origin": [-1.5, 23, -3.5], "size": [1, 6, 2], "inflate": 0.01, "uv": [142, 66]}
					]
				},
				{
					"name": "left_leg",
					"parent": "body_inside",
					"pivot": [1, 33, -2.5],
					"cubes": [
						{"origin": [0.5, 29, -3.5], "size": [1, 4, 2], "uv": [0, 61]}
					]
				},
				{
					"name": "left_knee",
					"parent": "left_leg",
					"pivot": [1, 29, -3.5],
					"cubes": [
						{"origin": [0.5, 23, -3.5], "size": [1, 6, 2], "inflate": 0.01, "uv": [24, 9]}
					]
				},
				{
					"name": "head_hair",
					"parent": "head",
					"pivot": [0, 52, -0.5]
				},
				{
					"name": "head_hair_closed",
					"parent": "head_hair",
					"pivot": [0, 52, -0.5],
					"cubes": [
						{"origin": [-10, 50, -7.5], "size": [20, 0, 18], "uv": [59, 34]},
						{"origin": [8, 50, -7.5], "size": [0, 4, 16], "uv": [112, 135]},
						{"origin": [-8, 50, -7.5], "size": [0, 4, 16], "uv": [32, 135]},
						{"origin": [-8, 50, 8.5], "size": [16, 4, 0], "uv": [153, 11]},
						{"origin": [-8, 54, -7.5], "size": [16, 0, 16], "uv": [78, 61]},
						{"origin": [-8, 50, -7.5], "size": [16, 4, 0], "uv": [160, 147]},
						{"origin": [10, 35, -7.5], "size": [0, 15, 18], "uv": [36, 104]},
						{"origin": [-10, 35, -7.5], "size": [0, 15, 18], "uv": [102, 89]},
						{"origin": [-10, 35, -7.5], "size": [20, 15, 0], "uv": [72, 142]},
						{"origin": [-9, 32, -7.5], "size": [18, 3, 0], "uv": [152, 128]},
						{"origin": [9, 32, -7.5], "size": [0, 3, 18], "uv": [110, 121]},
						{"origin": [-9, 32, -7.5], "size": [0, 3, 18], "uv": [24, 119]},
						{"origin": [-9, 32, -7.5], "size": [18, 0, 18], "uv": [40, 61]},
						{"origin": [-9, 32, 10.5], "size": [18, 3, 0], "uv": [152, 125]},
						{"origin": [-10, 35, -7.5], "size": [20, 0, 18], "uv": [0, 61]},
						{"origin": [-10, 35, 10.5], "size": [20, 15, 0], "uv": [142, 51]}
					]
				},
				{
					"name": "hair_opened",
					"parent": "head_hair",
					"pivot": [-2, 52, -0.5],
					"cubes": [
						{"origin": [-10, 35, 10.5], "size": [20, 15, 0], "inflate": 0.01, "uv": [131, 36]}
					]
				},
				{
					"name": "head_hair_opened_right",
					"parent": "hair_opened",
					"pivot": [-2, 52, -0.5],
					"cubes": [
						{"origin": [-8, 50, -7.5], "size": [0, 4, 16], "uv": [0, 132]},
						{"origin": [-8, 50, 8.5], "size": [8, 4, 0], "uv": [112, 142]},
						{"origin": [-8, 54, -7.5], "size": [8, 0, 16], "uv": [111, 91]},
						{"origin": [-8, 50, -7.5], "size": [6, 4, 0], "uv": [129, 27]},
						{"origin": [-10, 35, -7.5], "size": [0, 15, 18], "uv": [0, 94]},
						{"origin": [-10, 35, -7.5], "size": [10, 15, 0], "uv": [150, 163]},
						{"origin": [-9, 32, -7.5], "size": [9, 3, 0], "uv": [0, 54]},
						{"origin": [-9, 32, -7.5], "size": [0, 3, 18], "uv": [110, 118]},
						{"origin": [-9, 32, -7.5], "size": [7, 0, 18], "uv": [103, 0]},
						{"origin": [-9, 32, 10.5], "size": [7, 3, 0], "uv": [153, 15]},
						{"origin": [-10, 35, -7.5], "size": [1, 0, 18], "uv": [2, 0]},
						{"origin": [-10, 50, -7.5], "size": [10, 0, 18], "uv": [0, 94]},
						{"origin": [-10, 35, 10.5], "size": [10, 15, 0], "uv": [130, 163]}
					]
				},
				{
					"name": "head_hair_opened_right_bend",
					"parent": "head_hair_opened_right",
					"pivot": [-9, 32, -0.5],
					"cubes": [
						{"origin": [-9, 22, 7.5], "size": [3, 10, 0], "uv": [171, 36]},
						{"origin": [-9, 22, -3.5], "size": [0, 10, 11], "uv": [0, 33]},
						{"origin": [-9, 22, -3.5], "size": [3, 10, 0], "uv": [82, 172]}
					]
				},
				{
					"name": "head_hair_opened_right_end",
					"parent": "head_hair_opened_right_bend",
					"pivot": [-9, 22, -0.5],
					"cubes": [
						{"origin": [-9, 13, -8.5], "size": [0, 9, 19], "uv": [72, 112]}
					]
				},
				{
					"name": "head_hair_opened_right_tip",
					"parent": "head_hair_opened_right_end",
					"pivot": [-9, 13, -0.5],
					"cubes": [
						{"origin": [-9, 4, -8.5], "size": [0, 9, 19], "uv": [110, 103]}
					]
				},
				{
					"name": "head_hair_opened_left",
					"parent": "hair_opened",
					"pivot": [-2, 52, -0.5],
					"cubes": [
						{"origin": [8, 50, -7.5], "size": [0, 4, 16], "uv": [112, 131]},
						{"origin": [0, 50, 8.5], "size": [8, 4, 0], "uv": [24, 140]},
						{"origin": [0, 54, -7.5], "size": [8, 0, 16], "uv": [110, 61]},
						{"origin": [-2, 50, -7.5], "size": [10, 4, 0], "uv": [77, 52]},
						{"origin": [10, 35, -7.5], "size": [0, 15, 18], "uv": [66, 89]},
						{"origin": [0, 35, -7.5], "size": [10, 15, 0], "uv": [24, 161]},
						{"origin": [0, 32, -7.5], "size": [9, 3, 0], "uv": [0, 14]},
						{"origin": [9, 32, -7.5], "size": [0, 3, 18], "uv": [110, 115]},
						{"origin": [2, 32, -7.5], "size": [7, 0, 18], "uv": [99, 34]},
						{"origin": [2, 32, 10.5], "size": [7, 3, 0], "uv": [0, 86]},
						{"origin": [9, 35, -7.5], "size": [1, 0, 18], "uv": [0, 0]},
						{"origin": [0, 50, -7.5], "size": [10, 0, 18], "uv": [83, 0]},
						{"origin": [0, 35, 10.5], "size": [10, 15, 0], "uv": [84, 157]}
					]
				},
				{
					"name": "head_hair_opened_left_bend",
					"parent": "head_hair_opened_left",
					"pivot": [9, 32, -0.5],
					"cubes": [
						{"origin": [6, 22, 7.5], "size": [3, 10, 0], "uv": [170, 165]},
						{"origin": [9, 22, -3.5], "size": [0, 10, 11], "uv": [0, 23]},
						{"origin": [6, 22, -3.5], "size": [3, 10, 0], "uv": [14, 170]}
					]
				},
				{
					"name": "head_hair_opened_left_end",
					"parent": "head_hair_opened_left_bend",
					"pivot": [9, 22, -0.5],
					"cubes": [
						{"origin": [9, 13, -8.5], "size": [0, 9, 19], "uv": [72, 103]}
					]
				},
				{
					"name": "head_hair_opened_left_tip",
					"parent": "head_hair_opened_left_end",
					"pivot": [9, 13, -0.5],
					"cubes": [
						{"origin": [9, 4, -8.5], "size": [0, 9, 19], "uv": [100, 33]}
					]
				},
				{
					"name": "hat",
					"parent": "head_hair",
					"pivot": [0, 51, 2.5],
					"rotation": [-10, 0, 0],
					"cubes": [
						{"origin": [-17.5, 51, -13.5], "size": [35, 3, 31], "uv": [0, 0], "mirror": true},
						{"origin": [-13.5, 54, -9.5], "size": [27, 4, 23], "uv": [0, 34], "mirror": true}
					]
				},
				{
					"name": "cone",
					"parent": "hat",
					"pivot": [0, 58, 2],
					"rotation": [0, -45, 0],
					"cubes": [
						{"origin": [-4.5, 58, -2.5], "size": [9, 6, 9], "uv": [138, 98]},
						{"origin": [-1.5, 71, 0.5], "size": [3, 6, 3], "uv": [79, 79]},
						{"origin": [-3, 64, -1], "size": [6, 7, 6], "uv": [106, 155]}
					]
				},
				{
					"name": "hat_arm_rotation",
					"parent": "cone",
					"pivot": [0, 77, 2],
					"rotation": [0, 45, 0]
				},
				{
					"name": "hat_arm",
					"parent": "hat_arm_rotation",
					"pivot": [0, 76, 3],
					"rotation": [-45, 0, 0],
					"cubes": [
						{"origin": [-1.5, 74.5, 3], "size": [3, 3, 18], "uv": [129, 0]}
					]
				},
				{
					"name": "hat_arm_elbow",
					"parent": "hat_arm",
					"pivot": [0, 76, 21],
					"cubes": [
						{"origin": [-1.5, 74.5, 21], "size": [3, 3, 18], "uv": [0, 127]}
					]
				},
				{
					"name": "hat_arm_bend",
					"parent": "hat_arm_elbow",
					"pivot": [0, 76, 39],
					"cubes": [
						{"origin": [-1, 75, 39], "size": [2, 2, 18], "uv": [130, 113]}
					]
				},
				{
					"name": "hat_wrist",
					"parent": "hat_arm_bend",
					"pivot": [0, 76, 57],
					"cubes": [
						{"origin": [-3, 73, 57], "size": [6, 6, 6], "uv": [0, 158]}
					]
				},
				{
					"name": "hat_hand",
					"parent": "hat_wrist",
					"pivot": [0, 76, 63],
					"cubes": [
						{"origin": [-4, 72, 63], "size": [8, 8, 8], "uv": [136, 147]}
					]
				},
				{
					"name": "hat_finger_middle",
					"parent": "hat_hand",
					"pivot": [0, 76, 71],
					"cubes": [
						{"origin": [-1.5, 74.5, 71], "size": [3, 3, 5], "inflate": 0.01, "uv": [0, 135]}
					]
				},
				{
					"name": "hat_finger_middle_bend",
					"parent": "hat_finger_middle",
					"pivot": [0, 77, 76],
					"cubes": [
						{"origin": [-1.5, 75, 76], "size": [3, 2, 5], "inflate": 0.02, "uv": [168, 82]}
					]
				},
				{
					"name": "hat_finger_left",
					"parent": "hat_hand",
					"pivot": [2.5, 76, 70.5],
					"rotation": [0, 20, 0],
					"cubes": [
						{"origin": [1, 74.5, 70.5], "size": [3, 3, 5], "uv": [0, 127]}
					]
				},
				{
					"name": "hat_finger_left_bend",
					"parent": "hat_finger_left",
					"pivot": [2.5, 77, 75.5],
					"cubes": [
						{"origin": [1, 75, 75.5], "size": [3, 2, 5], "inflate": 0.01, "uv": [66, 168]}
					]
				},
				{
					"name": "hat_finger_right",
					"parent": "hat_hand",
					"pivot": [-2.5, 76, 70.5],
					"rotation": [0, -20, 0],
					"cubes": [
						{"origin": [-4, 74.5, 70.5], "size": [3, 3, 5], "uv": [0, 97]}
					]
				},
				{
					"name": "hat_finger_right_bend",
					"parent": "hat_finger_right",
					"pivot": [-2.5, 77, 75.5],
					"cubes": [
						{"origin": [-4, 75, 75.5], "size": [3, 2, 5], "inflate": 0.01, "uv": [0, 105]}
					]
				},
				{
					"name": "foot",
					"parent": "body",
					"pivot": [0, 1, 0]
				},
				{
					"name": "frontmost_right_toe",
					"parent": "foot",
					"pivot": [0, 2.5, -4],
					"rotation": [0, 27.5, 0],
					"cubes": [
						{"origin": [-2, 0.5, -7], "size": [2, 2, 3], "uv": [61, 152]}
					]
				},
				{
					"name": "frontmost_right_toe_bend",
					"parent": "frontmost_right_toe",
					"pivot": [-1, 0.5, -7],
					"cubes": [
						{"origin": [-2, 0.5, -10], "size": [2, 2, 3], "inflate": 0.01, "uv": [138, 113]}
					]
				},
				{
					"name": "frontmost_left_toe",
					"parent": "foot",
					"pivot": [0, 2.5, -4],
					"rotation": [0, -27.5, 0],
					"cubes": [
						{"origin": [0, 0.5, -7], "size": [2, 2, 3], "uv": [135, 12]}
					]
				},
				{
					"name": "frontmost_left_toe_bend",
					"parent": "frontmost_left_toe",
					"pivot": [1, 0.5, -7],
					"cubes": [
						{"origin": [0, 0.5, -10], "size": [2, 2, 3], "inflate": 0.01, "uv": [0, 0]}
					]
				},
				{
					"name": "front_right_toe",
					"parent": "foot",
					"pivot": [-3, 3, -2.75],
					"rotation": [0, 57.5, 0],
					"cubes": [
						{"origin": [-4.5, 0, -5.75], "size": [3, 3, 3], "uv": [135, 6]}
					]
				},
				{
					"name": "front_right_toe_bend",
					"parent": "front_right_toe",
					"pivot": [-3, 0.5, -5.75],
					"cubes": [
						{"origin": [-4, 0.5, -9.75], "size": [2, 2, 4], "inflate": 0.01, "uv": [135, 0]}
					]
				},
				{
					"name": "front_left_toe",
					"parent": "foot",
					"pivot": [3, 3, -2.75],
					"rotation": [0, -57.5, 0],
					"cubes": [
						{"origin": [1.5, 0, -5.75], "size": [3, 3, 3], "uv": [129, 21]}
					]
				},
				{
					"name": "front_left_toe_bend",
					"parent": "front_left_toe",
					"pivot": [3, 0.5, -5.75],
					"cubes": [
						{"origin": [2, 0.5, -9.75], "size": [2, 2, 4], "inflate": 0.01, "uv": [24, 127]}
					]
				},
				{
					"name": "middle_right_toe",
					"parent": "foot",
					"pivot": [-3.75, 3, -0.25],
					"rotation": [0, 100, 0],
					"cubes": [
						{"origin": [-5.25, 0, -4.25], "size": [3, 3, 4], "uv": [170, 158]}
					]
				},
				{
					"name": "middle_right_toe_bend",
					"parent": "middle_right_toe",
					"pivot": [-3.75, 0.5, -4.25],
					"cubes": [
						{"origin": [-4.75, 0.5, -9.25], "size": [2, 2, 5], "inflate": 0.01, "uv": [0, 170]}
					]
				},
				{
					"name": "middle_left_toe",
					"parent": "foot",
					"pivot": [3.75, 3, -0.25],
					"rotation": [0, -100, 0],
					"cubes": [
						{"origin": [2.25, 0, -4.25], "size": [3, 3, 4], "uv": [113, 168]}
					]
				},
				{
					"name": "middle_left_toe_bend",
					"parent": "middle_left_toe",
					"pivot": [3.75, 0.5, -4.25],
					"cubes": [
						{"origin": [2.75, 0.5, -9.25], "size": [2, 2, 5], "inflate": 0.01, "uv": [99, 168]}
					]
				},
				{
					"name": "back_right_toe",
					"parent": "foot",
					"pivot": [-3, 3, 2.25],
					"rotation": [0, 140, 0],
					"cubes": [
						{"origin": [-4.5, 0, -2.75], "size": [3, 3, 5], "uv": [0, 89]}
					]
				},
				{
					"name": "back_right_toe_bend",
					"parent": "back_right_toe",
					"pivot": [-3, 0.5, -2.75],
					"cubes": [
						{"origin": [-4, 0.5, -7.75], "size": [2, 2, 5], "inflate": 0.01, "uv": [168, 151]}
					]
				},
				{
					"name": "back_left_toe",
					"parent": "foot",
					"pivot": [3, 3, 2.25],
					"rotation": [0, -140, 0],
					"cubes": [
						{"origin": [1.5, 0, -2.75], "size": [3, 3, 5], "uv": [0, 6]}
					]
				},
				{
					"name": "back_left_toe_bend",
					"parent": "back_left_toe",
					"pivot": [3, 0.5, -2.75],
					"cubes": [
						{"origin": [2, 0.5, -7.75], "size": [2, 2, 5], "inflate": 0.01, "uv": [0, 79]}
					]
				},
				{
					"name": "back_toe",
					"parent": "foot",
					"pivot": [0, 3.5, 4],
					"rotation": [0, 180, 0],
					"cubes": [
						{"origin": [-2, -0.5, -1], "size": [4, 4, 5], "uv": [0, 70]}
					]
				},
				{
					"name": "back_toe_bend",
					"parent": "back_toe",
					"pivot": [0, 0.5, -1],
					"cubes": [
						{"origin": [-1.5, 0, -7], "size": [3, 3, 6], "inflate": 0.01, "uv": [0, 61]}
					]
				}
			]
		}
	]
}