{
	"format_version": "1.12.0",
	"minecraft:geometry": [
		{
			"description": {
				"identifier": "geometry.dialga_origin",
				"texture_width": 512,
				"texture_height": 512,
				"visible_bounds_width": 15,
				"visible_bounds_height": 12.5,
				"visible_bounds_offset": [0, 5.75, 0]
			},
			"bones": [
				{
					"name": "dialga_origin",
					"pivot": [0, 0, 0]
				},
				{
					"name": "body",
					"parent": "dialga_origin",
					"pivot": [0, 0, 0]
				},
				{
					"name": "body2",
					"parent": "body",
					"pivot": [0, -10, 6.5]
				},
				{
					"name": "body3",
					"parent": "body2",
					"pivot": [0.5, 91, -3.25],
					"cubes": [
						{"origin": [-16, 69.5, -36.5], "size": [33, 25, 61], "inflate": 0.005, "pivot": [0, 85, 0], "rotation": [7.5, 0, 0], "uv": [0, 0]}
					]
				},
				{
					"name": "locator_seat_1",
					"parent": "body3",
					"pivot": [0, 96, 10.3],
					"locators": {
						"seat_1": [0, 92.75, 10.3]
					}
				},
				{
					"name": "frontbodyspike",
					"parent": "body3",
					"pivot": [0, 77.73282, -32],
					"cubes": [
						{"origin": [0, 63.5, -50.5], "size": [0, 25, 22], "uv": [0, 276]}
					]
				},
				{
					"name": "middlebodyspike",
					"parent": "body3",
					"pivot": [0, 85.5, -3],
					"cubes": [
						{"origin": [-28.5, 47.5, -5.5], "size": [3, 26, 4], "pivot": [-27, 55.5, -3.5], "rotation": [0, 0, 35], "uv": [0, 368]},
						{"origin": [-19, 66.5, -5.5], "size": [39, 31, 4], "inflate": 0.005, "uv": [168, 143]},
						{"origin": [-28.5, 91.5, -5.5], "size": [3, 26, 4], "pivot": [-27, 109.5, -3.5], "rotation": [0, 0, -35], "uv": [204, 367]},
						{"origin": [-33.5, 27.5, -3.5], "size": [13, 20, 0], "pivot": [-27, 55.5, -3.5], "rotation": [0, 0, 35], "uv": [364, 207]},
						{"origin": [25.5, 47.5, -5.5], "size": [3, 26, 4], "pivot": [27, 55.5, -3.5], "rotation": [0, 0, -35], "uv": [14, 371]},
						{"origin": [20.5, 27.5, -3.5], "size": [13, 20, 0], "pivot": [27, 55.5, -3.5], "rotation": [0, 0, -35], "uv": [366, 280]},
						{"origin": [25.5, 91.5, -5.5], "size": [3, 26, 4], "pivot": [27, 109.5, -3.5], "rotation": [0, 0, 35], "uv": [218, 367]},
						{"origin": [20.5, 117.5, -3.5], "size": [13, 20, 0], "pivot": [27, 109.5, -3.5], "rotation": [0, 0, 35], "uv": [364, 118]},
						{"origin": [-33.5, 117.5, -3.5], "size": [13, 20, 0], "pivot": [-27, 109.5, -3.5], "rotation": [0, 0, -35], "uv": [364, 118], "mirror": true},
						{"origin": [-22, 78, -5.5], "size": [8, 8, 4], "pivot": [-18, 82, -3.5], "rotation": [0, 0, -45], "uv": [168, 143]},
						{"origin": [15, 78, -5.5], "size": [8, 8, 4], "pivot": [19, 82, -3.5], "rotation": [0, 0, 45], "uv": [168, 143], "mirror": true},
						{"origin": [-19, 99, -5.5], "size": [8, 8, 4], "pivot": [-15, 81, -3.5], "rotation": [0, 0, 45], "uv": [168, 143], "mirror": true},
						{"origin": [-3.44365, 64.55635, -5.5], "size": [8, 8, 4], "pivot": [0.55635, 68.55635, -3.5], "rotation": [0, 0, 45], "uv": [168, 143], "mirror": true}
					]
				},
				{
					"name": "tail",
					"parent": "body3",
					"pivot": [0, 89.02504, 41.89156],
					"cubes": [
						{"origin": [-5, 74.5, 20.5], "size": [11, 14, 19], "inflate": 0.005, "pivot": [12.96115, 90.73282, -1.34631], "rotation": [10, 0, 0], "uv": [274, 207]},
						{"origin": [-5, 85.02504, 32.89156], "size": [11, 13, 13], "inflate": 0.01, "pivot": [0, 89.02504, 41.89156], "rotation": [55, 0, 0], "uv": [314, 152]}
					]
				},
				{
					"name": "neck",
					"parent": "body3",
					"pivot": [0, 85.73282, -27],
					"rotation": [2.5, 0, 0],
					"cubes": [
						{"origin": [-7.5, 122.5, -39], "size": [15, 15, 15], "inflate": 0.01, "pivot": [12.46115, 104.73282, -2.84631], "rotation": [7.5, 0, 0], "uv": [132, 281]},
						{"origin": [-7.5, 131.51384, -42.25973], "size": [15, 10, 15], "pivot": [0, 130.51384, -35.00973], "rotation": [22.5, 0, 0], "uv": [254, 152]},
						{"origin": [-7.5, 128.5, -21.5], "size": [15, 11, 10], "pivot": [12.46115, 94.73282, 3.40369], "rotation": [22.5, 0, 0], "uv": [304, 320]},
						{"origin": [-7.5, 83.5, -39], "size": [15, 39, 18], "inflate": 0.005, "pivot": [12.46115, 104.73282, -2.84631], "rotation": [7.5, 0, 0], "uv": [162, 86]}
					]
				},
				{
					"name": "neckthings",
					"parent": "neck",
					"pivot": [-14, 107.69462, -14.23039],
					"cubes": [
						{"origin": [3.75, 115.17685, -52.59392], "size": [11, 0, 29], "pivot": [2.25, 115.17685, -32.59392], "rotation": [8.11003, 22.29711, 3.09472], "uv": [228, 90]},
						{"origin": [-14.75, 115.17685, -52.59392], "size": [11, 0, 29], "pivot": [-2.25, 115.17685, -32.59392], "rotation": [8.11003, -22.29711, -3.09472], "uv": [228, 90], "mirror": true},
						{"origin": [3.75, 115.17685, -52.59392], "size": [11, 0, 29], "pivot": [2.25, 115.17685, -32.59392], "rotation": [8.11003, 22.29711, 3.09472], "uv": [228, 90]},
						{"origin": [9.75, 115.17685, -23.59392], "size": [5, 0, 12], "pivot": [2.25, 115.17685, -32.59392], "rotation": [8.11003, 22.29711, 3.09472], "uv": [354, 92]},
						{"origin": [-14.75, 115.17685, -23.59392], "size": [5, 0, 12], "pivot": [-2.25, 115.17685, -32.59392], "rotation": [8.11003, -22.29711, -3.09472], "uv": [354, 92], "mirror": true}
					]
				},
				{
					"name": "neckthing_middle",
					"parent": "neckthings",
					"pivot": [0, 112.76673, -34],
					"cubes": [
						{"origin": [-7.5, 111.25, -47], "size": [15, 16, 13], "pivot": [12.46115, 88.48282, 1.65369], "rotation": [7.5, 0, 0], "uv": [304, 30]},
						{"origin": [-6.5, 112.25, -52], "size": [13, 14, 7], "pivot": [12.46115, 88.48282, 1.65369], "rotation": [7.5, 0, 0], "uv": [328, 0]},
						{"origin": [-4.1, 108.26673, -57.10824], "size": [9, 9, 3], "pivot": [0.25, 112.26673, -49.60824], "rotation": [5.31847, 5.29571, -44.75386], "uv": [138, 212]}
					]
				},
				{
					"name": "neckthing_left",
					"parent": "neckthings",
					"pivot": [-11, 107.69462, -18.23039],
					"rotation": [4.98107, -44.78238, -7.05323],
					"cubes": [
						{"origin": [-19.03727, 110.68352, -31.33573], "size": [7, 16, 15], "pivot": [1.46115, 77.73282, -10.09631], "rotation": [7.5, 0, 0], "uv": [102, 311]},
						{"origin": [-18.03727, 111.68352, -9.33573], "size": [5, 14, 6], "pivot": [1.46115, 77.73282, -10.09631], "rotation": [7.5, 0, 0], "uv": [368, 0]},
						{"origin": [-18.53727, 111.18352, -16.33573], "size": [6, 15, 7], "pivot": [1.46115, 77.73282, -10.09631], "rotation": [7.5, 0, 0], "uv": [138, 190]}
					]
				},
				{
					"name": "neckthing_right",
					"parent": "neckthings",
					"pivot": [11, 107.69462, -18.23039],
					"rotation": [4.98107, 44.78238, 7.05323],
					"cubes": [
						{"origin": [12.03727, 110.68352, -31.33573], "size": [7, 16, 15], "pivot": [-1.46115, 77.73282, -10.09631], "rotation": [7.5, 0, 0], "uv": [146, 311]},
						{"origin": [13.03727, 111.68352, -9.33573], "size": [5, 14, 6], "pivot": [-1.46115, 77.73282, -10.09631], "rotation": [7.5, 0, 0], "uv": [350, 375]},
						{"origin": [12.53727, 111.18352, -16.33573], "size": [6, 15, 7], "pivot": [-1.46115, 77.73282, -10.09631], "rotation": [7.5, 0, 0], "uv": [228, 119]}
					]
				},
				{
					"name": "smallneckthing",
					"parent": "neckthings",
					"pivot": [12.46115, 77.48282, 3.90369],
					"cubes": [
						{"origin": [-14.5, 101.25, -31.25], "size": [7, 8, 4], "pivot": [12.46115, 89.48282, 1.90369], "rotation": [7.5, 0, 0], "uv": [342, 280]},
						{"origin": [0, 134.5, -12.75], "size": [0, 6, 18], "pivot": [12.46115, 91.73282, 0.90369], "rotation": [22.5, 0, 0], "uv": [330, 293]},
						{"origin": [0, 143.5, -29.75], "size": [0, 6, 23], "pivot": [12.46115, 123.73282, -8.09631], "rotation": [30, 0, 0], "uv": [308, 77]},
						{"origin": [0, 123.5, -12.75], "size": [0, 6, 19], "pivot": [12.46115, 91.73282, 0.90369], "rotation": [22.5, 0, 0], "uv": [326, 118]},
						{"origin": [7.5, 101.25, -31.25], "size": [7, 8, 4], "pivot": [-12.46115, 89.48282, 1.90369], "rotation": [7.5, 0, 0], "uv": [366, 300]}
					]
				},
				{
					"name": "head",
					"parent": "neck",
					"pivot": [0, 149.23694, -41.1594],
					"rotation": [30, 0, 0],
					"cubes": [
						{"origin": [-9.5, 144.26916, -39.97476], "size": [19, 16, 26], "inflate": 0.01, "pivot": [12.46115, 92.50198, -1.08902], "rotation": [7.5, 0, 0], "uv": [0, 86]},
						{"origin": [-9, 143.96942, -26.78571], "size": [18, 11, 11], "pivot": [0, 150.48705, -20.60386], "rotation": [-37.5, 0, 0], "uv": [44, 304]}
					]
				},
				{
					"name": "face",
					"parent": "head",
					"pivot": [0, 107.28258, -52.20874],
					"cubes": [
						{"origin": [-9.5, 144.76916, -46.97476], "size": [19, 14, 7], "inflate": 0.01, "pivot": [12.71115, 93.00198, 2.91098], "rotation": [7.5, 0, 0], "uv": [252, 30]},
						{"origin": [-9.5, 151.10687, -55.23095], "size": [19, 3, 8], "inflate": 0.005, "pivot": [0, 151.13232, -49.37977], "rotation": [25, 0, 0], "uv": [322, 196]}
					]
				},
				{
					"name": "eyes",
					"parent": "face",
					"pivot": [0, 149, -53]
				},
				{
					"name": "eye_left",
					"parent": "eyes",
					"pivot": [12.96115, 57.00198, 2.91098],
					"cubes": [
						{"origin": [-9.52, 152.51916, -46.97476], "size": [1, 4, 3], "inflate": 0.01, "pivot": [12.96115, 93.25198, 2.91098], "rotation": [7.5, 0, 0], "uv": [20, 6]},
						{"origin": [-9.6, 146.52426, -54.71566], "size": [1, 2, 2], "inflate": 0.01, "pivot": [-9.57, 146.84022, -51.83628], "rotation": [-2.5, 0, 0], "uv": [9, 8]}
					]
				},
				{
					"name": "eye_right",
					"parent": "eyes",
					"pivot": [-12.96115, 57.00198, 2.91098],
					"cubes": [
						{"origin": [8.52, 152.51916, -46.97476], "size": [1, 4, 3], "inflate": 0.01, "pivot": [-12.96115, 93.25198, 2.91098], "rotation": [7.5, 0, 0], "uv": [20, 6]},
						{"origin": [8.6, 146.52426, -54.71566], "size": [1, 2, 2], "inflate": 0.01, "pivot": [9.57, 146.84022, -51.83628], "rotation": [-2.5, 0, 0], "uv": [9, 8], "mirror": true}
					]
				},
				{
					"name": "mouth2",
					"parent": "face",
					"pivot": [-0.12334, 144.77407, -53.00575],
					"rotation": [2.39455, 0.31348, 0.65306],
					"cubes": [
						{"origin": [-6.89, 139.2197, -58.4389], "size": [13, 5, 13], "pivot": [0.87666, 136.77407, -51.75575], "rotation": [10.5468, -44.6, -7.4366], "uv": [3, 4]},
						{"origin": [0.33366, 141.90818, -61.28587], "size": [2, 2, 0], "pivot": [1.33366, 142.90818, -61.28587], "rotation": [-30.01214, -36.06149, 51.8729], "uv": [3, 25]},
						{"origin": [-2.08366, 141.90818, -61.28587], "size": [2, 2, 0], "pivot": [-1.08366, 142.90818, -61.28587], "rotation": [-30.01214, 36.06149, -51.8729], "uv": [3, 25], "mirror": true},
						{"origin": [-4.08366, 141.90818, -59.28587], "size": [2, 2, 0], "pivot": [-3.08366, 142.90818, -59.28587], "rotation": [-30.01214, 36.06149, -51.8729], "uv": [3, 25], "mirror": true},
						{"origin": [-6.08366, 142.15818, -57.28587], "size": [2, 2, 0], "pivot": [-5.08366, 143.15818, -57.28587], "rotation": [-30.01214, 36.06149, -51.8729], "uv": [3, 25], "mirror": true},
						{"origin": [2.33366, 141.90818, -59.28587], "size": [2, 2, 0], "pivot": [3.33366, 142.90818, -59.28587], "rotation": [-30.01214, -36.06149, 51.8729], "uv": [3, 25]},
						{"origin": [4.33366, 142.15818, -57.28587], "size": [2, 2, 0], "pivot": [5.33366, 143.15818, -57.28587], "rotation": [-30.01214, -36.06149, 51.8729], "uv": [3, 25]},
						{"origin": [-6.08366, 142.15818, -57.28587], "size": [2, 2, 0], "pivot": [-5.08366, 143.15818, -57.28587], "rotation": [-30.01214, 36.06149, -51.8729], "uv": [3, 25], "mirror": true},
						{"origin": [-4.08366, 141.90818, -59.28587], "size": [2, 2, 0], "pivot": [-3.08366, 142.90818, -59.28587], "rotation": [-30.01214, 36.06149, -51.8729], "uv": [3, 25], "mirror": true}
					]
				},
				{
					"name": "headgear",
					"parent": "head",
					"pivot": [0, 107.28258, -52.20874],
					"cubes": [
						{"origin": [-8.22688, 143.98882, -59.93163], "size": [4, 5, 4], "pivot": [0, 143.28258, -51.70874], "rotation": [10.54684, -44.6, -7.43656], "uv": [346, 143]},
						{"origin": [-7.72688, 143.98882, -59.93163], "size": [13, 5, 13], "pivot": [0, 143.28258, -52.20874], "rotation": [10.54684, -44.6, -7.43656], "uv": [322, 178]},
						{"origin": [-11.105, 153.28916, -27.91476], "size": [3, 3, 16], "inflate": 0.005, "pivot": [-6.53885, 91.00198, 3.16098], "rotation": [7.5, 0, 0], "uv": [342, 261]},
						{"origin": [-9.855, 150.78916, -11.91476], "size": [0, 8, 19], "pivot": [-6.53885, 91.00198, 3.16098], "rotation": [7.5, 0, 0], "uv": [188, 53]},
						{"origin": [-11.355, 152.78916, -37.91476], "size": [3, 4, 10], "inflate": 0.005, "pivot": [-6.53885, 91.00198, 3.16098], "rotation": [7.5, 0, 0], "uv": [242, 207]},
						{"origin": [-11.355, 155.53916, -46.91476], "size": [3, 3, 7], "pivot": [-6.53885, 92.75198, 3.16098], "rotation": [7.5, 0, 0], "uv": [326, 143]},
						{"origin": [8.355, 155.53916, -46.91476], "size": [3, 3, 7], "pivot": [6.53885, 93.00198, 3.16098], "rotation": [7.5, 0, 0], "uv": [328, 21]},
						{"origin": [9.855, 150.78916, -11.91476], "size": [0, 8, 19], "pivot": [6.53885, 91.00198, 3.16098], "rotation": [7.5, 0, 0], "uv": [48, 326]},
						{"origin": [8.105, 153.28916, -27.91476], "size": [3, 3, 16], "inflate": 0.005, "pivot": [6.53885, 91.00198, 3.16098], "rotation": [7.5, 0, 0], "uv": [350, 341]},
						{"origin": [8.355, 152.78916, -37.91476], "size": [3, 4, 10], "inflate": 0.005, "pivot": [6.53885, 91.00198, 3.16098], "rotation": [7.5, 0, 0], "uv": [364, 227]},
						{"origin": [-6.27312, 148.73882, -60.93163], "size": [15, 3, 15], "pivot": [0, 143.28258, -52.20874], "rotation": [10.54684, 44.6, 7.43656], "uv": [304, 59]}
					]
				},
				{
					"name": "mouthguards",
					"parent": "headgear",
					"pivot": [0, 142.35941, -53.32844],
					"cubes": [
						{"origin": [-11.605, 148.52647, -51.31926], "size": [2, 11, 5], "inflate": 0.005, "pivot": [-10.105, 153.46386, -47.97402], "rotation": [42.5, 0, 0], "uv": [238, 322]},
						{"origin": [-10.105, 155.52647, -49.31926], "size": [0, 13, 5], "pivot": [-10.105, 150.46386, -47.97402], "rotation": [42.5, 0, 0], "uv": [292, 378]},
						{"origin": [-10.355, 142.03278, -55.6047], "size": [1, 4, 9], "inflate": 0.005, "pivot": [-10.355, 146.81526, -45.51799], "rotation": [15, 0, 0], "uv": [370, 104]},
						{"origin": [-11.355, 142.16256, -49.7376], "size": [2, 9, 5], "inflate": 0.01, "pivot": [-10.355, 144.56526, -45.26799], "rotation": [-12.5, 0, 0], "uv": [86, 326]},
						{"origin": [9.355, 148.52647, -51.31926], "size": [2, 11, 5], "inflate": 0.005, "pivot": [10.105, 153.46386, -47.97402], "rotation": [42.5, 0, 0], "uv": [326, 378]},
						{"origin": [10.105, 155.52647, -49.31926], "size": [0, 13, 5], "pivot": [10.105, 150.46386, -47.97402], "rotation": [42.5, 0, 0], "uv": [316, 378]},
						{"origin": [9.355, 142.16256, -49.7376], "size": [2, 9, 5], "inflate": 0.01, "pivot": [10.355, 144.56526, -45.26799], "rotation": [-12.5, 0, 0], "uv": [302, 378]},
						{"origin": [9.355, 142.03278, -55.6047], "size": [1, 4, 9], "inflate": 0.005, "pivot": [10.355, 146.81526, -45.51799], "rotation": [15, 0, 0], "uv": [374, 178]}
					]
				},
				{
					"name": "mouthguard",
					"parent": "mouthguards",
					"pivot": [-0.00172, 128.35941, -53.32844],
					"rotation": [45, 0, 0],
					"cubes": [
						{"origin": [-2.93722, 133.30359, -55.02295], "size": [10, 6, 11], "pivot": [-4.50172, 130.10941, -50.57844], "rotation": [10.54684, -44.6, -7.43656], "uv": [336, 244]}
					]
				},
				{
					"name": "mouhtguard2",
					"parent": "mouthguards",
					"pivot": [0, 131.03258, -56.45874],
					"rotation": [17.5, 0, 0],
					"cubes": [
						{"origin": [-4.46869, 135.39761, -61.29858], "size": [13, 6, 13], "pivot": [-4.50172, 127.85941, -55.32844], "rotation": [10.54684, -44.6, -7.43656], "uv": [252, 320]}
					]
				},
				{
					"name": "mouthguard3",
					"parent": "mouthguards",
					"pivot": [0, 133.53258, -56.70874],
					"cubes": [
						{"origin": [-7.58592, 138.23837, -64.92286], "size": [16, 6, 16], "pivot": [-2.75, 143.53258, -56.29271], "rotation": [10.6, -45, -7.5], "uv": [274, 240]}
					]
				},
				{
					"name": "backspikes",
					"parent": "body3",
					"pivot": [0.03067, 89.95006, 24.25234],
					"rotation": [-25, 0, 0],
					"cubes": [
						{"origin": [-12, 83.40215, 20.52409], "size": [25, 6, 6], "inflate": 0.01, "pivot": [0, 133.85405, 23.52409], "rotation": [-2.5, 0, 0], "uv": [308, 106]},
						{"origin": [-12.4784, 146.80163, 23.52409], "size": [17, 19, 0], "pivot": [0, 133.85405, 23.52409], "rotation": [-2.38443, -0.75155, -17.48436], "uv": [360, 21]},
						{"origin": [-4.5216, 146.80163, 23.52409], "size": [17, 19, 0], "pivot": [0, 133.85405, 23.52409], "rotation": [-2.38443, 0.75155, 17.48436], "uv": [360, 40]},
						{"origin": [-6, 146.40215, 22.52409], "size": [12, 35, 2], "inflate": 0.004, "pivot": [0, 133.85405, 23.52409], "rotation": [-2.5, 0, 0], "uv": [336, 207]},
						{"origin": [29.55356, 163.40762, 22.52409], "size": [8, 8, 2], "pivot": [0, 133.85405, 23.52409], "rotation": [-1.76833, -1.76749, -44.97272], "uv": [272, 376]},
						{"origin": [28.68295, 153.9469, 22.74052], "size": [12, 35, 2], "inflate": 0.004, "pivot": [0, 133.85405, 23.52409], "rotation": [-1.98385, 1.5216, 37.47365], "uv": [266, 339]},
						{"origin": [5.7291, 109.04743, 22.74052], "size": [35, 45, 2], "pivot": [0, 133.85405, 23.52409], "rotation": [-1.98385, 1.5216, 37.47365], "uv": [0, 173]},
						{"origin": [-16.94793, 89.43002, 22.74052], "size": [34, 57, 2], "inflate": 0.01, "pivot": [0, 133.85405, 23.52409], "rotation": [-2.5, 0, 0], "uv": [90, 86]},
						{"origin": [7.69099, 148.69617, 22.74052], "size": [12, 35, 2], "inflate": 0.004, "pivot": [0, 133.85405, 23.52409], "rotation": [-2.30991, 0.95645, 22.48072], "uv": [238, 339]},
						{"origin": [21.49469, 174.71072, 22.74052], "size": [8, 8, 2], "pivot": [0, 133.85405, 23.52409], "rotation": [-0.95723, -2.30959, -67.4807], "uv": [232, 376]},
						{"origin": [-19.69099, 148.69617, 22.74052], "size": [12, 35, 2], "inflate": 0.004, "pivot": [0, 133.85405, 23.52409], "rotation": [-2.30991, -0.95645, -22.48072], "uv": [86, 342]},
						{"origin": [-40.7291, 109.04743, 22.74052], "size": [35, 45, 2], "pivot": [0, 133.85405, 23.52409], "rotation": [-1.98385, -1.5216, -37.47365], "uv": [168, 178]},
						{"origin": [-28.7291, 153.79743, 23.74052], "size": [18, 15, 0], "pivot": [0, 133.85405, 23.52409], "rotation": [-1.98385, -1.5216, -37.47365], "uv": [350, 360]},
						{"origin": [10.7291, 153.79743, 23.74052], "size": [18, 15, 0], "pivot": [0, 133.85405, 23.52409], "rotation": [-1.98385, 1.5216, 37.47365], "uv": [362, 143]},
						{"origin": [-40.68295, 153.9469, 22.74052], "size": [12, 35, 2], "inflate": 0.004, "pivot": [0, 133.85405, 23.52409], "rotation": [-1.98385, -1.5216, -37.47365], "uv": [294, 341]},
						{"origin": [10.5104, 193.41356, 22.74052], "size": [8, 8, 2], "pivot": [0, 133.85405, 23.52409], "rotation": [-0.32652, -2.4786, -82.49294], "uv": [376, 191]},
						{"origin": [-18.5104, 193.41356, 22.74052], "size": [8, 8, 2], "pivot": [0, 133.85405, 23.52409], "rotation": [-0.32652, 2.4786, 82.49294], "uv": [378, 241]},
						{"origin": [-29.49469, 174.71072, 22.74052], "size": [8, 8, 2], "pivot": [0, 133.85405, 23.52409], "rotation": [-0.95723, 2.30959, 67.4807], "uv": [252, 376]}
					]
				},
				{
					"name": "legs",
					"parent": "body2",
					"pivot": [19.5, 30, 25.75]
				},
				{
					"name": "backleg_left",
					"parent": "legs",
					"pivot": [-17, 87, 17.25],
					"rotation": [15, 0, -7.5]
				},
				{
					"name": "backthigh_left",
					"parent": "backleg_left",
					"pivot": [-16.5, 77.5, 9.25],
					"cubes": [
						{"origin": [-22.5, 54.25, 6.25], "size": [14, 35, 18], "inflate": 0.01, "uv": [188, 0]}
					]
				},
				{
					"name": "backknee_left",
					"parent": "backthigh_left",
					"pivot": [-15.5, 57, 21.5],
					"cubes": [
						{"origin": [-22.5, 51, 7.5], "size": [14, 9, 22], "inflate": 0.005, "pivot": [-15.5, 57, 21.5], "rotation": [-12.5, 0, 0], "uv": [270, 262]}
					]
				},
				{
					"name": "backfoot_left",
					"parent": "backleg_left",
					"pivot": [-16.5, 11.1707, 21.46505],
					"cubes": [
						{"origin": [-18.5, 1.00887, 25.73755], "size": [4, 51, 1], "pivot": [-16.5, 33.17075, 21.46505], "rotation": [-5, 0, 0], "uv": [134, 342]},
						{"origin": [-18.5, 0.50045, 18.2719], "size": [4, 53, 1], "inflate": 0.01, "pivot": [-16.5, 33.17075, 21.46505], "rotation": [7.5, 0, 0], "uv": [115, 343]},
						{"origin": [-18.5, 5.00887, 24.73755], "size": [4, 47, 1], "pivot": [-16.5, 33.17075, 21.46505], "rotation": [-5, 0, 0], "uv": [154, 342]},
						{"origin": [-18.5, 9.00887, 23.73755], "size": [4, 43, 1], "pivot": [-16.5, 33.17075, 21.46505], "rotation": [-5, 0, 0], "uv": [174, 342]},
						{"origin": [-18.5, 14.00887, 22.73755], "size": [4, 38, 1], "pivot": [-16.5, 33.17075, 21.46505], "rotation": [-5, 0, 0], "uv": [58, 353]},
						{"origin": [-18.5, 18.00887, 21.73755], "size": [4, 34, 1], "pivot": [-16.5, 33.17075, 21.46505], "rotation": [-5, 0, 0], "uv": [184, 367]},
						{"origin": [-18.5, 23.00887, 20.73755], "size": [4, 29, 1], "pivot": [-16.5, 33.17075, 21.46505], "rotation": [-5, 0, 0], "uv": [28, 371]},
						{"origin": [-18.5, 27.00887, 19.73755], "size": [4, 25, 1], "pivot": [-16.5, 33.17075, 21.46505], "rotation": [-5, 0, 0], "uv": [44, 276]},
						{"origin": [-18.5, 35.95476, 17.74348], "size": [4, 16, 1], "pivot": [-16.5, 33.17075, 21.46505], "rotation": [-5, 0, 0], "uv": [74, 173]},
						{"origin": [-18.5, 31.00887, 18.73755], "size": [4, 21, 1], "pivot": [-16.5, 33.17075, 21.46505], "rotation": [-5, 0, 0], "uv": [60, 220]},
						{"origin": [-18.5, 39.95476, 16.74348], "size": [4, 12, 1], "pivot": [-16.5, 33.17075, 21.46505], "rotation": [-5, 0, 0], "uv": [78, 379]},
						{"origin": [-18.5, 44.95476, 15.74348], "size": [4, 1, 1], "pivot": [-16.5, 33.17075, 21.46505], "rotation": [-5, 0, 0], "uv": [198, 80]},
						{"origin": [-18.5, 45.95476, 15.74348], "size": [4, 6, 1], "pivot": [-16.5, 33.17075, 21.46505], "rotation": [-5, 0, 0], "uv": [102, 304]},
						{"origin": [-18.5, 49.95476, 14.74348], "size": [4, 2, 1], "pivot": [-16.5, 33.17075, 21.46505], "rotation": [-5, 0, 0], "uv": [188, 80]}
					]
				},
				{
					"name": "backleg_right",
					"parent": "legs",
					"pivot": [17, 87, 17.25],
					"rotation": [15, 0, 7.5]
				},
				{
					"name": "backthigh_right",
					"parent": "backleg_right",
					"pivot": [16.5, 77.5, 9.25],
					"cubes": [
						{"origin": [8.5, 54.25, 6.25], "size": [14, 35, 18], "inflate": 0.01, "uv": [74, 190]}
					]
				},
				{
					"name": "backknee_right",
					"parent": "backthigh_right",
					"pivot": [15.5, 57, 21.5],
					"cubes": [
						{"origin": [8.5, 51, 7.5], "size": [14, 9, 22], "inflate": 0.005, "pivot": [15.5, 57, 21.5], "rotation": [-12.5, 0, 0], "uv": [60, 273]}
					]
				},
				{
					"name": "backfoot_right",
					"parent": "backleg_right",
					"pivot": [16.5, 11.17075, 21.46505],
					"cubes": [
						{"origin": [14.5, 1.00887, 25.73755], "size": [4, 51, 1], "pivot": [16.5, 33.17075, 21.46505], "rotation": [-5, 0, 0], "uv": [144, 342]},
						{"origin": [14.5, 0.50045, 18.2719], "size": [4, 53, 1], "inflate": 0.01, "pivot": [16.5, 33.17075, 21.46505], "rotation": [7.5, 0, 0], "uv": [125, 343]},
						{"origin": [14.5, 5.00887, 24.73755], "size": [4, 47, 1], "pivot": [16.5, 33.17075, 21.46505], "rotation": [-5, 0, 0], "uv": [164, 342]},
						{"origin": [14.5, 9.00887, 23.73755], "size": [4, 43, 1], "pivot": [16.5, 33.17075, 21.46505], "rotation": [-5, 0, 0], "uv": [48, 353]},
						{"origin": [14.5, 14.00887, 22.73755], "size": [4, 38, 1], "pivot": [16.5, 33.17075, 21.46505], "rotation": [-5, 0, 0], "uv": [68, 353]},
						{"origin": [14.5, 18.00887, 21.73755], "size": [4, 34, 1], "pivot": [16.5, 33.17075, 21.46505], "rotation": [-5, 0, 0], "uv": [194, 367]},
						{"origin": [14.5, 23.00887, 20.73755], "size": [4, 29, 1], "pivot": [16.5, 33.17075, 21.46505], "rotation": [-5, 0, 0], "uv": [38, 371]},
						{"origin": [14.5, 27.00887, 19.73755], "size": [4, 25, 1], "pivot": [16.5, 33.17075, 21.46505], "rotation": [-5, 0, 0], "uv": [372, 375]},
						{"origin": [14.5, 35.95476, 17.74348], "size": [4, 16, 1], "pivot": [16.5, 33.17075, 21.46505], "rotation": [-5, 0, 0], "uv": [338, 378]},
						{"origin": [14.5, 31.00887, 18.73755], "size": [4, 21, 1], "pivot": [16.5, 33.17075, 21.46505], "rotation": [-5, 0, 0], "uv": [252, 295]},
						{"origin": [14.5, 39.95476, 16.74348], "size": [4, 12, 1], "pivot": [16.5, 33.17075, 21.46505], "rotation": [-5, 0, 0], "uv": [88, 379]},
						{"origin": [14.5, 44.95476, 15.74348], "size": [4, 1, 1], "pivot": [16.5, 33.17075, 21.46505], "rotation": [-5, 0, 0], "uv": [198, 82]},
						{"origin": [14.5, 45.95476, 15.74348], "size": [4, 6, 1], "pivot": [16.5, 33.17075, 21.46505], "rotation": [-5, 0, 0], "uv": [112, 304]},
						{"origin": [14.5, 49.95476, 14.74348], "size": [4, 2, 1], "pivot": [16.5, 33.17075, 21.46505], "rotation": [-5, 0, 0], "uv": [188, 83]}
					]
				},
				{
					"name": "frontleg_left",
					"parent": "legs",
					"pivot": [-14, 80, -26],
					"rotation": [-28.94211, 10.79848, 13.76349]
				},
				{
					"name": "foot_left",
					"parent": "frontleg_left",
					"pivot": [-14.5, 52.5, -28],
					"rotation": [27.5, 0, 0],
					"cubes": [
						{"origin": [-20, 47, -37.25], "size": [11, 8, 19], "inflate": 0.01, "uv": [270, 293]},
						{"origin": [-21, 37, -39.25], "size": [13, 10, 23], "inflate": 0.01, "uv": [254, 119]},
						{"origin": [-22, 19, -41.25], "size": [15, 18, 27], "inflate": 0.01, "uv": [0, 128]},
						{"origin": [-14.5, 1, -49.25], "size": [0, 33, 12], "uv": [190, 322]},
						{"origin": [-14.5, 1, -18.25], "size": [0, 33, 12], "uv": [214, 322]},
						{"origin": [-22, 12, -39.25], "size": [15, 7, 23], "inflate": 0.01, "uv": [60, 243]},
						{"origin": [-27.5, 1, -27.75], "size": [26, 17, 0], "uv": [12, 412], "mirror": true}
					]
				},
				{
					"name": "upperleg_left",
					"parent": "frontleg_left",
					"pivot": [-16, 80, -26],
					"cubes": [
						{"origin": [-20, 45.5, -31.5], "size": [11, 37, 19], "pivot": [13.96115, 91.73282, 5.65369], "rotation": [-7.5, 0, 0], "uv": [0, 220]},
						{"origin": [-16, 62.02071, -62.9365], "size": [3, 2, 35], "inflate": 0.01, "pivot": [-14.5, 63.02071, -45.4365], "rotation": [-50, 0, 0], "uv": [198, 225]}
					]
				},
				{
					"name": "frontleg_right",
					"parent": "legs",
					"pivot": [14, 80, -26],
					"rotation": [-46, -12, -16]
				},
				{
					"name": "foot_right",
					"parent": "frontleg_right",
					"pivot": [14.5, 52.5, -28],
					"rotation": [37.5, 0, 0],
					"cubes": [
						{"origin": [9, 47, -37.25], "size": [11, 8, 19], "inflate": 0.01, "uv": [192, 295]},
						{"origin": [8, 37, -39.25], "size": [13, 10, 23], "inflate": 0.01, "uv": [198, 262]},
						{"origin": [7, 19, -41.25], "size": [15, 18, 27], "inflate": 0.01, "uv": [84, 145]},
						{"origin": [14.5, 1, -49.25], "size": [0, 33, 12], "uv": [0, 323]},
						{"origin": [14.5, 1, -18.25], "size": [0, 33, 12], "uv": [24, 326]},
						{"origin": [7, 12, -39.25], "size": [15, 7, 23], "inflate": 0.01, "uv": [252, 0]},
						{"origin": [1.5, 1, -27.75], "size": [26, 17, 0], "uv": [12, 412]}
					]
				},
				{
					"name": "upperleg_right",
					"parent": "frontleg_right",
					"pivot": [16, 80, -26],
					"cubes": [
						{"origin": [9, 45.5, -31.5], "size": [11, 37, 19], "pivot": [-13.96115, 91.73282, 5.65369], "rotation": [-7.5, 0, 0], "uv": [138, 225]},
						{"origin": [13, 62.02071, -62.9365], "size": [3, 2, 35], "inflate": 0.01, "pivot": [14.5, 63.02071, -45.4365], "rotation": [-50, 0, 0], "uv": [228, 53]}
					]
				}
			]
		}
	]
}