{
  "portraitScale": 1.9,
  "portraitTranslation": [ -2.41, 12.09, 0 ],
  "profileScale": 0.18,
  "profileTranslation": [ -0.04, 1.59, 0 ],
  "animations": {},
  "poses": { 
    "battle-standing": {
      "poseTypes": ["STAND"],
      "isBattle": true,
      "animations": [
        "q.look('head')",
        "q.bedrock('necrozma_ultra', 'ground_idle')"
      ]
    },
    "standing": {
      "poseTypes": ["STAND", "NONE", "PORTRAIT", "FLOAT", "PROFILE"],
      "isBattle": false,
      "animations": [
        "q.look('head')",
        "q.bedrock('necrozma_ultra', 'ground_idle')"
      ]
    },
    "walking": {
      "poseTypes": ["WALK", "SWIM"],
      "animations": [
        "q.look('head')",
        "q.bedrock('necrozma_ultra', 'ground_idle')"
      ]
    }
  }
}