{
  "head": "head",
  "portraitScale": 1.8,
  "portraitTranslation": [ 0.0, 0.0, 0 ],
  "profileScale": 0.7,
  "profileTranslation": [ -0.2, 0.9, 0 ],
  "poses": {
    "standing": {
      "poseName": "standing",
      "transformTicks": 10,
      "poseTypes": [
        "STAND",
        "NONE",
        "PORTRAIT",
        "PROFILE"
      ],
      "animations": [
        "bedrock(pecharunt, ground_idle)"
      ],
      "quirks": [
        {
          "name": "blink",
          "animations": ["bedrock(pecharunt, blink)"]
        }
      ]		  
    },
    "walking": {
      "poseName": "walking",
      "transformTicks": 10,
      "poseTypes": [ "WALK" ],
      "animations": [ "bedrock(pecharunt, ground_walk)" ]
		}
  }
}