{
  "species": "cobblemon:flabebe",
  "order": 5,
  "variations": [
    {
      "aspects": [
        "flower-expansion-purple"
      ],
      "texture": "cobblemon:textures/pokemon/0669_flabebe/flabebe_purple.png",
      "layers": [
        {
          "texture": "cobblemon:textures/pokemon/0669_flabebe/flabebe_flower_purple.png"
        }
      ]
    },
    {
      "aspects": [
        "flower-expansion-black"
      ],
      "texture": "cobblemon:textures/pokemon/0669_flabebe/flabebe_black.png",
      "layers": [
        {
          "texture": "cobblemon:textures/pokemon/0669_flabebe/flabebe_flower_black.png"
        }
      ]
    },
    {
      "aspects": [
        "flower-expansion-green"
      ],
      "texture": "cobblemon:textures/pokemon/0669_flabebe/flabebe_green.png",
      "layers": [
        {
          "texture": "cobblemon:textures/pokemon/0669_flabebe/flabebe_flower_green.png"
        }
      ]
    },
    {
      "aspects": [
        "flower-expansion-cyan"
      ],
      "texture": "cobblemon:textures/pokemon/0669_flabebe/flabebe_cyan.png",
      "layers": [
        {
          "texture": "cobblemon:textures/pokemon/0669_flabebe/flabebe_flower_cyan.png"
        }
      ]
    },
    {
      "aspects": [
        "flower-expansion-brown"
      ],
      "texture": "cobblemon:textures/pokemon/0669_flabebe/flabebe_brown.png",
      "layers": [
        {
          "texture": "cobblemon:textures/pokemon/0669_flabebe/flabebe_flower_brown.png"
        }
      ]
    },
    {
      "aspects": [
        "flower-expansion-purple",
        "shiny"
      ],
      "texture": "cobblemon:textures/pokemon/0669_flabebe/flabebe_purple_shiny.png",
      "layers": [
        {
          "texture": "cobblemon:textures/pokemon/0669_flabebe/flabebe_flower_purple.png"
        }
      ]
    },
    {
      "aspects": [
        "flower-expansion-black",
        "shiny"
      ],
      "texture": "cobblemon:textures/pokemon/0669_flabebe/flabebe_black_shiny.png",
      "layers": [
        {
          "texture": "cobblemon:textures/pokemon/0669_flabebe/flabebe_flower_black.png"
        }
      ]
    },
    {
      "aspects": [
        "flower-expansion-green",
        "shiny"
      ],
      "texture": "cobblemon:textures/pokemon/0669_flabebe/flabebe_green_shiny.png",
      "layers": [
        {
          "texture": "cobblemon:textures/pokemon/0669_flabebe/flabebe_flower_green.png"
        }
      ]
    },
    {
      "aspects": [
        "flower-expansion-cyan",
        "shiny"
      ],
      "texture": "cobblemon:textures/pokemon/0669_flabebe/flabebe_cyan_shiny.png",
      "layers": [
        {
          "texture": "cobblemon:textures/pokemon/0669_flabebe/flabebe_flower_cyan.png"
        }
      ]
    },
    {
      "aspects": [
        "flower-expansion-brown",
        "shiny"
      ],
      "texture": "cobblemon:textures/pokemon/0669_flabebe/flabebe_brown_shiny.png",
      "layers": [
        {
          "texture": "cobblemon:textures/pokemon/0669_flabebe/flabebe_flower_brown.png"
        }
      ]
    }
  ]
}
