{
	"format_version": "1.12.0",
	"minecraft:geometry": [
		{
			"description": {
				"identifier": "geometry.solgaleo",
				"texture_width": 512,
				"texture_height": 512,
				"visible_bounds_width": 14,
				"visible_bounds_height": 6.5,
				"visible_bounds_offset": [0, 2.75, 0]
			},
			"bones": [
				{
					"name": "solgaleo",
					"pivot": [0, 0, 0]
				},
				{
					"name": "body",
					"parent": "solgaleo",
					"pivot": [0, 34, 20]
				},
				{
					"name": "torso",
					"parent": "body",
					"pivot": [0, 34, 20]
				},
				{
					"name": "waist",
					"parent": "torso",
					"pivot": [0, 36, 3],
					"cubes": [
						{"origin": [-9.5, 26, 2], "size": [20, 20, 24], "uv": [0, 468]}
					]
				},
				{
					"name": "locator_seat_1",
					"parent": "waist",
					"pivot": [1, 75, 12.5],
					"locators": {
						"seat_1": [0.5, 42.5, 9.5]
					}
				},
				{
					"name": "tail_base",
					"parent": "waist",
					"pivot": [0.5, 41.5, 24],
					"cubes": [
						{"origin": [-2, 38.5, 24], "size": [5, 6, 8], "uv": [52, 225]}
					]
				},
				{
					"name": "tail",
					"parent": "tail_base",
					"pivot": [0.5, 41.75, 31],
					"cubes": [
						{"origin": [-1.5, 39.75, 31], "size": [4, 4, 9], "inflate": 0.01, "uv": [190, 236]}
					]
				},
				{
					"name": "tail2",
					"parent": "tail",
					"pivot": [0.5, 41.75, 39.5],
					"cubes": [
						{"origin": [-1.5, 39.75, 39], "size": [4, 4, 8], "uv": [52, 239]}
					]
				},
				{
					"name": "tail3",
					"parent": "tail2",
					"pivot": [0.5, 41.75, 46.5],
					"cubes": [
						{"origin": [-1.5, 39.75, 46], "size": [4, 4, 8], "inflate": 0.01, "uv": [104, 239]}
					]
				},
				{
					"name": "tail4",
					"parent": "tail3",
					"pivot": [0.5, 41.75, 53.5],
					"cubes": [
						{"origin": [-1.5, 39.75, 53], "size": [4, 4, 8], "uv": [128, 239]}
					]
				},
				{
					"name": "tail5",
					"parent": "tail4",
					"pivot": [0.5, 41.75, 60.5],
					"cubes": [
						{"origin": [-1.5, 39.75, 60], "size": [4, 4, 8], "inflate": 0.01, "uv": [240, 170]}
					]
				},
				{
					"name": "tail6",
					"parent": "tail5",
					"pivot": [0.5, 41.75, 67.5],
					"cubes": [
						{"origin": [-1.5, 39.75, 67], "size": [4, 4, 8], "uv": [240, 209]}
					]
				},
				{
					"name": "tail7",
					"parent": "tail6",
					"pivot": [0.5, 41.75, 74.5],
					"cubes": [
						{"origin": [-1.5, 39.75, 74], "size": [4, 4, 8], "inflate": 0.01, "uv": [242, 14]}
					]
				},
				{
					"name": "tail8",
					"parent": "tail7",
					"pivot": [0.5, 41.75, 81.5],
					"cubes": [
						{"origin": [-1.5, 39.75, 81], "size": [4, 4, 8], "uv": [242, 14]}
					]
				},
				{
					"name": "tail_tip",
					"parent": "tail8",
					"pivot": [0.5, 43.75, 87],
					"rotation": [25, 0, 0],
					"cubes": [
						{"origin": [-3, 31.75, 86], "size": [7, 12, 5], "uv": [484, 495]},
						{"origin": [-2, 34.75, 91], "size": [5, 6, 2], "uv": [250, 84]}
					]
				},
				{
					"name": "chest",
					"parent": "torso",
					"pivot": [0.5, 32.5, 3],
					"cubes": [
						{"origin": [-11, 23, -21], "size": [23, 27, 24], "uv": [0, 0]}
					]
				},
				{
					"name": "neck",
					"parent": "chest",
					"pivot": [-0.5, 44.5, -17],
					"cubes": [
						{"origin": [-5.5, 39.5, -27], "size": [11, 10, 10], "uv": [0, 152]}
					]
				},
				{
					"name": "mane",
					"parent": "neck",
					"pivot": [0, 45, -37]
				},
				{
					"name": "mane_top",
					"parent": "mane",
					"pivot": [0, 51.75, -37.05],
					"rotation": [-45.25, 0, 0],
					"cubes": [
						{"origin": [-4.5, 51.73392, -37.11358], "size": [9, 9, 9], "uv": [188, 98]}
					]
				},
				{
					"name": "mane_top2",
					"parent": "mane_top",
					"pivot": [0.5, 58.73392, -32.86358],
					"rotation": [-7.5, 0, 0],
					"cubes": [
						{"origin": [-6, 58.71022, -37.83002], "size": [12, 14, 11], "uv": [0, 127]},
						{"origin": [0, 58.73392, -40.86358], "size": [0, 15, 6], "uv": [238, 244]}
					]
				},
				{
					"name": "mane_top3",
					"parent": "mane_top2",
					"pivot": [0.5, 69.73392, -32.11358],
					"rotation": [-12.5, 0, 0],
					"cubes": [
						{"origin": [-5, 69.75763, -36.64714], "size": [10, 10, 9], "uv": [166, 174]}
					]
				},
				{
					"name": "mane_top4",
					"parent": "mane_top3",
					"pivot": [0.5, 78.78133, -32.1807],
					"rotation": [-12.5, 0, 0],
					"cubes": [
						{"origin": [-3.5, 78.75763, -35.64714], "size": [7, 10, 6], "uv": [138, 194]},
						{"origin": [0, 76.25763, -38.14714], "size": [0, 23, 11], "uv": [164, 191]}
					]
				},
				{
					"name": "mane_top_left",
					"parent": "mane",
					"pivot": [3.25, 47, -35.25],
					"rotation": [-32.47436, 2.04767, 33.93455],
					"cubes": [
						{"origin": [0.25, 47, -38.25], "size": [6, 6, 7], "uv": [78, 225]}
					]
				},
				{
					"name": "mane_top_left2",
					"parent": "mane_top_left",
					"pivot": [3.25, 51, -35.25],
					"rotation": [-20, 0, 0],
					"cubes": [
						{"origin": [-1.25, 51, -39.25], "size": [9, 7, 9], "uv": [50, 114]}
					]
				},
				{
					"name": "mane_top_left3",
					"parent": "mane_top_left2",
					"pivot": [3.75, 56, -35],
					"rotation": [-7.5, 0, 0],
					"cubes": [
						{"origin": [-2.75, 55.9763, -39.96644], "size": [12, 14, 11], "uv": [46, 131]},
						{"origin": [3.25, 56, -43], "size": [0, 15, 6], "uv": [248, 41]}
					]
				},
				{
					"name": "mane_top_left4",
					"parent": "mane_top_left3",
					"pivot": [3.75, 67, -34.25],
					"rotation": [-12.5, 0, 0],
					"cubes": [
						{"origin": [-1.75, 67.0237, -38.78356], "size": [10, 10, 9], "uv": [126, 175]}
					]
				},
				{
					"name": "mane_top_left5",
					"parent": "mane_top_left4",
					"pivot": [3.75, 76.04741, -34.31712],
					"cubes": [
						{"origin": [-0.25, 76.0237, -37.78356], "size": [7, 10, 6], "uv": [138, 210]},
						{"origin": [3.25, 71.5237, -39.78356], "size": [0, 23, 11], "uv": [192, -2]}
					]
				},
				{
					"name": "mane_top_right",
					"parent": "mane",
					"pivot": [-3.25, 47, -35.25],
					"rotation": [-32.47436, -2.04767, -33.93455],
					"cubes": [
						{"origin": [-6.25, 47, -38.25], "size": [6, 6, 7], "uv": [78, 225], "mirror": true}
					]
				},
				{
					"name": "mane_top_right2",
					"parent": "mane_top_right",
					"pivot": [-3.25, 51, -35.25],
					"rotation": [-20, 0, 0],
					"cubes": [
						{"origin": [-7.75, 51, -39.25], "size": [9, 7, 9], "uv": [50, 114], "mirror": true}
					]
				},
				{
					"name": "mane_top_right3",
					"parent": "mane_top_right2",
					"pivot": [-3.75, 56, -35],
					"rotation": [-7.5, 0, 0],
					"cubes": [
						{"origin": [-9.25, 55.9763, -39.96644], "size": [12, 14, 11], "uv": [46, 131], "mirror": true},
						{"origin": [-3.25, 56, -43], "size": [0, 15, 6], "uv": [248, 41], "mirror": true}
					]
				},
				{
					"name": "mane_top_right4",
					"parent": "mane_top_right3",
					"pivot": [-3.75, 67, -34.25],
					"rotation": [-12.5, 0, 0],
					"cubes": [
						{"origin": [-8.25, 67.0237, -38.78356], "size": [10, 10, 9], "uv": [126, 175], "mirror": true}
					]
				},
				{
					"name": "mane_top_right5",
					"parent": "mane_top_right4",
					"pivot": [-3.75, 76.04741, -34.31712],
					"cubes": [
						{"origin": [-6.75, 76.0237, -37.78356], "size": [7, 10, 6], "uv": [138, 210], "mirror": true},
						{"origin": [-3.25, 71.5237, -39.78356], "size": [0, 23, 11], "uv": [192, -2], "mirror": true}
					]
				},
				{
					"name": "mane_left",
					"parent": "mane",
					"pivot": [6, 45, -38],
					"rotation": [0, -33.25, 0],
					"cubes": [
						{"origin": [6, 43.25, -38], "size": [4, 4, 5], "uv": [184, 147]}
					]
				},
				{
					"name": "mane_left2",
					"parent": "mane_left",
					"pivot": [9, 45.25, -36],
					"rotation": [0, -5, 0],
					"cubes": [
						{"origin": [8.81047, 42.75, -38.34101], "size": [6, 5, 6], "uv": [244, 0]}
					]
				},
				{
					"name": "mane_left3",
					"parent": "mane_left2",
					"pivot": [13, 44.75, -36.5],
					"rotation": [0, -5, 0],
					"cubes": [
						{"origin": [12.81047, 41.75, -38.84101], "size": [7, 7, 7], "uv": [220, 42]}
					]
				},
				{
					"name": "mane_left4",
					"parent": "mane_left3",
					"pivot": [17.75, 45.25, -35.5],
					"rotation": [0, -25, 0],
					"cubes": [
						{"origin": [17.75713, 40.75, -40.328], "size": [11, 9, 9], "uv": [166, 156]},
						{"origin": [13.75713, 45.5, -45.328], "size": [15, 0, 8], "uv": [184, 131]},
						{"origin": [12.75713, 47.75, -35.828], "size": [21, 5, 0], "uv": [192, 32]},
						{"origin": [12.75713, 37.75, -35.828], "size": [21, 5, 0], "uv": [192, 37]}
					]
				},
				{
					"name": "mane_left5",
					"parent": "mane_left4",
					"pivot": [27.94667, 44.75, -35.48699],
					"cubes": [
						{"origin": [27.75713, 42.25, -38.828], "size": [8, 6, 6], "uv": [224, 118]}
					]
				},
				{
					"name": "mane_left6",
					"parent": "mane_left5",
					"pivot": [33.94667, 44.75, -36.23699],
					"rotation": [0, -7.5, 0],
					"cubes": [
						{"origin": [34.75713, 42.75, -38.578], "size": [9, 5, 5], "uv": [238, 143]}
					]
				},
				{
					"name": "mane_right",
					"parent": "mane",
					"pivot": [-6, 45, -38],
					"rotation": [0, 33.25, 0],
					"cubes": [
						{"origin": [-10, 43.25, -38], "size": [4, 4, 5], "uv": [184, 147], "mirror": true}
					]
				},
				{
					"name": "mane_right2",
					"parent": "mane_right",
					"pivot": [-9, 45.25, -36],
					"rotation": [0, 5, 0],
					"cubes": [
						{"origin": [-14.81047, 42.75, -38.34101], "size": [6, 5, 6], "uv": [244, 0], "mirror": true}
					]
				},
				{
					"name": "mane_right3",
					"parent": "mane_right2",
					"pivot": [-13, 44.75, -36.5],
					"rotation": [0, 5, 0],
					"cubes": [
						{"origin": [-19.81047, 41.75, -38.84101], "size": [7, 7, 7], "uv": [220, 42], "mirror": true}
					]
				},
				{
					"name": "mane_right4",
					"parent": "mane_right3",
					"pivot": [-17.75, 45.25, -35.5],
					"rotation": [0, 25, 0],
					"cubes": [
						{"origin": [-28.75713, 40.75, -40.328], "size": [11, 9, 9], "uv": [166, 156], "mirror": true},
						{"origin": [-28.75713, 45.5, -45.328], "size": [15, 0, 8], "uv": [184, 131], "mirror": true},
						{"origin": [-33.75713, 47.75, -35.828], "size": [21, 5, 0], "uv": [192, 32], "mirror": true},
						{"origin": [-33.75713, 37.75, -35.828], "size": [21, 5, 0], "uv": [192, 37], "mirror": true}
					]
				},
				{
					"name": "mane_right5",
					"parent": "mane_right4",
					"pivot": [-27.94667, 44.75, -35.48699],
					"cubes": [
						{"origin": [-35.75713, 42.25, -38.828], "size": [8, 6, 6], "uv": [224, 118], "mirror": true}
					]
				},
				{
					"name": "mane_right6",
					"parent": "mane_right5",
					"pivot": [-33.94667, 44.75, -36.23699],
					"rotation": [0, 7.5, 0],
					"cubes": [
						{"origin": [-43.75713, 42.75, -38.578], "size": [9, 5, 5], "uv": [238, 143], "mirror": true}
					]
				},
				{
					"name": "mane_bottom_left",
					"parent": "mane",
					"pivot": [3.25, 42, -35.25],
					"rotation": [25.65787, -2.30531, -45.6305],
					"cubes": [
						{"origin": [0.25, 36, -38.25], "size": [6, 6, 7], "uv": [130, 226]}
					]
				},
				{
					"name": "mane_bottom_left2",
					"parent": "mane_bottom_left",
					"pivot": [3.25, 38, -35.25],
					"rotation": [20, 0, 0],
					"cubes": [
						{"origin": [-1.25, 31, -39.25], "size": [9, 7, 9], "uv": [204, 174]}
					]
				},
				{
					"name": "mane_bottom_left3",
					"parent": "mane_bottom_left2",
					"pivot": [3.75, 33, -35],
					"rotation": [7.5, 0, 0],
					"cubes": [
						{"origin": [-2.75, 19.0237, -39.96644], "size": [12, 14, 11], "uv": [144, 0]},
						{"origin": [3.25, 18, -43], "size": [0, 15, 6], "uv": [176, 248]}
					]
				},
				{
					"name": "mane_bottom_left4",
					"parent": "mane_bottom_left3",
					"pivot": [3.75, 22, -34.25],
					"rotation": [22.5, 0, 0],
					"cubes": [
						{"origin": [-1.75, 11.9763, -38.78356], "size": [10, 10, 9], "uv": [182, 45]}
					]
				},
				{
					"name": "mane_bottom_left5",
					"parent": "mane_bottom_left4",
					"pivot": [3.75, 12.95259, -34.31712],
					"cubes": [
						{"origin": [-0.25, 2.9763, -37.78356], "size": [7, 10, 6], "uv": [224, 102]},
						{"origin": [3.25, -5.5237, -40.28356], "size": [0, 23, 11], "uv": [116, 192]}
					]
				},
				{
					"name": "mane_bottom_right",
					"parent": "mane",
					"pivot": [-3.25, 42, -35.25],
					"rotation": [25.65787, 2.30531, 45.6305],
					"cubes": [
						{"origin": [-6.25, 36, -38.25], "size": [6, 6, 7], "uv": [130, 226], "mirror": true}
					]
				},
				{
					"name": "mane_bottom_right2",
					"parent": "mane_bottom_right",
					"pivot": [-3.25, 38, -35.25],
					"rotation": [20, 0, 0],
					"cubes": [
						{"origin": [-7.75, 31, -39.25], "size": [9, 7, 9], "uv": [204, 174], "mirror": true}
					]
				},
				{
					"name": "mane_bottom_right3",
					"parent": "mane_bottom_right2",
					"pivot": [-3.75, 33, -35],
					"rotation": [7.5, 0, 0],
					"cubes": [
						{"origin": [-9.25, 19.0237, -39.96644], "size": [12, 14, 11], "uv": [144, 0], "mirror": true},
						{"origin": [-3.25, 18, -43], "size": [0, 15, 6], "uv": [176, 248], "mirror": true}
					]
				},
				{
					"name": "mane_bottom_right4",
					"parent": "mane_bottom_right3",
					"pivot": [-3.75, 22, -34.25],
					"rotation": [22.5, 0, 0],
					"cubes": [
						{"origin": [-8.25, 11.9763, -38.78356], "size": [10, 10, 9], "uv": [182, 45], "mirror": true}
					]
				},
				{
					"name": "mane_bottom_right5",
					"parent": "mane_bottom_right4",
					"pivot": [-3.75, 12.95259, -34.31712],
					"cubes": [
						{"origin": [-6.75, 2.9763, -37.78356], "size": [7, 10, 6], "uv": [224, 102], "mirror": true},
						{"origin": [-3.25, -5.5237, -40.28356], "size": [0, 23, 11], "uv": [116, 192], "mirror": true}
					]
				},
				{
					"name": "head",
					"parent": "neck",
					"pivot": [0.06667, 43.58333, -26.5],
					"cubes": [
						{"origin": [-6, 40.25, -35.5], "size": [12, 4, 9], "inflate": 0.01, "uv": [378, 0]},
						{"origin": [-6, 44.25, -38.5], "size": [12, 8, 12], "inflate": 0.01, "uv": [144, 25]}
					]
				},
				{
					"name": "head_rotation",
					"parent": "head",
					"pivot": [0, 48.25, -41.35],
					"rotation": [0, -45, 0],
					"cubes": [
						{"origin": [-2, 44.25, -43.35], "size": [8, 7, 8], "uv": [208, 209]},
						{"origin": [-2, 41.25, -43.35], "size": [0, 3, 8], "uv": [244, 193]},
						{"origin": [-2, 41.25, -43.35], "size": [8, 3, 0], "uv": [244, 201], "mirror": true}
					]
				},
				{
					"name": "star",
					"parent": "head_rotation",
					"pivot": [-0.05, 50.275, -40.6],
					"rotation": [0, -45, 0],
					"cubes": [
						{"origin": [-2.05, 50.275, -42.6], "size": [4, 0, 3], "uv": [284, 0]},
						{"origin": [-0.55, 50.3, -41.6], "size": [1, 0, 1], "uv": [336, 0]},
						{"origin": [-0.55, 50.3, -42.6], "size": [1, 0, 1], "uv": [341, 0]},
						{"origin": [-0.55, 50.3, -40.6], "size": [1, 0, 1], "uv": [341, 0]},
						{"origin": [-1.05, 50.25, -42.1], "size": [2, 0, 2], "uv": [343, 1]}
					]
				},
				{
					"name": "eye_left",
					"parent": "head_rotation",
					"pivot": [3.375, 48.125, -42.375],
					"rotation": [0, 0, -7.5],
					"cubes": [
						{"origin": [2, 47.25, -43.375], "size": [3, 2, 2], "uv": [116, 187]},
						{"origin": [5, 48.25, -43.375], "size": [1, 1, 2], "uv": [214, 42]},
						{"origin": [4.25, 46.75, -43.375], "size": [1, 1, 0], "inflate": 0.01, "uv": [210, 44]}
					]
				},
				{
					"name": "eyelid_left",
					"parent": "eye_left",
					"pivot": [3, 47.25, -41.425],
					"cubes": [
						{"origin": [2, 47.25, -42.425], "size": [4, 2, 1], "uv": [0, 21]}
					]
				},
				{
					"name": "bone2",
					"parent": "eye_left",
					"pivot": [2.75, 48.75, -42.375],
					"cubes": [
						{"origin": [1.75, 48.75, -43.375], "size": [2, 1, 0], "inflate": 0.02, "uv": [49, 135]}
					]
				},
				{
					"name": "eye_left2",
					"parent": "eye_left",
					"pivot": [5.25, 47.25, -42.375],
					"cubes": [
						{"origin": [2.275, 47.25, -43.38], "size": [2, 2, 0], "uv": [46, 127]}
					]
				},
				{
					"name": "eye_left3",
					"parent": "eye_left2",
					"pivot": [3.775, 46.75, -42.375],
					"cubes": [
						{"origin": [2.75, 47.75, -43.375], "size": [1, 1, 0], "inflate": 0.01, "uv": [62, 130]}
					]
				},
				{
					"name": "eye_right",
					"parent": "head_rotation",
					"pivot": [-2.10013, 48.37946, -37.6],
					"rotation": [89.99999, 82.5, 89.99999],
					"cubes": [
						{"origin": [-3.30013, 47.37946, -37.6], "size": [3, 2, 0], "uv": [0, 222]},
						{"origin": [-3.55013, 46.87946, -37.6], "size": [1, 1, 0], "inflate": 0.01, "uv": [210, 44]},
						{"origin": [-4.30013, 48.37946, -37.6], "size": [1, 1, 0], "uv": [68, 130]}
					]
				},
				{
					"name": "eyelid_right",
					"parent": "eye_right",
					"pivot": [-1.275, 47.375, -35.625],
					"cubes": [
						{"origin": [-4.275, 47.375, -36.625], "size": [4, 2, 1], "uv": [0, 21], "mirror": true}
					]
				},
				{
					"name": "bone3",
					"parent": "eye_right",
					"pivot": [-1.05013, 48.87946, -36.6],
					"cubes": [
						{"origin": [-2.05013, 48.87946, -37.6], "size": [2, 1, 0], "inflate": 0.02, "uv": [53, 135]}
					]
				},
				{
					"name": "eye_right2",
					"parent": "eye_right",
					"pivot": [-3.55013, 47.37946, -36.6],
					"cubes": [
						{"origin": [-2.57513, 47.37946, -37.605], "size": [2, 2, 0], "uv": [46, 129]}
					]
				},
				{
					"name": "eye_right3",
					"parent": "eye_right2",
					"pivot": [-2.07513, 46.87946, -36.6],
					"cubes": [
						{"origin": [-2.05013, 47.87946, -37.6], "size": [1, 1, 0], "inflate": 0.01, "uv": [64, 130]}
					]
				},
				{
					"name": "jaw",
					"parent": "head",
					"pivot": [0, 43.25, -36],
					"rotation": [-5, 0, 0],
					"cubes": [
						{"origin": [-5, 41.25, -39], "size": [10, 3, 5], "inflate": 0.01, "uv": [236, 224]}
					]
				},
				{
					"name": "mane_bottom",
					"parent": "jaw",
					"pivot": [0, 41.3359, -39.65192],
					"rotation": [35, 0, 0],
					"cubes": [
						{"origin": [-3, 34.3, -39.75], "size": [6, 7, 7], "uv": [214, 14]}
					]
				},
				{
					"name": "mane_bottom_accent",
					"parent": "mane_bottom",
					"pivot": [0, 36.50219, -39.77606],
					"rotation": [-22.5, 0, 0],
					"cubes": [
						{"origin": [0, 21.50219, -39.77606], "size": [0, 15, 6], "uv": [188, 249]}
					]
				},
				{
					"name": "mane_bottom2",
					"parent": "mane_bottom",
					"pivot": [0, 35.8359, -36.40192],
					"rotation": [5, 0, 0],
					"cubes": [
						{"origin": [-4.5, 26.00219, -40.52606], "size": [9, 10, 9], "uv": [50, 95]}
					]
				},
				{
					"name": "mane_bottom3",
					"parent": "mane_bottom2",
					"pivot": [0, 28.53809, -36.17798],
					"rotation": [10, 0, 0],
					"cubes": [
						{"origin": [-6, 18.3474, -41.49391], "size": [12, 10, 10], "uv": [144, 99]},
						{"origin": [2, 15.3474, -37.49391], "size": [9, 13, 0], "uv": [0, 51]},
						{"origin": [-11, 15.3474, -37.49391], "size": [9, 13, 0], "uv": [0, 51], "mirror": true}
					]
				},
				{
					"name": "mane_bottom4",
					"parent": "mane_bottom3",
					"pivot": [0.5, 18.38329, -40.39584],
					"rotation": [15, 0, 0],
					"cubes": [
						{"origin": [-4, 8.3474, -40.49391], "size": [8, 10, 8], "uv": [206, 147]}
					]
				},
				{
					"name": "mane_bottom5",
					"parent": "mane_bottom4",
					"pivot": [0.5, 8.38329, -39.39584],
					"rotation": [12.5, 0, 0],
					"cubes": [
						{"origin": [-2.5, -1.6526, -39.49391], "size": [5, 10, 6], "uv": [94, 195]}
					]
				},
				{
					"name": "bone42",
					"parent": "jaw",
					"pivot": [0, 41.25, -42.525],
					"rotation": [0, -45, 0],
					"cubes": [
						{"origin": [-1, 41.25, -43.525], "size": [7, 3, 7], "uv": [156, 238]}
					]
				},
				{
					"name": "bone",
					"parent": "jaw",
					"pivot": [0, 44.75, -34.25],
					"cubes": [
						{"origin": [-3, 42.75, -39.25], "size": [6, 2, 5], "uv": [0, 0]},
						{"origin": [-2, 42.75, -41.25], "size": [4, 2, 2], "uv": [4, 7]}
					]
				},
				{
					"name": "crown",
					"parent": "head",
					"pivot": [0.25, 52, -40.55]
				},
				{
					"name": "crown_top",
					"parent": "crown",
					"pivot": [0.25, 52, -40.55],
					"rotation": [-37.5, 0, 0],
					"cubes": [
						{"origin": [-3.55, 53.5, -39.05], "size": [7, 3, 0], "uv": [214, 28]}
					]
				},
				{
					"name": "crown_top_left",
					"parent": "crown_top",
					"pivot": [3.55308, 56.64518, -37.3704],
					"rotation": [-0.32902, -7.49282, 22.52154],
					"cubes": [
						{"origin": [3.55308, 67.14518, -38.8704], "size": [0, 7, 3], "uv": [184, 238]},
						{"origin": [2.55308, 53.14518, -39.3704], "size": [2, 7, 4], "uv": [36, 250]},
						{"origin": [3.05308, 60.14518, -39.3704], "size": [1, 7, 4], "uv": [134, 32]}
					]
				},
				{
					"name": "crown_top_right",
					"parent": "crown_top",
					"pivot": [-3.55308, 56.64518, -37.3704],
					"rotation": [-0.32902, 7.49282, -22.52154],
					"cubes": [
						{"origin": [-3.55308, 67.14518, -38.8704], "size": [0, 7, 3], "uv": [146, 251]},
						{"origin": [-4.55308, 53.14518, -39.3704], "size": [2, 7, 4], "uv": [250, 62]},
						{"origin": [-4.05308, 60.14518, -39.3704], "size": [1, 7, 4], "uv": [88, 250]}
					]
				},
				{
					"name": "crown_bottom_left",
					"parent": "crown",
					"pivot": [5.75, 42.75, -40.9],
					"rotation": [31.11505, -6.51197, -42.68083],
					"cubes": [
						{"origin": [1.5, 37.75, -39.4], "size": [6, 4, 0], "uv": [220, 170]}
					]
				},
				{
					"name": "crown_bottom_left2",
					"parent": "crown_bottom_left",
					"pivot": [8.05308, 38.10482, -37.7204],
					"rotation": [0.32902, -7.49282, -22.52154],
					"cubes": [
						{"origin": [8.05308, 22.60482, -39.2204], "size": [0, 5, 3], "uv": [134, 43]},
						{"origin": [7.05308, 34.60482, -39.7204], "size": [2, 8, 4], "uv": [12, 250]},
						{"origin": [7.55308, 27.60482, -39.7204], "size": [1, 7, 4], "uv": [250, 103]}
					]
				},
				{
					"name": "crown_bottom_left3",
					"parent": "crown_bottom_left",
					"pivot": [1.69692, 38.10482, -37.7204],
					"rotation": [-0.6574, 7.4713, 14.95708],
					"cubes": [
						{"origin": [1.69692, 20.60482, -39.2204], "size": [0, 7, 3], "uv": [250, 255]},
						{"origin": [0.69692, 34.60482, -39.7204], "size": [2, 7, 4], "uv": [250, 73]},
						{"origin": [1.19692, 27.60482, -39.7204], "size": [1, 7, 4], "uv": [250, 244]}
					]
				},
				{
					"name": "crown_bottom_right",
					"parent": "crown",
					"pivot": [-5.75, 42.75, -40.9],
					"rotation": [31.11505, 6.51197, 42.68083],
					"cubes": [
						{"origin": [-7.5, 37.75, -39.4], "size": [6, 4, 0], "uv": [220, 170], "mirror": true}
					]
				},
				{
					"name": "crown_bottom_right2",
					"parent": "crown_bottom_right",
					"pivot": [-8.05308, 38.10482, -37.7204],
					"rotation": [0.32902, 7.49282, 22.52154],
					"cubes": [
						{"origin": [-8.05308, 22.60482, -39.2204], "size": [0, 5, 3], "uv": [134, 43], "mirror": true},
						{"origin": [-9.05308, 34.60482, -39.7204], "size": [2, 8, 4], "uv": [12, 250], "mirror": true},
						{"origin": [-8.55308, 27.60482, -39.7204], "size": [1, 7, 4], "uv": [250, 103], "mirror": true}
					]
				},
				{
					"name": "crown_bottom_right3",
					"parent": "crown_bottom_right",
					"pivot": [-1.69692, 38.10482, -37.7204],
					"rotation": [-0.6574, -7.4713, -14.95708],
					"cubes": [
						{"origin": [-1.69692, 20.60482, -39.2204], "size": [0, 7, 3], "uv": [250, 255], "mirror": true},
						{"origin": [-2.69692, 34.60482, -39.7204], "size": [2, 7, 4], "uv": [250, 73], "mirror": true},
						{"origin": [-2.19692, 27.60482, -39.7204], "size": [1, 7, 4], "uv": [250, 244], "mirror": true}
					]
				},
				{
					"name": "crown_left",
					"parent": "crown",
					"pivot": [3.25, 51.32024, -38.08807],
					"rotation": [-22.78057, -5.74866, 54.43545],
					"cubes": [
						{"origin": [1.67836, 50.61837, -38.03807], "size": [7, 4, 0], "uv": [22, 190]}
					]
				},
				{
					"name": "crown_left2",
					"parent": "crown_left",
					"pivot": [8.60927, 51.24559, -39.32715],
					"rotation": [-1.83801, -8.01287, 15.01057],
					"cubes": [
						{"origin": [7.51868, 50.22606, -39.3919], "size": [2, 8, 4], "uv": [200, 249]},
						{"origin": [8.01868, 58.22606, -39.3919], "size": [1, 7, 4], "uv": [116, 176]},
						{"origin": [8.51868, 65.22606, -38.8919], "size": [0, 4, 3], "uv": [68, 260]}
					]
				},
				{
					"name": "crown_right",
					"parent": "crown",
					"pivot": [-3.25, 51.32024, -38.08807],
					"rotation": [-22.78057, 5.74866, -54.43545],
					"cubes": [
						{"origin": [-8.67836, 50.61837, -38.03807], "size": [7, 4, 0], "uv": [22, 190], "mirror": true}
					]
				},
				{
					"name": "crown_right2",
					"parent": "crown_right",
					"pivot": [-8.60927, 51.24559, -39.32715],
					"rotation": [-1.83801, 8.01287, -15.01057],
					"cubes": [
						{"origin": [-9.51868, 50.22606, -39.3919], "size": [2, 8, 4], "uv": [200, 249], "mirror": true},
						{"origin": [-9.01868, 58.22606, -39.3919], "size": [1, 7, 4], "uv": [116, 176], "mirror": true},
						{"origin": [-8.51868, 65.22606, -38.8919], "size": [0, 4, 3], "uv": [68, 260], "mirror": true}
					]
				},
				{
					"name": "back_leg_right",
					"parent": "body",
					"pivot": [-8.5, 34, 20],
					"cubes": [
						{"origin": [-15.5, 21, 12], "size": [12, 23, 17], "uv": [86, 51], "mirror": true}
					]
				},
				{
					"name": "back_leg_right2",
					"parent": "back_leg_right",
					"pivot": [-9, 21, 13.75],
					"rotation": [50, 0, 0],
					"cubes": [
						{"origin": [-13.5, 4, 13.75], "size": [9, 17, 10], "uv": [144, 45], "mirror": true}
					]
				},
				{
					"name": "back_knee_right",
					"parent": "back_leg_right2",
					"pivot": [-9, 4, 23.75],
					"rotation": [26.5, 0, 0],
					"cubes": [
						{"origin": [-14, 4, 13.75], "size": [10, 9, 10], "uv": [94, 32], "mirror": true},
						{"origin": [-12.5, 6, 9], "size": [7, 6, 6], "uv": [78, 238], "mirror": true}
					]
				},
				{
					"name": "back_foot_right",
					"parent": "back_knee_right",
					"pivot": [-9, 6, 9],
					"rotation": [50, 0, 0],
					"cubes": [
						{"origin": [-13, 6, 8.5], "size": [8, 6, 5], "inflate": 0.01, "uv": [0, 239], "mirror": true}
					]
				},
				{
					"name": "back_foot_right2",
					"parent": "back_foot_right",
					"pivot": [-9, 12, 8.5],
					"rotation": [-36, 0, 0],
					"cubes": [
						{"origin": [-13, 12, 8.5], "size": [8, 8, 5], "uv": [230, 130], "mirror": true}
					]
				},
				{
					"name": "back_toes_right_hidden",
					"parent": "back_foot_right2",
					"pivot": [-9, 20, 10.5],
					"cubes": [
						{"origin": [-12.5, 20.01, 8.5], "size": [1, 0, 4], "uv": [250, 204], "mirror": true},
						{"origin": [-9.5, 20.01, 8.5], "size": [1, 0, 4], "uv": [256, 255], "mirror": true},
						{"origin": [-6.5, 20.01, 8.5], "size": [1, 0, 4], "uv": [256, 259], "mirror": true}
					]
				},
				{
					"name": "back_toes_right",
					"parent": "back_foot_right2",
					"pivot": [-9, 15, 12.5]
				},
				{
					"name": "back_toe_right_mid",
					"parent": "back_toes_right",
					"pivot": [-9, 15, 12.5],
					"cubes": [
						{"origin": [-9, 15, 8.5], "size": [0, 5, 4], "uv": [156, 226], "mirror": true}
					]
				},
				{
					"name": "back_toe_right_out",
					"parent": "back_toes_right",
					"pivot": [-12, 15, 12.5],
					"cubes": [
						{"origin": [-12, 15, 8.5], "size": [0, 5, 4], "uv": [68, 251], "mirror": true}
					]
				},
				{
					"name": "back_toe_right_in",
					"parent": "back_toes_right",
					"pivot": [-6, 15, 12.5],
					"cubes": [
						{"origin": [-6, 15, 8.5], "size": [0, 5, 4], "uv": [98, 251], "mirror": true}
					]
				},
				{
					"name": "back_leg_left",
					"parent": "body",
					"pivot": [9.5, 34, 20],
					"cubes": [
						{"origin": [4.5, 21, 12], "size": [12, 23, 17], "uv": [86, 51]}
					]
				},
				{
					"name": "back_leg_left2",
					"parent": "back_leg_left",
					"pivot": [10, 21, 13.75],
					"rotation": [50, 0, 0],
					"cubes": [
						{"origin": [5.5, 4, 13.75], "size": [9, 17, 10], "uv": [144, 45]}
					]
				},
				{
					"name": "back_knee_left",
					"parent": "back_leg_left2",
					"pivot": [10, 4, 23.75],
					"rotation": [26.5, 0, 0],
					"cubes": [
						{"origin": [5, 4, 13.75], "size": [10, 9, 10], "uv": [94, 32]},
						{"origin": [6.5, 6, 9], "size": [7, 6, 6], "uv": [78, 238]}
					]
				},
				{
					"name": "back_foot_left",
					"parent": "back_knee_left",
					"pivot": [10, 6, 9],
					"rotation": [50, 0, 0],
					"cubes": [
						{"origin": [6, 6, 8.5], "size": [8, 6, 5], "inflate": 0.01, "uv": [0, 239]}
					]
				},
				{
					"name": "back_foot_left2",
					"parent": "back_foot_left",
					"pivot": [10, 12, 8.5],
					"rotation": [-36, 0, 0],
					"cubes": [
						{"origin": [6, 12, 8.5], "size": [8, 8, 5], "uv": [230, 130]}
					]
				},
				{
					"name": "back_toes_left_hidden",
					"parent": "back_foot_left2",
					"pivot": [10, 20, 10.5],
					"cubes": [
						{"origin": [12.5, 20.01, 8.5], "size": [1, 0, 4], "uv": [250, 204]},
						{"origin": [9.5, 20.01, 8.5], "size": [1, 0, 4], "uv": [256, 255]},
						{"origin": [6.5, 20.01, 8.5], "size": [1, 0, 4], "uv": [256, 259]}
					]
				},
				{
					"name": "back_toes_left",
					"parent": "back_foot_left2",
					"pivot": [10, 15, 12.5]
				},
				{
					"name": "back_toe_left_mid",
					"parent": "back_toes_left",
					"pivot": [10, 15, 12.5],
					"cubes": [
						{"origin": [10, 15, 8.5], "size": [0, 5, 4], "uv": [156, 226]}
					]
				},
				{
					"name": "back_toe_left_out",
					"parent": "back_toes_left",
					"pivot": [13, 15, 12.5],
					"cubes": [
						{"origin": [13, 15, 8.5], "size": [0, 5, 4], "uv": [68, 251]}
					]
				},
				{
					"name": "back_toe_left_in",
					"parent": "back_toes_left",
					"pivot": [7, 15, 12.5],
					"cubes": [
						{"origin": [7, 15, 8.5], "size": [0, 5, 4], "uv": [98, 251]}
					]
				},
				{
					"name": "front_leg_right",
					"parent": "body",
					"pivot": [-8.75, 36, -12],
					"cubes": [
						{"origin": [-15.25, 26, -19], "size": [11, 18, 14], "uv": [94, 0], "mirror": true}
					]
				},
				{
					"name": "front_leg_right2",
					"parent": "front_leg_right",
					"pivot": [-9.75, 26, -17.5],
					"rotation": [17.5, 0, 0],
					"cubes": [
						{"origin": [-14.25, 20, -17.5], "size": [9, 6, 11], "uv": [182, 64], "mirror": true},
						{"origin": [-14.25, 16, -15.5], "size": [9, 4, 9], "uv": [188, 116], "mirror": true}
					]
				},
				{
					"name": "front_knee_right",
					"parent": "front_leg_right2",
					"pivot": [-9.75, 15.95, -6.5],
					"rotation": [-22.5, 0, 0],
					"cubes": [
						{"origin": [-14.75, 7, -17], "size": [10, 9, 11], "uv": [42, 156], "mirror": true},
						{"origin": [-13.25, 1, -16.5], "size": [7, 6, 8], "uv": [22, 211], "mirror": true}
					]
				},
				{
					"name": "front_foot_right",
					"parent": "front_knee_right",
					"pivot": [-9.75, 1, -8.5],
					"rotation": [-37.5, 0, 0],
					"cubes": [
						{"origin": [-13.75, -6, -15.5], "size": [8, 7, 7], "uv": [52, 211], "mirror": true}
					]
				},
				{
					"name": "front_foot_right2",
					"parent": "front_foot_right",
					"pivot": [-9.75, -6, -8.6],
					"rotation": [-47.5, 0, 0],
					"cubes": [
						{"origin": [-13.75, -15, -13.6], "size": [8, 9, 5], "inflate": 0.01, "uv": [0, 225], "mirror": true}
					]
				},
				{
					"name": "front_toes_left_hidden",
					"parent": "front_foot_right2",
					"pivot": [-9.75, -15, -10.6],
					"cubes": [
						{"origin": [-13.4, -15.025, -12.6], "size": [1, 0, 4], "uv": [260, 26], "mirror": true},
						{"origin": [-10.25, -15.025, -12.6], "size": [1, 0, 4], "uv": [260, 30], "mirror": true},
						{"origin": [-7.1, -15.025, -12.6], "size": [1, 0, 4], "uv": [260, 34], "mirror": true}
					]
				},
				{
					"name": "front_toes_left",
					"parent": "front_foot_right2",
					"pivot": [-9.75, -10, -12.6],
					"cubes": [
						{"origin": [-9.75, -15, -12.6], "size": [0, 5, 4], "uv": [106, 251], "mirror": true},
						{"origin": [-12.925, -15, -12.6], "size": [0, 5, 4], "uv": [114, 251], "mirror": true},
						{"origin": [-6.575, -15, -12.6], "size": [0, 5, 4], "uv": [122, 251], "mirror": true}
					]
				},
				{
					"name": "front_leg_left",
					"parent": "body",
					"pivot": [8.75, 36, -12],
					"cubes": [
						{"origin": [4.25, 26, -19], "size": [11, 18, 14], "uv": [94, 0]}
					]
				},
				{
					"name": "front_leg_left2",
					"parent": "front_leg_left",
					"pivot": [9.75, 26, -17.5],
					"rotation": [17.5, 0, 0],
					"cubes": [
						{"origin": [5.25, 20, -17.5], "size": [9, 6, 11], "uv": [182, 64]},
						{"origin": [5.25, 16, -15.5], "size": [9, 4, 9], "uv": [188, 116]}
					]
				},
				{
					"name": "front_knee_left",
					"parent": "front_leg_left2",
					"pivot": [9.75, 15.95, -6.5],
					"rotation": [-22.5, 0, 0],
					"cubes": [
						{"origin": [4.75, 7, -17], "size": [10, 9, 11], "uv": [42, 156]},
						{"origin": [6.25, 1, -16.5], "size": [7, 6, 8], "uv": [22, 211]}
					]
				},
				{
					"name": "front_foot_left",
					"parent": "front_knee_left",
					"pivot": [9.75, 1, -8.5],
					"rotation": [-37.5, 0, 0],
					"cubes": [
						{"origin": [5.75, -6, -15.5], "size": [8, 7, 7], "uv": [52, 211]}
					]
				},
				{
					"name": "front_foot_left2",
					"parent": "front_foot_left",
					"pivot": [9.75, -6, -8.6],
					"rotation": [-47.5, 0, 0],
					"cubes": [
						{"origin": [5.75, -15, -13.6], "size": [8, 9, 5], "inflate": 0.01, "uv": [0, 225]}
					]
				},
				{
					"name": "front_toes_right_hidden",
					"parent": "front_foot_left2",
					"pivot": [9.75, -15, -10.6],
					"cubes": [
						{"origin": [12.4, -15.025, -12.6], "size": [1, 0, 4], "uv": [260, 26]},
						{"origin": [9.25, -15.025, -12.6], "size": [1, 0, 4], "uv": [260, 30]},
						{"origin": [6.1, -15.025, -12.6], "size": [1, 0, 4], "uv": [260, 34]}
					]
				},
				{
					"name": "front_toes_right",
					"parent": "front_foot_left2",
					"pivot": [9.75, -10, -12.6],
					"cubes": [
						{"origin": [9.75, -15, -12.6], "size": [0, 5, 4], "uv": [106, 251]},
						{"origin": [12.925, -15, -12.6], "size": [0, 5, 4], "uv": [114, 251]},
						{"origin": [6.575, -15, -12.6], "size": [0, 5, 4], "uv": [122, 251]}
					]
				}
			]
		}
	]
}