{
  "parent": "cobbleverse:pokemon/catch_giratina_shiny",
  "display": {
    "title": {
      "translate": "advancements.cobbleverse.craft_azure_flute"
    },
    "description": {
      "translate": "advancements.cobbleverse.craft_azure_flute.description"
    },
    "icon": {
      "id": "lumymon:azure_flute"
    },
    "announce_to_chat": true,
    "show_toast": true,
    "hidden": false,
    "frame": "goal"
  },
  "criteria": {
    "crafted_azure_flute": {
      "conditions": {
        "items": [
          {
            "items": "lumymon:azure_flute"
          }
        ]
      },
      "trigger": "minecraft:inventory_changed"
    }
  },
  "requirements": [
    [
      "crafted_azure_flute"
    ]
  ]
}