{
  "parent": "cobbleverse:trainer/sinnoh/defeat_champion_camilla",
  "display": {
    "title": {
      "translate": "advancements.cobbleverse.obtain_manaphy_egg"
    },
    "description": {
      "translate": "advancements.cobbleverse.obtain_manaphy_egg.description"
    },
    "icon": {
      "id": "cobbreeding:manaphy_egg"
    },
    "announce_to_chat": true,
    "show_toast": true,
    "hidden": false,
    "frame": "goal"
  },
  "criteria": {
    "obtained_manaphy": {
      "conditions": {
        "items": [
          {
            "items": "cobbreeding:manaphy_egg"
          }
        ]
      },
      "trigger": "minecraft:inventory_changed"
    }
  },
  "requirements": [
    [
      "obtained_manaphy"
    ]
  ]
}