{
  "parent": "cobbleverse:trainer/sinnoh/defeat_champion_camilla",
  "display": {
    "title": {
      "translate": "advancements.cobbleverse.obtain_prof_oak_letter"
    },
    "description": {
      "translate": "advancements.cobbleverse.obtain_prof_oak_letter.description"
    },
    "icon": {
      "id": "lumymon:prof_oak_letter"
    },
    "announce_to_chat": true,
    "show_toast": true,
    "hidden": false,
    "frame": "goal"
  },
  "criteria": {
    "kanto_starters": {
      "trigger": "cobblemon:party",
      "conditions": {
        "party": [
          "cobblemon:bulbasaur",
          "cobblemon:charmander",
          "cobblemon:squirtle",
          "cobblemon:pikachu",
          "cobblemon:eevee"
        ]
      }
    }
  },
  "requirements": [
    [
      "kanto_starters"
    ]
  ],
  "rewards": {
    "loot": [
      "cobbleverse:prof_oak_letter"
    ]
  }
}