{
  "parent": "cobbleverse:trainer/sinnoh/defeat_commander_saturn",
  "display": {
    "title": {
      "translate": "advancements.cobbleverse.sinnoh.defeat_boss_cyrus"
    },
    "description": {
      "translate": "advancements.cobbleverse.sinnoh.defeat_boss_cyrus.description"
    },
    "icon": {
      "id": "lumymon:red_chain"
    },
    "announce_to_chat": true,
    "show_toast": true,
    "hidden": false,
    "frame": "goal"
  },
  "criteria": {
    "cyrus_defeated": {
      "conditions": {
        "trainer_ids": ["team_galactic_cyrus"]
      },
      "trigger": "rctmod:defeat_count"
    }
  },
  "requirements": [
    [
      "cyrus_defeated"
    ]
  ],
  "rewards": {
    "function": "cobbleverse:cyrus_defeated"
  }
}