{
  "parent": "cobbleverse:trainer/sinnoh/defeat_commander_mars",
  "display": {
    "title": {
      "translate": "advancements.cobbleverse.sinnoh.defeat_commander_jupiter"
    },
    "description": {
      "translate": "advancements.cobbleverse.sinnoh.defeat_commander_jupiter.description"
    },
    "icon": {
      "id": "lumymon:acuity_proof"
    },
    "announce_to_chat": true,
    "show_toast": true,
    "hidden": false,
    "frame": "goal"
  },
  "criteria": {
    "commander_defeated": {
      "conditions": {
        "trainer_ids": ["team_galactic_commander_jupiter"]
      },
      "trigger": "rctmod:defeat_count"
    }
  },
  "requirements": [
    [
      "commander_defeated"
    ]
  ],
  "rewards": {
    "function": "cobbleverse:jupiter_defeated"
  }
}