{
  "portraitScale": 2.4,
  "portraitTranslation": [ 0, -0.25, 0 ],
  "profileScale": 1,
  "profileTranslation": [0, 0.3, 0 ],
  "animations": {
    "cry": "q.bedrock_stateful('celebi', 'cry')",
    "recoil": "q.bedrock_stateful('celebi', 'recoil')"
  },
  "poses": {

    "standing": {
      "poseTypes": ["STAND", "NONE"],
      "isBattle": false,
      "animations": [
        "q.look('head')", 
        "q.bedrock('celebi', 'air_idle')"
      ],
      "quirks": [
        "q.bedrock_quirk('celebi', 'blink', 2, 5, 1)",
        "q.bedrock_quirk('celebi', 'look_quirk', 4, 10, 1)",
        "q.bedrock_quirk('celebi', 'giggle_quirk', 20, 60, 1)"
      ]
    },
    "hover": {
      "poseTypes": ["HOVER"],
      "isBattle": false,
      "animations": [
        "q.look('head')",
        "q.bedrock('celebi', 'air_idle')"
      ],
      "quirks": [
        "q.bedrock_quirk('celebi', 'blink', 2, 5, 1)",
        "q.bedrock_quirk('celebi', 'look_quirk', 4, 10, 1)",
        "q.bedrock_quirk('celebi', 'giggle_quirk', 20, 60, 1)"
      ]
    },
    "battle-standing": {
      "poseTypes": ["STAND"],
      "isBattle": true,
      "animations": [
        "q.look('head')",
        "q.bedrock('celebi', 'battle_idle')",
        "q.bedrock_primary('celebi', 'cry', q.curve('one'))"
      ],
      "quirks": [
        "q.bedrock_quirk('celebi', 'blink', 2, 5, 1)",
        "q.bedrock_quirk('celebi', 'look_quirk', 4, 10, 1)",
        "q.bedrock_quirk('celebi', 'giggle_quirk', 20, 60, 1)"
      ]
    },
    "battle-flying": { 
      "poseTypes": ["HOVER"],
      "isBattle": true,
      "animations": [
        "q.look('head')",
        "q.bedrock('celebi', 'battle_idle')"
      ],
      "quirks": [
        "q.bedrock_quirk('celebi', 'blink', 2, 5, 1)",
        "q.bedrock_quirk('celebi', 'look_quirk', 4, 10, 1)",
        "q.bedrock_quirk('celebi', 'giggle_quirk', 20, 60, 1)"
      ]
    },


    "walking": {
      "poseTypes": ["WALK"],
      "animations": [
        "q.look('head')", 
        "q.bedrock('celebi', 'air_fly')"
      ],
      "quirks": [
        "q.bedrock_quirk('celebi', 'blink', 2, 5, 1)",
        "q.bedrock_quirk('celebi', 'look_quirk', 4, 10, 1)",
        "q.bedrock_quirk('celebi', 'giggle_quirk', 20, 60, 1)"
      ]
    },
    "fly": {
      "poseTypes": ["FLY"],
      "isBattle": false,
      "animations": [
        "q.look('head')",
        "q.bedrock('celebi', 'air_fly')"
      ],
      "quirks": [
        "q.bedrock_quirk('celebi', 'blink', 2, 5, 1)",
        "q.bedrock_quirk('celebi', 'look_quirk', 4, 10, 1)",
        "q.bedrock_quirk('celebi', 'giggle_quirk', 20, 60, 1)"
      ]
    },
    "sleeping": {
      "poseTypes": ["SLEEP"],
      "animations": [
        "q.bedrock('celebi', 'sleep')"
      ]
    },


    "shoulder_left": { 
      "poseName": "shoulder_left",
      "transformTicks": 10,
      "poseTypes": ["SHOULDER_LEFT"],
      "animations": [
        "q.look('head')", 
        "bedrock(celebi, shoulder_left)"
      ],
      "quirks": [
        "q.bedrock_quirk('celebi', 'blink', 2, 5, 1)",
        "q.bedrock_quirk('celebi', 'look_quirk', 4, 10, 1)",
        "q.bedrock_quirk('celebi', 'giggle_quirk', 20, 60, 1)"
      ],
      "transformedParts": [
        {
          "part": "body_move",
          "position": [-7, 0, 0]
        }
      ]
    },
    "shoulder_right": {
      "poseName": "shoulder_right",
      "transformTicks": 10,
      "poseTypes": ["SHOULDER_RIGHT"],
      "animations": [
        "q.look('head')", 
        "bedrock(celebi, shoulder_right)"
      ],
      "quirks": [
        "q.bedrock_quirk('celebi', 'blink', 2, 5, 1)",
        "q.bedrock_quirk('celebi', 'look_quirk', 4, 10, 1)",
        "q.bedrock_quirk('celebi', 'giggle_quirk', 20, 60, 1)"
      ],
      "transformedParts": [
        {
          "part": "body_move",
          "position": [7, 0, 0]
        }
      ]
    }
  }
}
