{
	"format_version": "1.12.0",
	"minecraft:geometry": [
		{
			"description": {
				"identifier": "geometry.unknown",
				"texture_width": 64,
				"texture_height": 64,
				"visible_bounds_width": 3,
				"visible_bounds_height": 2.5,
				"visible_bounds_offset": [0, 0.75, 0]
			},
			"bones": [
				{
					"name": "root",
					"pivot": [0, 0, 0]
				},
				{
					"name": "celebi",
					"parent": "root",
					"pivot": [0.5, 6.275, 0]
				},
				{
					"name": "body_move",
					"parent": "celebi",
					"pivot": [0.5, 6.275, 0]
				},
				{
					"name": "body",
					"parent": "body_move",
					"pivot": [0.5, 6.275, 0],
					"cubes": [
						{"origin": [-1.5, 4.275, -1.5], "size": [3, 3, 3], "inflate": 0.275, "uv": [28, 0]}
					]
				},
				{
					"name": "torso",
					"parent": "body",
					"pivot": [0.125, 7.44375, 0.2625],
					"cubes": [
						{"origin": [-1.5, 6.275, -1.5], "size": [3, 3, 3], "uv": [28, 6]}
					]
				},
				{
					"name": "right_arm_1",
					"parent": "torso",
					"pivot": [-1.5125, 8.8625, -0.225],
					"cubes": [
						{"origin": [-4.425, 8.275, -0.95], "size": [3, 1, 2], "inflate": -0.05, "uv": [32, 27]}
					]
				},
				{
					"name": "right_arm_2",
					"parent": "right_arm_1",
					"pivot": [-4.29065, 8.775, 0.00625],
					"cubes": [
						{"origin": [-7.425, 8.275, -1], "size": [3, 1, 2], "inflate": 0.125, "uv": [0, 34]}
					]
				},
				{
					"name": "finger_right",
					"parent": "right_arm_2",
					"pivot": [-6.91254, 8.775, 0.00833],
					"cubes": [
						{"origin": [-8.975, 8.775, -0.975], "size": [2, 0, 1], "pivot": [-6.975, 8.775, -0.475], "rotation": [0, -25, 0], "uv": [28, 13]},
						{"origin": [-8.975, 8.775, -0.475], "size": [2, 0, 1], "inflate": 0.01, "uv": [28, 12]},
						{"origin": [-8.975, 8.775, -0.025], "size": [2, 0, 1], "pivot": [-6.975, 8.775, 0.475], "rotation": [0, 25, 0], "uv": [12, 30]}
					]
				},
				{
					"name": "left_arm_1",
					"parent": "torso",
					"pivot": [1.5125, 8.8625, -0.225],
					"cubes": [
						{"origin": [1.425, 8.275, -0.95], "size": [3, 1, 2], "inflate": -0.05, "uv": [34, 30]}
					]
				},
				{
					"name": "left_arm_2",
					"parent": "left_arm_1",
					"pivot": [4.29065, 8.775, 0.00625],
					"cubes": [
						{"origin": [4.425, 8.275, -1], "size": [3, 1, 2], "inflate": 0.125, "uv": [34, 33]}
					]
				},
				{
					"name": "finger_left",
					"parent": "left_arm_2",
					"pivot": [6.91254, 8.775, 0.00833],
					"cubes": [
						{"origin": [6.975, 8.775, -0.475], "size": [2, 0, 1], "inflate": 0.01, "uv": [36, 21]},
						{"origin": [6.975, 8.775, -0.025], "size": [2, 0, 1], "pivot": [6.975, 8.775, 0.475], "rotation": [0, -25, 0], "uv": [40, 0]},
						{"origin": [6.975, 8.775, -0.975], "size": [2, 0, 1], "pivot": [6.975, 8.775, -0.475], "rotation": [0, 25, 0], "uv": [0, 40]}
					]
				},
				{
					"name": "wings",
					"parent": "torso",
					"pivot": [0.5, 8.275, 1.5]
				},
				{
					"name": "wing_left",
					"parent": "wings",
					"pivot": [0.5, 8.275, 1.5],
					"cubes": [
						{"origin": [0.5, 6.275, 1.5], "size": [0, 3, 6], "uv": [20, 22]}
					]
				},
				{
					"name": "wing_right",
					"parent": "wings",
					"pivot": [-0.5, 8.275, 1.5],
					"cubes": [
						{"origin": [-0.5, 6.275, 1.5], "size": [0, 3, 6], "uv": [0, 25]}
					]
				},
				{
					"name": "neck",
					"parent": "torso",
					"pivot": [0, 9, 0],
					"cubes": [
						{"origin": [-1, 8, -1], "size": [2, 3, 2], "inflate": -0.225, "uv": [12, 25]}
					]
				},
				{
					"name": "head",
					"parent": "neck",
					"pivot": [-0.0875, 9.95833, 0.09583],
					"cubes": [
						{"origin": [-3.5, 10, -3.5], "size": [7, 7, 7], "uv": [0, 0]}
					]
				},
				{
					"name": "eye_lid",
					"parent": "head",
					"pivot": [2.475, 12, -2.475]
				},
				{
					"name": "eyelid_l",
					"parent": "eye_lid",
					"pivot": [2.475, 12, -2.475],
					"cubes": [
						{"origin": [1.475, 12, -3.475], "size": [2, 3, 5], "uv": [0, 41]}
					]
				},
				{
					"name": "eyelid_r",
					"parent": "eye_lid",
					"pivot": [-2.475, 12, -2.475],
					"cubes": [
						{"origin": [-3.475, 12, -3.475], "size": [2, 3, 5], "uv": [0, 41], "mirror": true}
					]
				},
				{
					"name": "mouth",
					"parent": "head",
					"pivot": [2.5, 10.375, -2.5]
				},
				{
					"name": "mouth_open",
					"parent": "mouth",
					"pivot": [0, 11.35, -2.45],
					"cubes": [
						{"origin": [-0.5, 10.675, -3.45], "size": [1, 1, 0], "uv": [1, 1]},
						{"origin": [-0.5, 11.425, -3.5], "size": [1, 1, 0], "uv": [1, 6]}
					]
				},
				{
					"name": "mouth_laugh_pos",
					"parent": "mouth",
					"pivot": [0, 11.25, -2.45]
				},
				{
					"name": "mouth_laugh",
					"parent": "mouth_laugh_pos",
					"pivot": [0, 11.25, -2.45],
					"cubes": [
						{"origin": [-0.5, 10.525, -3.45], "size": [1, 1, 0], "uv": [2, 5]},
						{"origin": [0.15, 10.775, -3.425], "size": [1, 1, 0], "uv": [2, 6], "mirror": true},
						{"origin": [-1.15, 10.75, -3.425], "size": [1, 1, 0], "uv": [2, 6], "mirror": true},
						{"origin": [-0.5, 11.225, -3.5], "size": [1, 1, 0], "uv": [1, 5]},
						{"origin": [-1.5, 11.475, -3.475], "size": [3, 1, 0], "uv": [1, 2], "mirror": true}
					]
				},
				{
					"name": "mouth_smile",
					"parent": "mouth",
					"pivot": [0, 11.25, -2.55],
					"cubes": [
						{"origin": [-0.5, 10.875, -3.55], "size": [1, 1, 0], "uv": [2, 4]},
						{"origin": [0.15, 11.025, -3.525], "size": [1, 1, 0], "uv": [2, 4]},
						{"origin": [-1.15, 11.025, -3.525], "size": [1, 1, 0], "uv": [2, 4], "mirror": true},
						{"origin": [-0.5, 11.325, -3.6], "size": [1, 1, 0], "uv": [1, 5]},
						{"origin": [-1.5, 11.475, -3.575], "size": [3, 1, 0], "uv": [1, 2], "mirror": true}
					]
				},
				{
					"name": "mouth_normal",
					"parent": "mouth",
					"pivot": [0, 11.25, -2.475],
					"cubes": [
						{"origin": [-1, 11.25, -3.475], "size": [2, 1, 0], "uv": [1, 3]},
						{"origin": [-0.5, 10.875, -3.45], "size": [1, 1, 0], "uv": [2, 4]}
					]
				},
				{
					"name": "anthena_right_1",
					"parent": "head",
					"pivot": [2, 16, -3.5],
					"cubes": [
						{"origin": [1.5, 16, -6.5], "size": [1, 0, 3], "uv": [0, 37]}
					]
				},
				{
					"name": "anthena_right_2",
					"parent": "anthena_right_1",
					"pivot": [2, 16, -6.5],
					"cubes": [
						{"origin": [1.5, 16, -9.5], "size": [1, 0, 3], "uv": [8, 37]}
					]
				},
				{
					"name": "anthena_right_3",
					"parent": "anthena_right_2",
					"pivot": [2, 16, -9.5],
					"cubes": [
						{"origin": [1.5, 16, -12.5], "size": [1, 0, 3], "uv": [16, 37]}
					]
				},
				{
					"name": "anthena_left_1",
					"parent": "head",
					"pivot": [-2, 16, -3.5],
					"cubes": [
						{"origin": [-2.5, 16, -6.5], "size": [1, 0, 3], "uv": [36, 18]}
					]
				},
				{
					"name": "anthena_left_2",
					"parent": "anthena_left_1",
					"pivot": [-2, 16, -6.5],
					"cubes": [
						{"origin": [-2.5, 16, -9.5], "size": [1, 0, 3], "uv": [24, 36]}
					]
				},
				{
					"name": "anthena_left_3",
					"parent": "anthena_left_2",
					"pivot": [-2, 16, -9.5],
					"cubes": [
						{"origin": [-2.5, 16, -12.5], "size": [1, 0, 3], "uv": [32, 36]}
					]
				},
				{
					"name": "bone",
					"parent": "head",
					"pivot": [-0.25, 13.925, 0.55],
					"rotation": [17.5, 0, 0],
					"cubes": [
						{"origin": [-2.5, 9.925, 0.625], "size": [5, 6, 5], "uv": [0, 14]}
					]
				},
				{
					"name": "bone2",
					"parent": "bone",
					"pivot": [-0.0625, 14.225, 3.9],
					"rotation": [20, 0, 0],
					"cubes": [
						{"origin": [-2, 11.225, 3.975], "size": [4, 4, 4], "uv": [20, 14]}
					]
				},
				{
					"name": "bone3",
					"parent": "bone2",
					"pivot": [-0.3125, 14.075, 3.9],
					"rotation": [15, 0, 0],
					"cubes": [
						{"origin": [-1.5, 11.225, 6.125], "size": [3, 3, 3], "pivot": [-1.5, 14.225, 5.625], "rotation": [-2.5, 0, 0], "uv": [12, 31]}
					]
				},
				{
					"name": "bone4",
					"parent": "bone3",
					"pivot": [-0.90625, 14.05, 3.85],
					"rotation": [10, 0, 0],
					"cubes": [
						{"origin": [0, 10.3, 8.225], "size": [0, 3, 3], "pivot": [-3, 13.3, 7.725], "rotation": [-2.5, 0, 0], "uv": [36, 12]}
					]
				},
				{
					"name": "leg_right_1",
					"parent": "body_move",
					"pivot": [0.75, 4.95, -0.075],
					"cubes": [
						{"origin": [0.5, 2.95, -0.6], "size": [1, 2, 1], "uv": [24, 39]}
					]
				},
				{
					"name": "leg_right_2",
					"parent": "leg_right_1",
					"pivot": [1.025, 2.95, -0.6],
					"cubes": [
						{"origin": [0.5, 0.95, -0.6], "size": [1, 2, 1], "inflate": 0.01, "uv": [28, 39]}
					]
				},
				{
					"name": "leg_right_3",
					"parent": "leg_right_2",
					"pivot": [1, 1.6, -0.15],
					"cubes": [
						{"origin": [0, -0.05, -1.95], "size": [2, 2, 3], "inflate": -0.075, "uv": [24, 31]}
					]
				},
				{
					"name": "leg_left_1",
					"parent": "body_move",
					"pivot": [-0.75, 4.95, -0.075],
					"cubes": [
						{"origin": [-1.5, 2.95, -0.6], "size": [1, 2, 1], "uv": [32, 39]}
					]
				},
				{
					"name": "leg_left_2",
					"parent": "leg_left_1",
					"pivot": [-1.025, 2.95, -0.6],
					"cubes": [
						{"origin": [-1.5, 0.95, -0.6], "size": [1, 2, 1], "inflate": 0.01, "uv": [36, 39]}
					]
				},
				{
					"name": "leg_left_3",
					"parent": "leg_left_2",
					"pivot": [-1, 1.6, -0.15],
					"cubes": [
						{"origin": [-2, -0.05, -1.95], "size": [2, 2, 3], "inflate": -0.075, "uv": [32, 22]}
					]
				}
			]
		}
	]
}