{
  "species": "cobblemon:palkia",
  "order": 2,
    "variations": [
      {
        "aspects": [],
        "poser": "cobblemon:palkia",
        "model": "cobblemon:palkia.geo",
        "texture": "cobblemon:textures/pokemon/0484_palkia/palkia.png",
        "layers": [
          {
            "name": "emissive",
            "emissive": true,
            "texture": "cobblemon:textures/pokemon/0484_palkia/palkia_emissive.png",
            "translucent": false
          }
        ] 
      },
      {
        "aspects": [ "shiny" ],
        "texture": "cobblemon:textures/pokemon/0484_palkia/palkia_shiny.png",
        "layers": [
          {
            "name": "emissive",
            "emissive": true,
            "texture": "cobblemon:textures/pokemon/0484_palkia/palkia_emissive.png",
            "translucent": false
          }
        ]
      },
      {
          "aspects": [
              "origin-forme"
          ],
          "poser": "cobblemon:palkia_origin",
          "model": "cobblemon:palkia_origin.geo",
          "texture": "cobblemon:textures/pokemon/0484_palkia/palkia_origin.png",
          "layers": [
          {
            "name": "emissive",
            "emissive": true,
            "texture": "cobblemon:textures/pokemon/0484_palkia/palkia_origin_emissive.png",
            "translucent": false
          }
        ] 
      },
      {
          "aspects": [
              "origin-forme","shiny"
          ],
          "poser": "cobblemon:palkia_origin",
          "model": "cobblemon:palkia_origin.geo",
          "texture": "cobblemon:textures/pokemon/0484_palkia/palkia_origin_shiny.png",
          "layers": [
          {
            "name": "emissive",
            "emissive": true,
            "texture": "cobblemon:textures/pokemon/0484_palkia/palkia_emissive.png",
            "translucent": false
          }
        ] 
      }
    ]
  }
  